timestamp,station_id,station_name,latitude,longitude,pm25,source_type,target_provider,temperature_2m,relative_humidity_2m,wind_speed_10m,wind_direction_10m,precipitation,weather_source_type,weather_provider
2025-10-01T00:00:00+05:30,demo-centroid,Synthetic centroid demo,18.625,73.84,45.0,synthetic,deterministic demo generator,24.0,60.0,3.0,0,0,synthetic,deterministic demo generator
2025-10-01T01:00:00+05:30,demo-centroid,Synthetic centroid demo,18.625,73.84,48.11,synthetic,deterministic demo generator,25.29,56.12,3.0,0,0,synthetic,deterministic demo generator
2025-10-01T02:00:00+05:30,demo-centroid,Synthetic centroid demo,18.625,73.84,51.0,synthetic,deterministic demo generator,26.5,52.5,3.0,0,0,synthetic,deterministic demo generator
2025-10-01T03:00:00+05:30,demo-centroid,Synthetic centroid demo,18.625,73.84,53.49,synthetic,deterministic demo generator,27.54,49.39,3.0,0,0,synthetic,deterministic demo generator
2025-10-01T04:00:00+05:30,demo-centroid,Synthetic centroid demo,18.625,73.84,55.39,synthetic,deterministic demo generator,28.33,47.01,3.0,0,0,synthetic,deterministic demo generator
2025-10-01T05:00:00+05:30,demo-centroid,Synthetic centroid demo,18.625,73.84,56.59,synthetic,deterministic demo generator,28.83,45.51,3.0,0,0,synthetic,deterministic demo generator
2025-10-01T06:00:00+05:30,demo-centroid,Synthetic centroid demo,18.625,73.84,57.0,synthetic,deterministic demo generator,29.0,45.0,3.0,0,0,synthetic,deterministic demo generator
2025-10-01T07:00:00+05:30,demo-centroid,Synthetic centroid demo,18.625,73.84,56.59,synthetic,deterministic demo generator,28.83,45.51,3.0,0,0,synthetic,deterministic demo generator
2025-10-01T08:00:00+05:30,demo-centroid,Synthetic centroid demo,18.625,73.84,55.39,synthetic,deterministic demo generator,28.33,47.01,3.0,0,0,synthetic,deterministic demo generator
2025-10-01T09:00:00+05:30,demo-centroid,Synthetic centroid demo,18.625,73.84,53.49,synthetic,deterministic demo generator,27.54,49.39,3.0,0,0,synthetic,deterministic demo generator
2025-10-01T10:00:00+05:30,demo-centroid,Synthetic centroid demo,18.625,73.84,51.0,synthetic,deterministic demo generator,26.5,52.5,3.0,0,0,synthetic,deterministic demo generator
2025-10-01T11:00:00+05:30,demo-centroid,Synthetic centroid demo,18.625,73.84,48.11,synthetic,deterministic demo generator,25.29,56.12,3.0,0,0,synthetic,deterministic demo generator
2025-10-01T12:00:00+05:30,demo-centroid,Synthetic centroid demo,18.625,73.84,45.0,synthetic,deterministic demo generator,24.0,60.0,3.0,0,0,synthetic,deterministic demo generator
2025-10-01T13:00:00+05:30,demo-centroid,Synthetic centroid demo,18.625,73.84,41.89,synthetic,deterministic demo generator,22.71,63.88,3.0,0,0,synthetic,deterministic demo generator
2025-10-01T14:00:00+05:30,demo-centroid,Synthetic centroid demo,18.625,73.84,39.0,synthetic,deterministic demo generator,21.5,67.5,3.0,0,0,synthetic,deterministic demo generator
2025-10-01T15:00:00+05:30,demo-centroid,Synthetic centroid demo,18.625,73.84,36.51,synthetic,deterministic demo generator,20.46,70.61,3.0,0,1.2,synthetic,deterministic demo generator
2025-10-01T16:00:00+05:30,demo-centroid,Synthetic centroid demo,18.625,73.84,34.61,synthetic,deterministic demo generator,19.67,72.99,3.0,0,0,synthetic,deterministic demo generator
2025-10-01T17:00:00+05:30,demo-centroid,Synthetic centroid demo,18.625,73.84,33.41,synthetic,deterministic demo generator,19.17,74.49,3.0,0,0,synthetic,deterministic demo generator
2025-10-01T18:00:00+05:30,demo-centroid,Synthetic centroid demo,18.625,73.84,33.0,synthetic,deterministic demo generator,19.0,75.0,3.0,0,0,synthetic,deterministic demo generator
2025-10-01T19:00:00+05:30,demo-centroid,Synthetic centroid demo,18.625,73.84,33.41,synthetic,deterministic demo generator,19.17,74.49,3.0,0,0,synthetic,deterministic demo generator
2025-10-01T20:00:00+05:30,demo-centroid,Synthetic centroid demo,18.625,73.84,34.61,synthetic,deterministic demo generator,19.67,72.99,3.0,0,0,synthetic,deterministic demo generator
2025-10-01T21:00:00+05:30,demo-centroid,Synthetic centroid demo,18.625,73.84,36.51,synthetic,deterministic demo generator,20.46,70.61,3.0,0,0,synthetic,deterministic demo generator
2025-10-01T22:00:00+05:30,demo-centroid,Synthetic centroid demo,18.625,73.84,39.0,synthetic,deterministic demo generator,21.5,67.5,3.0,0,0,synthetic,deterministic demo generator
2025-10-01T23:00:00+05:30,demo-centroid,Synthetic centroid demo,18.625,73.84,41.89,synthetic,deterministic demo generator,22.71,63.88,3.0,0,0,synthetic,deterministic demo generator
2025-10-02T00:00:00+05:30,demo-centroid,Synthetic centroid demo,18.625,73.84,46.28,synthetic,deterministic demo generator,24.0,60.0,2.97,13,0,synthetic,deterministic demo generator
2025-10-02T01:00:00+05:30,demo-centroid,Synthetic centroid demo,18.625,73.84,49.39,synthetic,deterministic demo generator,25.29,56.12,2.97,13,0,synthetic,deterministic demo generator
2025-10-02T02:00:00+05:30,demo-centroid,Synthetic centroid demo,18.625,73.84,52.28,synthetic,deterministic demo generator,26.5,52.5,2.97,13,0,synthetic,deterministic demo generator
2025-10-02T03:00:00+05:30,demo-centroid,Synthetic centroid demo,18.625,73.84,54.77,synthetic,deterministic demo generator,27.54,49.39,2.97,13,0,synthetic,deterministic demo generator
2025-10-02T04:00:00+05:30,demo-centroid,Synthetic centroid demo,18.625,73.84,56.67,synthetic,deterministic demo generator,28.33,47.01,2.97,13,0,synthetic,deterministic demo generator
2025-10-02T05:00:00+05:30,demo-centroid,Synthetic centroid demo,18.625,73.84,57.87,synthetic,deterministic demo generator,28.83,45.51,2.97,13,0,synthetic,deterministic demo generator
2025-10-02T06:00:00+05:30,demo-centroid,Synthetic centroid demo,18.625,73.84,58.28,synthetic,deterministic demo generator,29.0,45.0,2.97,13,0,synthetic,deterministic demo generator
2025-10-02T07:00:00+05:30,demo-centroid,Synthetic centroid demo,18.625,73.84,57.87,synthetic,deterministic demo generator,28.83,45.51,2.97,13,0,synthetic,deterministic demo generator
2025-10-02T08:00:00+05:30,demo-centroid,Synthetic centroid demo,18.625,73.84,56.67,synthetic,deterministic demo generator,28.33,47.01,2.97,13,0,synthetic,deterministic demo generator
2025-10-02T09:00:00+05:30,demo-centroid,Synthetic centroid demo,18.625,73.84,54.77,synthetic,deterministic demo generator,27.54,49.39,2.97,13,0,synthetic,deterministic demo generator
2025-10-02T10:00:00+05:30,demo-centroid,Synthetic centroid demo,18.625,73.84,52.28,synthetic,deterministic demo generator,26.5,52.5,2.97,13,0,synthetic,deterministic demo generator
2025-10-02T11:00:00+05:30,demo-centroid,Synthetic centroid demo,18.625,73.84,49.39,synthetic,deterministic demo generator,25.29,56.12,2.97,13,0,synthetic,deterministic demo generator
2025-10-02T12:00:00+05:30,demo-centroid,Synthetic centroid demo,18.625,73.84,46.28,synthetic,deterministic demo generator,24.0,60.0,2.97,13,0,synthetic,deterministic demo generator
2025-10-02T13:00:00+05:30,demo-centroid,Synthetic centroid demo,18.625,73.84,43.18,synthetic,deterministic demo generator,22.71,63.88,2.97,13,0,synthetic,deterministic demo generator
2025-10-02T14:00:00+05:30,demo-centroid,Synthetic centroid demo,18.625,73.84,40.28,synthetic,deterministic demo generator,21.5,67.5,2.97,13,0,synthetic,deterministic demo generator
2025-10-02T15:00:00+05:30,demo-centroid,Synthetic centroid demo,18.625,73.84,37.8,synthetic,deterministic demo generator,20.46,70.61,2.97,13,0,synthetic,deterministic demo generator
2025-10-02T16:00:00+05:30,demo-centroid,Synthetic centroid demo,18.625,73.84,35.89,synthetic,deterministic demo generator,19.67,72.99,2.97,13,0,synthetic,deterministic demo generator
2025-10-02T17:00:00+05:30,demo-centroid,Synthetic centroid demo,18.625,73.84,34.69,synthetic,deterministic demo generator,19.17,74.49,2.97,13,0,synthetic,deterministic demo generator
2025-10-02T18:00:00+05:30,demo-centroid,Synthetic centroid demo,18.625,73.84,34.28,synthetic,deterministic demo generator,19.0,75.0,2.97,13,0,synthetic,deterministic demo generator
2025-10-02T19:00:00+05:30,demo-centroid,Synthetic centroid demo,18.625,73.84,34.69,synthetic,deterministic demo generator,19.17,74.49,2.97,13,0,synthetic,deterministic demo generator
2025-10-02T20:00:00+05:30,demo-centroid,Synthetic centroid demo,18.625,73.84,35.89,synthetic,deterministic demo generator,19.67,72.99,2.97,13,0,synthetic,deterministic demo generator
2025-10-02T21:00:00+05:30,demo-centroid,Synthetic centroid demo,18.625,73.84,37.8,synthetic,deterministic demo generator,20.46,70.61,2.97,13,0,synthetic,deterministic demo generator
2025-10-02T22:00:00+05:30,demo-centroid,Synthetic centroid demo,18.625,73.84,40.28,synthetic,deterministic demo generator,21.5,67.5,2.97,13,0,synthetic,deterministic demo generator
2025-10-02T23:00:00+05:30,demo-centroid,Synthetic centroid demo,18.625,73.84,43.18,synthetic,deterministic demo generator,22.71,63.88,2.97,13,0,synthetic,deterministic demo generator
2025-10-03T00:00:00+05:30,demo-centroid,Synthetic centroid demo,18.625,73.84,47.53,synthetic,deterministic demo generator,24.0,60.0,2.88,26,0,synthetic,deterministic demo generator
2025-10-03T01:00:00+05:30,demo-centroid,Synthetic centroid demo,18.625,73.84,50.64,synthetic,deterministic demo generator,25.29,56.12,2.88,26,0,synthetic,deterministic demo generator
2025-10-03T02:00:00+05:30,demo-centroid,Synthetic centroid demo,18.625,73.84,53.53,synthetic,deterministic demo generator,26.5,52.5,2.88,26,0,synthetic,deterministic demo generator
2025-10-03T03:00:00+05:30,demo-centroid,Synthetic centroid demo,18.625,73.84,56.02,synthetic,deterministic demo generator,27.54,49.39,2.88,26,0,synthetic,deterministic demo generator
2025-10-03T04:00:00+05:30,demo-centroid,Synthetic centroid demo,18.625,73.84,57.92,synthetic,deterministic demo generator,28.33,47.01,2.88,26,0,synthetic,deterministic demo generator
2025-10-03T05:00:00+05:30,demo-centroid,Synthetic centroid demo,18.625,73.84,59.12,synthetic,deterministic demo generator,28.83,45.51,2.88,26,0,synthetic,deterministic demo generator
2025-10-03T06:00:00+05:30,demo-centroid,Synthetic centroid demo,18.625,73.84,59.53,synthetic,deterministic demo generator,29.0,45.0,2.88,26,0,synthetic,deterministic demo generator
2025-10-03T07:00:00+05:30,demo-centroid,Synthetic centroid demo,18.625,73.84,59.12,synthetic,deterministic demo generator,28.83,45.51,2.88,26,0,synthetic,deterministic demo generator
2025-10-03T08:00:00+05:30,demo-centroid,Synthetic centroid demo,18.625,73.84,57.92,synthetic,deterministic demo generator,28.33,47.01,2.88,26,0,synthetic,deterministic demo generator
2025-10-03T09:00:00+05:30,demo-centroid,Synthetic centroid demo,18.625,73.84,56.02,synthetic,deterministic demo generator,27.54,49.39,2.88,26,0,synthetic,deterministic demo generator
2025-10-03T10:00:00+05:30,demo-centroid,Synthetic centroid demo,18.625,73.84,53.53,synthetic,deterministic demo generator,26.5,52.5,2.88,26,0,synthetic,deterministic demo generator
2025-10-03T11:00:00+05:30,demo-centroid,Synthetic centroid demo,18.625,73.84,50.64,synthetic,deterministic demo generator,25.29,56.12,2.88,26,0,synthetic,deterministic demo generator
2025-10-03T12:00:00+05:30,demo-centroid,Synthetic centroid demo,18.625,73.84,47.53,synthetic,deterministic demo generator,24.0,60.0,2.88,26,0,synthetic,deterministic demo generator
2025-10-03T13:00:00+05:30,demo-centroid,Synthetic centroid demo,18.625,73.84,44.42,synthetic,deterministic demo generator,22.71,63.88,2.88,26,0,synthetic,deterministic demo generator
2025-10-03T14:00:00+05:30,demo-centroid,Synthetic centroid demo,18.625,73.84,41.53,synthetic,deterministic demo generator,21.5,67.5,2.88,26,0,synthetic,deterministic demo generator
2025-10-03T15:00:00+05:30,demo-centroid,Synthetic centroid demo,18.625,73.84,39.05,synthetic,deterministic demo generator,20.46,70.61,2.88,26,0,synthetic,deterministic demo generator
2025-10-03T16:00:00+05:30,demo-centroid,Synthetic centroid demo,18.625,73.84,37.14,synthetic,deterministic demo generator,19.67,72.99,2.88,26,0,synthetic,deterministic demo generator
2025-10-03T17:00:00+05:30,demo-centroid,Synthetic centroid demo,18.625,73.84,35.94,synthetic,deterministic demo generator,19.17,74.49,2.88,26,0,synthetic,deterministic demo generator
2025-10-03T18:00:00+05:30,demo-centroid,Synthetic centroid demo,18.625,73.84,35.53,synthetic,deterministic demo generator,19.0,75.0,2.88,26,0,synthetic,deterministic demo generator
2025-10-03T19:00:00+05:30,demo-centroid,Synthetic centroid demo,18.625,73.84,35.94,synthetic,deterministic demo generator,19.17,74.49,2.88,26,0,synthetic,deterministic demo generator
2025-10-03T20:00:00+05:30,demo-centroid,Synthetic centroid demo,18.625,73.84,37.14,synthetic,deterministic demo generator,19.67,72.99,2.88,26,0,synthetic,deterministic demo generator
2025-10-03T21:00:00+05:30,demo-centroid,Synthetic centroid demo,18.625,73.84,39.05,synthetic,deterministic demo generator,20.46,70.61,2.88,26,0,synthetic,deterministic demo generator
2025-10-03T22:00:00+05:30,demo-centroid,Synthetic centroid demo,18.625,73.84,41.53,synthetic,deterministic demo generator,21.5,67.5,2.88,26,0,synthetic,deterministic demo generator
2025-10-03T23:00:00+05:30,demo-centroid,Synthetic centroid demo,18.625,73.84,44.42,synthetic,deterministic demo generator,22.71,63.88,2.88,26,0,synthetic,deterministic demo generator
2025-10-04T00:00:00+05:30,demo-centroid,Synthetic centroid demo,18.625,73.84,48.72,synthetic,deterministic demo generator,24.0,60.0,2.73,39,0,synthetic,deterministic demo generator
2025-10-04T01:00:00+05:30,demo-centroid,Synthetic centroid demo,18.625,73.84,51.82,synthetic,deterministic demo generator,25.29,56.12,2.73,39,0,synthetic,deterministic demo generator
2025-10-04T02:00:00+05:30,demo-centroid,Synthetic centroid demo,18.625,73.84,54.72,synthetic,deterministic demo generator,26.5,52.5,2.73,39,0,synthetic,deterministic demo generator
2025-10-04T03:00:00+05:30,demo-centroid,Synthetic centroid demo,18.625,73.84,57.2,synthetic,deterministic demo generator,27.54,49.39,2.73,39,0,synthetic,deterministic demo generator
2025-10-04T04:00:00+05:30,demo-centroid,Synthetic centroid demo,18.625,73.84,59.11,synthetic,deterministic demo generator,28.33,47.01,2.73,39,0,synthetic,deterministic demo generator
2025-10-04T05:00:00+05:30,demo-centroid,Synthetic centroid demo,18.625,73.84,60.31,synthetic,deterministic demo generator,28.83,45.51,2.73,39,0,synthetic,deterministic demo generator
2025-10-04T06:00:00+05:30,demo-centroid,Synthetic centroid demo,18.625,73.84,60.72,synthetic,deterministic demo generator,29.0,45.0,2.73,39,0,synthetic,deterministic demo generator
2025-10-04T07:00:00+05:30,demo-centroid,Synthetic centroid demo,18.625,73.84,60.31,synthetic,deterministic demo generator,28.83,45.51,2.73,39,0,synthetic,deterministic demo generator
2025-10-04T08:00:00+05:30,demo-centroid,Synthetic centroid demo,18.625,73.84,59.11,synthetic,deterministic demo generator,28.33,47.01,2.73,39,0,synthetic,deterministic demo generator
2025-10-04T09:00:00+05:30,demo-centroid,Synthetic centroid demo,18.625,73.84,57.2,synthetic,deterministic demo generator,27.54,49.39,2.73,39,0,synthetic,deterministic demo generator
2025-10-04T10:00:00+05:30,demo-centroid,Synthetic centroid demo,18.625,73.84,54.72,synthetic,deterministic demo generator,26.5,52.5,2.73,39,0,synthetic,deterministic demo generator
2025-10-04T11:00:00+05:30,demo-centroid,Synthetic centroid demo,18.625,73.84,51.82,synthetic,deterministic demo generator,25.29,56.12,2.73,39,0,synthetic,deterministic demo generator
2025-10-04T12:00:00+05:30,demo-centroid,Synthetic centroid demo,18.625,73.84,48.72,synthetic,deterministic demo generator,24.0,60.0,2.73,39,0,synthetic,deterministic demo generator
2025-10-04T13:00:00+05:30,demo-centroid,Synthetic centroid demo,18.625,73.84,45.61,synthetic,deterministic demo generator,22.71,63.88,2.73,39,0,synthetic,deterministic demo generator
2025-10-04T14:00:00+05:30,demo-centroid,Synthetic centroid demo,18.625,73.84,42.72,synthetic,deterministic demo generator,21.5,67.5,2.73,39,0,synthetic,deterministic demo generator
2025-10-04T15:00:00+05:30,demo-centroid,Synthetic centroid demo,18.625,73.84,40.23,synthetic,deterministic demo generator,20.46,70.61,2.73,39,0,synthetic,deterministic demo generator
2025-10-04T16:00:00+05:30,demo-centroid,Synthetic centroid demo,18.625,73.84,38.32,synthetic,deterministic demo generator,19.67,72.99,2.73,39,0,synthetic,deterministic demo generator
2025-10-04T17:00:00+05:30,demo-centroid,Synthetic centroid demo,18.625,73.84,37.12,synthetic,deterministic demo generator,19.17,74.49,2.73,39,0,synthetic,deterministic demo generator
2025-10-04T18:00:00+05:30,demo-centroid,Synthetic centroid demo,18.625,73.84,36.72,synthetic,deterministic demo generator,19.0,75.0,2.73,39,0,synthetic,deterministic demo generator
2025-10-04T19:00:00+05:30,demo-centroid,Synthetic centroid demo,18.625,73.84,37.12,synthetic,deterministic demo generator,19.17,74.49,2.73,39,0,synthetic,deterministic demo generator
2025-10-04T20:00:00+05:30,demo-centroid,Synthetic centroid demo,18.625,73.84,38.32,synthetic,deterministic demo generator,19.67,72.99,2.73,39,0,synthetic,deterministic demo generator
2025-10-04T21:00:00+05:30,demo-centroid,Synthetic centroid demo,18.625,73.84,40.23,synthetic,deterministic demo generator,20.46,70.61,2.73,39,0,synthetic,deterministic demo generator
2025-10-04T22:00:00+05:30,demo-centroid,Synthetic centroid demo,18.625,73.84,42.72,synthetic,deterministic demo generator,21.5,67.5,2.73,39,0,synthetic,deterministic demo generator
2025-10-04T23:00:00+05:30,demo-centroid,Synthetic centroid demo,18.625,73.84,45.61,synthetic,deterministic demo generator,22.71,63.88,2.73,39,0,synthetic,deterministic demo generator
2025-10-05T00:00:00+05:30,demo-centroid,Synthetic centroid demo,18.625,73.84,49.81,synthetic,deterministic demo generator,24.0,60.0,2.54,52,0,synthetic,deterministic demo generator
2025-10-05T01:00:00+05:30,demo-centroid,Synthetic centroid demo,18.625,73.84,52.91,synthetic,deterministic demo generator,25.29,56.12,2.54,52,0,synthetic,deterministic demo generator
2025-10-05T02:00:00+05:30,demo-centroid,Synthetic centroid demo,18.625,73.84,55.81,synthetic,deterministic demo generator,26.5,52.5,2.54,52,0,synthetic,deterministic demo generator
2025-10-05T03:00:00+05:30,demo-centroid,Synthetic centroid demo,18.625,73.84,58.29,synthetic,deterministic demo generator,27.54,49.39,2.54,52,0,synthetic,deterministic demo generator
2025-10-05T04:00:00+05:30,demo-centroid,Synthetic centroid demo,18.625,73.84,60.2,synthetic,deterministic demo generator,28.33,47.01,2.54,52,0,synthetic,deterministic demo generator
2025-10-05T05:00:00+05:30,demo-centroid,Synthetic centroid demo,18.625,73.84,61.4,synthetic,deterministic demo generator,28.83,45.51,2.54,52,0,synthetic,deterministic demo generator
2025-10-05T06:00:00+05:30,demo-centroid,Synthetic centroid demo,18.625,73.84,61.81,synthetic,deterministic demo generator,29.0,45.0,2.54,52,0,synthetic,deterministic demo generator
2025-10-05T07:00:00+05:30,demo-centroid,Synthetic centroid demo,18.625,73.84,61.4,synthetic,deterministic demo generator,28.83,45.51,2.54,52,0,synthetic,deterministic demo generator
2025-10-05T08:00:00+05:30,demo-centroid,Synthetic centroid demo,18.625,73.84,60.2,synthetic,deterministic demo generator,28.33,47.01,2.54,52,0,synthetic,deterministic demo generator
2025-10-05T09:00:00+05:30,demo-centroid,Synthetic centroid demo,18.625,73.84,58.29,synthetic,deterministic demo generator,27.54,49.39,2.54,52,0,synthetic,deterministic demo generator
2025-10-05T10:00:00+05:30,demo-centroid,Synthetic centroid demo,18.625,73.84,55.81,synthetic,deterministic demo generator,26.5,52.5,2.54,52,0,synthetic,deterministic demo generator
2025-10-05T11:00:00+05:30,demo-centroid,Synthetic centroid demo,18.625,73.84,52.91,synthetic,deterministic demo generator,25.29,56.12,2.54,52,0,synthetic,deterministic demo generator
2025-10-05T12:00:00+05:30,demo-centroid,Synthetic centroid demo,18.625,73.84,49.81,synthetic,deterministic demo generator,24.0,60.0,2.54,52,0,synthetic,deterministic demo generator
2025-10-05T13:00:00+05:30,demo-centroid,Synthetic centroid demo,18.625,73.84,46.7,synthetic,deterministic demo generator,22.71,63.88,2.54,52,0,synthetic,deterministic demo generator
2025-10-05T14:00:00+05:30,demo-centroid,Synthetic centroid demo,18.625,73.84,43.81,synthetic,deterministic demo generator,21.5,67.5,2.54,52,0,synthetic,deterministic demo generator
2025-10-05T15:00:00+05:30,demo-centroid,Synthetic centroid demo,18.625,73.84,41.32,synthetic,deterministic demo generator,20.46,70.61,2.54,52,0,synthetic,deterministic demo generator
2025-10-05T16:00:00+05:30,demo-centroid,Synthetic centroid demo,18.625,73.84,39.42,synthetic,deterministic demo generator,19.67,72.99,2.54,52,0,synthetic,deterministic demo generator
2025-10-05T17:00:00+05:30,demo-centroid,Synthetic centroid demo,18.625,73.84,38.22,synthetic,deterministic demo generator,19.17,74.49,2.54,52,0,synthetic,deterministic demo generator
2025-10-05T18:00:00+05:30,demo-centroid,Synthetic centroid demo,18.625,73.84,37.81,synthetic,deterministic demo generator,19.0,75.0,2.54,52,0,synthetic,deterministic demo generator
2025-10-05T19:00:00+05:30,demo-centroid,Synthetic centroid demo,18.625,73.84,38.22,synthetic,deterministic demo generator,19.17,74.49,2.54,52,0,synthetic,deterministic demo generator
2025-10-05T20:00:00+05:30,demo-centroid,Synthetic centroid demo,18.625,73.84,39.42,synthetic,deterministic demo generator,19.67,72.99,2.54,52,0,synthetic,deterministic demo generator
2025-10-05T21:00:00+05:30,demo-centroid,Synthetic centroid demo,18.625,73.84,41.32,synthetic,deterministic demo generator,20.46,70.61,2.54,52,0,synthetic,deterministic demo generator
2025-10-05T22:00:00+05:30,demo-centroid,Synthetic centroid demo,18.625,73.84,43.81,synthetic,deterministic demo generator,21.5,67.5,2.54,52,0,synthetic,deterministic demo generator
2025-10-05T23:00:00+05:30,demo-centroid,Synthetic centroid demo,18.625,73.84,46.7,synthetic,deterministic demo generator,22.71,63.88,2.54,52,0,synthetic,deterministic demo generator
2025-10-06T00:00:00+05:30,demo-centroid,Synthetic centroid demo,18.625,73.84,50.78,synthetic,deterministic demo generator,24.0,60.0,2.32,65,0,synthetic,deterministic demo generator
2025-10-06T01:00:00+05:30,demo-centroid,Synthetic centroid demo,18.625,73.84,53.89,synthetic,deterministic demo generator,25.29,56.12,2.32,65,0,synthetic,deterministic demo generator
2025-10-06T02:00:00+05:30,demo-centroid,Synthetic centroid demo,18.625,73.84,56.78,synthetic,deterministic demo generator,26.5,52.5,2.32,65,0,synthetic,deterministic demo generator
2025-10-06T03:00:00+05:30,demo-centroid,Synthetic centroid demo,18.625,73.84,59.27,synthetic,deterministic demo generator,27.54,49.39,2.32,65,0,synthetic,deterministic demo generator
2025-10-06T04:00:00+05:30,demo-centroid,Synthetic centroid demo,18.625,73.84,61.17,synthetic,deterministic demo generator,28.33,47.01,2.32,65,0,synthetic,deterministic demo generator
2025-10-06T05:00:00+05:30,demo-centroid,Synthetic centroid demo,18.625,73.84,62.37,synthetic,deterministic demo generator,28.83,45.51,2.32,65,0,synthetic,deterministic demo generator
2025-10-06T06:00:00+05:30,demo-centroid,Synthetic centroid demo,18.625,73.84,62.78,synthetic,deterministic demo generator,29.0,45.0,2.32,65,0,synthetic,deterministic demo generator
2025-10-06T07:00:00+05:30,demo-centroid,Synthetic centroid demo,18.625,73.84,62.37,synthetic,deterministic demo generator,28.83,45.51,2.32,65,0,synthetic,deterministic demo generator
2025-10-06T08:00:00+05:30,demo-centroid,Synthetic centroid demo,18.625,73.84,61.17,synthetic,deterministic demo generator,28.33,47.01,2.32,65,0,synthetic,deterministic demo generator
2025-10-06T09:00:00+05:30,demo-centroid,Synthetic centroid demo,18.625,73.84,59.27,synthetic,deterministic demo generator,27.54,49.39,2.32,65,0,synthetic,deterministic demo generator
2025-10-06T10:00:00+05:30,demo-centroid,Synthetic centroid demo,18.625,73.84,56.78,synthetic,deterministic demo generator,26.5,52.5,2.32,65,0,synthetic,deterministic demo generator
2025-10-06T11:00:00+05:30,demo-centroid,Synthetic centroid demo,18.625,73.84,53.89,synthetic,deterministic demo generator,25.29,56.12,2.32,65,0,synthetic,deterministic demo generator
2025-10-06T12:00:00+05:30,demo-centroid,Synthetic centroid demo,18.625,73.84,50.78,synthetic,deterministic demo generator,24.0,60.0,2.32,65,0,synthetic,deterministic demo generator
2025-10-06T13:00:00+05:30,demo-centroid,Synthetic centroid demo,18.625,73.84,47.68,synthetic,deterministic demo generator,22.71,63.88,2.32,65,0,synthetic,deterministic demo generator
2025-10-06T14:00:00+05:30,demo-centroid,Synthetic centroid demo,18.625,73.84,44.78,synthetic,deterministic demo generator,21.5,67.5,2.32,65,0,synthetic,deterministic demo generator
2025-10-06T15:00:00+05:30,demo-centroid,Synthetic centroid demo,18.625,73.84,42.3,synthetic,deterministic demo generator,20.46,70.61,2.32,65,0,synthetic,deterministic demo generator
2025-10-06T16:00:00+05:30,demo-centroid,Synthetic centroid demo,18.625,73.84,40.39,synthetic,deterministic demo generator,19.67,72.99,2.32,65,0,synthetic,deterministic demo generator
2025-10-06T17:00:00+05:30,demo-centroid,Synthetic centroid demo,18.625,73.84,39.19,synthetic,deterministic demo generator,19.17,74.49,2.32,65,0,synthetic,deterministic demo generator
2025-10-06T18:00:00+05:30,demo-centroid,Synthetic centroid demo,18.625,73.84,38.78,synthetic,deterministic demo generator,19.0,75.0,2.32,65,0,synthetic,deterministic demo generator
2025-10-06T19:00:00+05:30,demo-centroid,Synthetic centroid demo,18.625,73.84,39.19,synthetic,deterministic demo generator,19.17,74.49,2.32,65,0,synthetic,deterministic demo generator
2025-10-06T20:00:00+05:30,demo-centroid,Synthetic centroid demo,18.625,73.84,40.39,synthetic,deterministic demo generator,19.67,72.99,2.32,65,0,synthetic,deterministic demo generator
2025-10-06T21:00:00+05:30,demo-centroid,Synthetic centroid demo,18.625,73.84,42.3,synthetic,deterministic demo generator,20.46,70.61,2.32,65,0,synthetic,deterministic demo generator
2025-10-06T22:00:00+05:30,demo-centroid,Synthetic centroid demo,18.625,73.84,44.78,synthetic,deterministic demo generator,21.5,67.5,2.32,65,0,synthetic,deterministic demo generator
2025-10-06T23:00:00+05:30,demo-centroid,Synthetic centroid demo,18.625,73.84,47.68,synthetic,deterministic demo generator,22.71,63.88,2.32,65,0,synthetic,deterministic demo generator
2025-10-07T00:00:00+05:30,demo-centroid,Synthetic centroid demo,18.625,73.84,51.61,synthetic,deterministic demo generator,24.0,60.0,2.07,78,0,synthetic,deterministic demo generator
2025-10-07T01:00:00+05:30,demo-centroid,Synthetic centroid demo,18.625,73.84,54.72,synthetic,deterministic demo generator,25.29,56.12,2.07,78,0,synthetic,deterministic demo generator
2025-10-07T02:00:00+05:30,demo-centroid,Synthetic centroid demo,18.625,73.84,57.61,synthetic,deterministic demo generator,26.5,52.5,2.07,78,0,synthetic,deterministic demo generator
2025-10-07T03:00:00+05:30,demo-centroid,Synthetic centroid demo,18.625,73.84,60.1,synthetic,deterministic demo generator,27.54,49.39,2.07,78,0,synthetic,deterministic demo generator
2025-10-07T04:00:00+05:30,demo-centroid,Synthetic centroid demo,18.625,73.84,62.0,synthetic,deterministic demo generator,28.33,47.01,2.07,78,0,synthetic,deterministic demo generator
2025-10-07T05:00:00+05:30,demo-centroid,Synthetic centroid demo,18.625,73.84,63.2,synthetic,deterministic demo generator,28.83,45.51,2.07,78,0,synthetic,deterministic demo generator
2025-10-07T06:00:00+05:30,demo-centroid,Synthetic centroid demo,18.625,73.84,63.61,synthetic,deterministic demo generator,29.0,45.0,2.07,78,0,synthetic,deterministic demo generator
2025-10-07T07:00:00+05:30,demo-centroid,Synthetic centroid demo,18.625,73.84,63.2,synthetic,deterministic demo generator,28.83,45.51,2.07,78,0,synthetic,deterministic demo generator
2025-10-07T08:00:00+05:30,demo-centroid,Synthetic centroid demo,18.625,73.84,62.0,synthetic,deterministic demo generator,28.33,47.01,2.07,78,0,synthetic,deterministic demo generator
2025-10-07T09:00:00+05:30,demo-centroid,Synthetic centroid demo,18.625,73.84,60.1,synthetic,deterministic demo generator,27.54,49.39,2.07,78,0,synthetic,deterministic demo generator
2025-10-07T10:00:00+05:30,demo-centroid,Synthetic centroid demo,18.625,73.84,57.61,synthetic,deterministic demo generator,26.5,52.5,2.07,78,0,synthetic,deterministic demo generator
2025-10-07T11:00:00+05:30,demo-centroid,Synthetic centroid demo,18.625,73.84,54.72,synthetic,deterministic demo generator,25.29,56.12,2.07,78,0,synthetic,deterministic demo generator
2025-10-07T12:00:00+05:30,demo-centroid,Synthetic centroid demo,18.625,73.84,51.61,synthetic,deterministic demo generator,24.0,60.0,2.07,78,0,synthetic,deterministic demo generator
2025-10-07T13:00:00+05:30,demo-centroid,Synthetic centroid demo,18.625,73.84,48.5,synthetic,deterministic demo generator,22.71,63.88,2.07,78,0,synthetic,deterministic demo generator
2025-10-07T14:00:00+05:30,demo-centroid,Synthetic centroid demo,18.625,73.84,45.61,synthetic,deterministic demo generator,21.5,67.5,2.07,78,0,synthetic,deterministic demo generator
2025-10-07T15:00:00+05:30,demo-centroid,Synthetic centroid demo,18.625,73.84,43.13,synthetic,deterministic demo generator,20.46,70.61,2.07,78,0,synthetic,deterministic demo generator
2025-10-07T16:00:00+05:30,demo-centroid,Synthetic centroid demo,18.625,73.84,41.22,synthetic,deterministic demo generator,19.67,72.99,2.07,78,0,synthetic,deterministic demo generator
2025-10-07T17:00:00+05:30,demo-centroid,Synthetic centroid demo,18.625,73.84,40.02,synthetic,deterministic demo generator,19.17,74.49,2.07,78,0,synthetic,deterministic demo generator
2025-10-07T18:00:00+05:30,demo-centroid,Synthetic centroid demo,18.625,73.84,39.61,synthetic,deterministic demo generator,19.0,75.0,2.07,78,0,synthetic,deterministic demo generator
2025-10-07T19:00:00+05:30,demo-centroid,Synthetic centroid demo,18.625,73.84,40.02,synthetic,deterministic demo generator,19.17,74.49,2.07,78,0,synthetic,deterministic demo generator
2025-10-07T20:00:00+05:30,demo-centroid,Synthetic centroid demo,18.625,73.84,41.22,synthetic,deterministic demo generator,19.67,72.99,2.07,78,0,synthetic,deterministic demo generator
2025-10-07T21:00:00+05:30,demo-centroid,Synthetic centroid demo,18.625,73.84,43.13,synthetic,deterministic demo generator,20.46,70.61,2.07,78,0,synthetic,deterministic demo generator
2025-10-07T22:00:00+05:30,demo-centroid,Synthetic centroid demo,18.625,73.84,45.61,synthetic,deterministic demo generator,21.5,67.5,2.07,78,0,synthetic,deterministic demo generator
2025-10-07T23:00:00+05:30,demo-centroid,Synthetic centroid demo,18.625,73.84,48.5,synthetic,deterministic demo generator,22.71,63.88,2.07,78,0,synthetic,deterministic demo generator
2025-10-08T00:00:00+05:30,demo-centroid,Synthetic centroid demo,18.625,73.84,52.28,synthetic,deterministic demo generator,24.0,60.0,1.82,91,0,synthetic,deterministic demo generator
2025-10-08T01:00:00+05:30,demo-centroid,Synthetic centroid demo,18.625,73.84,55.38,synthetic,deterministic demo generator,25.29,56.12,1.82,91,0,synthetic,deterministic demo generator
2025-10-08T02:00:00+05:30,demo-centroid,Synthetic centroid demo,18.625,73.84,58.28,synthetic,deterministic demo generator,26.5,52.5,1.82,91,0,synthetic,deterministic demo generator
2025-10-08T03:00:00+05:30,demo-centroid,Synthetic centroid demo,18.625,73.84,60.76,synthetic,deterministic demo generator,27.54,49.39,1.82,91,0,synthetic,deterministic demo generator
2025-10-08T04:00:00+05:30,demo-centroid,Synthetic centroid demo,18.625,73.84,62.67,synthetic,deterministic demo generator,28.33,47.01,1.82,91,0,synthetic,deterministic demo generator
2025-10-08T05:00:00+05:30,demo-centroid,Synthetic centroid demo,18.625,73.84,63.87,synthetic,deterministic demo generator,28.83,45.51,1.82,91,0,synthetic,deterministic demo generator
2025-10-08T06:00:00+05:30,demo-centroid,Synthetic centroid demo,18.625,73.84,64.28,synthetic,deterministic demo generator,29.0,45.0,1.82,91,0,synthetic,deterministic demo generator
2025-10-08T07:00:00+05:30,demo-centroid,Synthetic centroid demo,18.625,73.84,63.87,synthetic,deterministic demo generator,28.83,45.51,1.82,91,0,synthetic,deterministic demo generator
2025-10-08T08:00:00+05:30,demo-centroid,Synthetic centroid demo,18.625,73.84,62.67,synthetic,deterministic demo generator,28.33,47.01,1.82,91,0,synthetic,deterministic demo generator
2025-10-08T09:00:00+05:30,demo-centroid,Synthetic centroid demo,18.625,73.84,60.76,synthetic,deterministic demo generator,27.54,49.39,1.82,91,0,synthetic,deterministic demo generator
2025-10-08T10:00:00+05:30,demo-centroid,Synthetic centroid demo,18.625,73.84,58.28,synthetic,deterministic demo generator,26.5,52.5,1.82,91,0,synthetic,deterministic demo generator
2025-10-08T11:00:00+05:30,demo-centroid,Synthetic centroid demo,18.625,73.84,55.38,synthetic,deterministic demo generator,25.29,56.12,1.82,91,0,synthetic,deterministic demo generator
2025-10-08T12:00:00+05:30,demo-centroid,Synthetic centroid demo,18.625,73.84,52.28,synthetic,deterministic demo generator,24.0,60.0,1.82,91,0,synthetic,deterministic demo generator
2025-10-08T13:00:00+05:30,demo-centroid,Synthetic centroid demo,18.625,73.84,49.17,synthetic,deterministic demo generator,22.71,63.88,1.82,91,0,synthetic,deterministic demo generator
2025-10-08T14:00:00+05:30,demo-centroid,Synthetic centroid demo,18.625,73.84,46.28,synthetic,deterministic demo generator,21.5,67.5,1.82,91,0,synthetic,deterministic demo generator
2025-10-08T15:00:00+05:30,demo-centroid,Synthetic centroid demo,18.625,73.84,43.79,synthetic,deterministic demo generator,20.46,70.61,1.82,91,0,synthetic,deterministic demo generator
2025-10-08T16:00:00+05:30,demo-centroid,Synthetic centroid demo,18.625,73.84,41.88,synthetic,deterministic demo generator,19.67,72.99,1.82,91,0,synthetic,deterministic demo generator
2025-10-08T17:00:00+05:30,demo-centroid,Synthetic centroid demo,18.625,73.84,40.69,synthetic,deterministic demo generator,19.17,74.49,1.82,91,0,synthetic,deterministic demo generator
2025-10-08T18:00:00+05:30,demo-centroid,Synthetic centroid demo,18.625,73.84,40.28,synthetic,deterministic demo generator,19.0,75.0,1.82,91,0,synthetic,deterministic demo generator
2025-10-08T19:00:00+05:30,demo-centroid,Synthetic centroid demo,18.625,73.84,40.69,synthetic,deterministic demo generator,19.17,74.49,1.82,91,0,synthetic,deterministic demo generator
2025-10-08T20:00:00+05:30,demo-centroid,Synthetic centroid demo,18.625,73.84,41.88,synthetic,deterministic demo generator,19.67,72.99,1.82,91,0,synthetic,deterministic demo generator
2025-10-08T21:00:00+05:30,demo-centroid,Synthetic centroid demo,18.625,73.84,43.79,synthetic,deterministic demo generator,20.46,70.61,1.82,91,0,synthetic,deterministic demo generator
2025-10-08T22:00:00+05:30,demo-centroid,Synthetic centroid demo,18.625,73.84,46.28,synthetic,deterministic demo generator,21.5,67.5,1.82,91,0,synthetic,deterministic demo generator
2025-10-08T23:00:00+05:30,demo-centroid,Synthetic centroid demo,18.625,73.84,49.17,synthetic,deterministic demo generator,22.71,63.88,1.82,91,0,synthetic,deterministic demo generator
2025-10-09T00:00:00+05:30,demo-centroid,Synthetic centroid demo,18.625,73.84,52.76,synthetic,deterministic demo generator,24.0,60.0,1.58,104,0,synthetic,deterministic demo generator
2025-10-09T01:00:00+05:30,demo-centroid,Synthetic centroid demo,18.625,73.84,55.87,synthetic,deterministic demo generator,25.29,56.12,1.58,104,0,synthetic,deterministic demo generator
2025-10-09T02:00:00+05:30,demo-centroid,Synthetic centroid demo,18.625,73.84,58.76,synthetic,deterministic demo generator,26.5,52.5,1.58,104,0,synthetic,deterministic demo generator
2025-10-09T03:00:00+05:30,demo-centroid,Synthetic centroid demo,18.625,73.84,61.25,synthetic,deterministic demo generator,27.54,49.39,1.58,104,0,synthetic,deterministic demo generator
2025-10-09T04:00:00+05:30,demo-centroid,Synthetic centroid demo,18.625,73.84,63.16,synthetic,deterministic demo generator,28.33,47.01,1.58,104,0,synthetic,deterministic demo generator
2025-10-09T05:00:00+05:30,demo-centroid,Synthetic centroid demo,18.625,73.84,64.35,synthetic,deterministic demo generator,28.83,45.51,1.58,104,0,synthetic,deterministic demo generator
2025-10-09T06:00:00+05:30,demo-centroid,Synthetic centroid demo,18.625,73.84,64.76,synthetic,deterministic demo generator,29.0,45.0,1.58,104,0,synthetic,deterministic demo generator
2025-10-09T07:00:00+05:30,demo-centroid,Synthetic centroid demo,18.625,73.84,64.35,synthetic,deterministic demo generator,28.83,45.51,1.58,104,0,synthetic,deterministic demo generator
2025-10-09T08:00:00+05:30,demo-centroid,Synthetic centroid demo,18.625,73.84,63.16,synthetic,deterministic demo generator,28.33,47.01,1.58,104,0,synthetic,deterministic demo generator
2025-10-09T09:00:00+05:30,demo-centroid,Synthetic centroid demo,18.625,73.84,61.25,synthetic,deterministic demo generator,27.54,49.39,1.58,104,0,synthetic,deterministic demo generator
2025-10-09T10:00:00+05:30,demo-centroid,Synthetic centroid demo,18.625,73.84,58.76,synthetic,deterministic demo generator,26.5,52.5,1.58,104,0,synthetic,deterministic demo generator
2025-10-09T11:00:00+05:30,demo-centroid,Synthetic centroid demo,18.625,73.84,55.87,synthetic,deterministic demo generator,25.29,56.12,1.58,104,0,synthetic,deterministic demo generator
2025-10-09T12:00:00+05:30,demo-centroid,Synthetic centroid demo,18.625,73.84,52.76,synthetic,deterministic demo generator,24.0,60.0,1.58,104,0,synthetic,deterministic demo generator
2025-10-09T13:00:00+05:30,demo-centroid,Synthetic centroid demo,18.625,73.84,49.66,synthetic,deterministic demo generator,22.71,63.88,1.58,104,0,synthetic,deterministic demo generator
2025-10-09T14:00:00+05:30,demo-centroid,Synthetic centroid demo,18.625,73.84,46.76,synthetic,deterministic demo generator,21.5,67.5,1.58,104,0,synthetic,deterministic demo generator
2025-10-09T15:00:00+05:30,demo-centroid,Synthetic centroid demo,18.625,73.84,44.28,synthetic,deterministic demo generator,20.46,70.61,1.58,104,0,synthetic,deterministic demo generator
2025-10-09T16:00:00+05:30,demo-centroid,Synthetic centroid demo,18.625,73.84,42.37,synthetic,deterministic demo generator,19.67,72.99,1.58,104,0,synthetic,deterministic demo generator
2025-10-09T17:00:00+05:30,demo-centroid,Synthetic centroid demo,18.625,73.84,41.17,synthetic,deterministic demo generator,19.17,74.49,1.58,104,0,synthetic,deterministic demo generator
2025-10-09T18:00:00+05:30,demo-centroid,Synthetic centroid demo,18.625,73.84,40.76,synthetic,deterministic demo generator,19.0,75.0,1.58,104,0,synthetic,deterministic demo generator
2025-10-09T19:00:00+05:30,demo-centroid,Synthetic centroid demo,18.625,73.84,41.17,synthetic,deterministic demo generator,19.17,74.49,1.58,104,0,synthetic,deterministic demo generator
2025-10-09T20:00:00+05:30,demo-centroid,Synthetic centroid demo,18.625,73.84,42.37,synthetic,deterministic demo generator,19.67,72.99,1.58,104,0,synthetic,deterministic demo generator
2025-10-09T21:00:00+05:30,demo-centroid,Synthetic centroid demo,18.625,73.84,44.28,synthetic,deterministic demo generator,20.46,70.61,1.58,104,0,synthetic,deterministic demo generator
2025-10-09T22:00:00+05:30,demo-centroid,Synthetic centroid demo,18.625,73.84,46.76,synthetic,deterministic demo generator,21.5,67.5,1.58,104,0,synthetic,deterministic demo generator
2025-10-09T23:00:00+05:30,demo-centroid,Synthetic centroid demo,18.625,73.84,49.66,synthetic,deterministic demo generator,22.71,63.88,1.58,104,0,synthetic,deterministic demo generator
2025-10-10T00:00:00+05:30,demo-centroid,Synthetic centroid demo,18.625,73.84,53.06,synthetic,deterministic demo generator,24.0,60.0,1.37,117,0,synthetic,deterministic demo generator
2025-10-10T01:00:00+05:30,demo-centroid,Synthetic centroid demo,18.625,73.84,56.17,synthetic,deterministic demo generator,25.29,56.12,1.37,117,0,synthetic,deterministic demo generator
2025-10-10T02:00:00+05:30,demo-centroid,Synthetic centroid demo,18.625,73.84,59.06,synthetic,deterministic demo generator,26.5,52.5,1.37,117,0,synthetic,deterministic demo generator
2025-10-10T03:00:00+05:30,demo-centroid,Synthetic centroid demo,18.625,73.84,61.55,synthetic,deterministic demo generator,27.54,49.39,1.37,117,0,synthetic,deterministic demo generator
2025-10-10T04:00:00+05:30,demo-centroid,Synthetic centroid demo,18.625,73.84,63.45,synthetic,deterministic demo generator,28.33,47.01,1.37,117,0,synthetic,deterministic demo generator
2025-10-10T05:00:00+05:30,demo-centroid,Synthetic centroid demo,18.625,73.84,64.65,synthetic,deterministic demo generator,28.83,45.51,1.37,117,0,synthetic,deterministic demo generator
2025-10-10T06:00:00+05:30,demo-centroid,Synthetic centroid demo,18.625,73.84,65.06,synthetic,deterministic demo generator,29.0,45.0,1.37,117,0,synthetic,deterministic demo generator
2025-10-10T07:00:00+05:30,demo-centroid,Synthetic centroid demo,18.625,73.84,64.65,synthetic,deterministic demo generator,28.83,45.51,1.37,117,0,synthetic,deterministic demo generator
2025-10-10T08:00:00+05:30,demo-centroid,Synthetic centroid demo,18.625,73.84,63.45,synthetic,deterministic demo generator,28.33,47.01,1.37,117,0,synthetic,deterministic demo generator
2025-10-10T09:00:00+05:30,demo-centroid,Synthetic centroid demo,18.625,73.84,61.55,synthetic,deterministic demo generator,27.54,49.39,1.37,117,0,synthetic,deterministic demo generator
2025-10-10T10:00:00+05:30,demo-centroid,Synthetic centroid demo,18.625,73.84,59.06,synthetic,deterministic demo generator,26.5,52.5,1.37,117,0,synthetic,deterministic demo generator
2025-10-10T11:00:00+05:30,demo-centroid,Synthetic centroid demo,18.625,73.84,56.17,synthetic,deterministic demo generator,25.29,56.12,1.37,117,0,synthetic,deterministic demo generator
2025-10-10T12:00:00+05:30,demo-centroid,Synthetic centroid demo,18.625,73.84,53.06,synthetic,deterministic demo generator,24.0,60.0,1.37,117,0,synthetic,deterministic demo generator
2025-10-10T13:00:00+05:30,demo-centroid,Synthetic centroid demo,18.625,73.84,49.96,synthetic,deterministic demo generator,22.71,63.88,1.37,117,0,synthetic,deterministic demo generator
2025-10-10T14:00:00+05:30,demo-centroid,Synthetic centroid demo,18.625,73.84,47.06,synthetic,deterministic demo generator,21.5,67.5,1.37,117,0,synthetic,deterministic demo generator
2025-10-10T15:00:00+05:30,demo-centroid,Synthetic centroid demo,18.625,73.84,44.58,synthetic,deterministic demo generator,20.46,70.61,1.37,117,0,synthetic,deterministic demo generator
2025-10-10T16:00:00+05:30,demo-centroid,Synthetic centroid demo,18.625,73.84,42.67,synthetic,deterministic demo generator,19.67,72.99,1.37,117,0,synthetic,deterministic demo generator
2025-10-10T17:00:00+05:30,demo-centroid,Synthetic centroid demo,18.625,73.84,41.47,synthetic,deterministic demo generator,19.17,74.49,1.37,117,0,synthetic,deterministic demo generator
2025-10-10T18:00:00+05:30,demo-centroid,Synthetic centroid demo,18.625,73.84,41.06,synthetic,deterministic demo generator,19.0,75.0,1.37,117,0,synthetic,deterministic demo generator
2025-10-10T19:00:00+05:30,demo-centroid,Synthetic centroid demo,18.625,73.84,41.47,synthetic,deterministic demo generator,19.17,74.49,1.37,117,0,synthetic,deterministic demo generator
2025-10-10T20:00:00+05:30,demo-centroid,Synthetic centroid demo,18.625,73.84,42.67,synthetic,deterministic demo generator,19.67,72.99,1.37,117,0,synthetic,deterministic demo generator
2025-10-10T21:00:00+05:30,demo-centroid,Synthetic centroid demo,18.625,73.84,44.58,synthetic,deterministic demo generator,20.46,70.61,1.37,117,0,synthetic,deterministic demo generator
2025-10-10T22:00:00+05:30,demo-centroid,Synthetic centroid demo,18.625,73.84,47.06,synthetic,deterministic demo generator,21.5,67.5,1.37,117,0,synthetic,deterministic demo generator
2025-10-10T23:00:00+05:30,demo-centroid,Synthetic centroid demo,18.625,73.84,49.96,synthetic,deterministic demo generator,22.71,63.88,1.37,117,0,synthetic,deterministic demo generator
2025-10-11T00:00:00+05:30,demo-centroid,Synthetic centroid demo,18.625,73.84,53.17,synthetic,deterministic demo generator,24.0,60.0,1.2,130,0,synthetic,deterministic demo generator
2025-10-11T01:00:00+05:30,demo-centroid,Synthetic centroid demo,18.625,73.84,56.27,synthetic,deterministic demo generator,25.29,56.12,1.2,130,0,synthetic,deterministic demo generator
2025-10-11T02:00:00+05:30,demo-centroid,Synthetic centroid demo,18.625,73.84,59.17,synthetic,deterministic demo generator,26.5,52.5,1.2,130,0,synthetic,deterministic demo generator
2025-10-11T03:00:00+05:30,demo-centroid,Synthetic centroid demo,18.625,73.84,61.65,synthetic,deterministic demo generator,27.54,49.39,1.2,130,0,synthetic,deterministic demo generator
2025-10-11T04:00:00+05:30,demo-centroid,Synthetic centroid demo,18.625,73.84,63.56,synthetic,deterministic demo generator,28.33,47.01,1.2,130,0,synthetic,deterministic demo generator
2025-10-11T05:00:00+05:30,demo-centroid,Synthetic centroid demo,18.625,73.84,64.76,synthetic,deterministic demo generator,28.83,45.51,1.2,130,0,synthetic,deterministic demo generator
2025-10-11T06:00:00+05:30,demo-centroid,Synthetic centroid demo,18.625,73.84,65.17,synthetic,deterministic demo generator,29.0,45.0,1.2,130,0,synthetic,deterministic demo generator
2025-10-11T07:00:00+05:30,demo-centroid,Synthetic centroid demo,18.625,73.84,64.76,synthetic,deterministic demo generator,28.83,45.51,1.2,130,0,synthetic,deterministic demo generator
2025-10-11T08:00:00+05:30,demo-centroid,Synthetic centroid demo,18.625,73.84,63.56,synthetic,deterministic demo generator,28.33,47.01,1.2,130,0,synthetic,deterministic demo generator
2025-10-11T09:00:00+05:30,demo-centroid,Synthetic centroid demo,18.625,73.84,61.65,synthetic,deterministic demo generator,27.54,49.39,1.2,130,0,synthetic,deterministic demo generator
2025-10-11T10:00:00+05:30,demo-centroid,Synthetic centroid demo,18.625,73.84,59.17,synthetic,deterministic demo generator,26.5,52.5,1.2,130,0,synthetic,deterministic demo generator
2025-10-11T11:00:00+05:30,demo-centroid,Synthetic centroid demo,18.625,73.84,56.27,synthetic,deterministic demo generator,25.29,56.12,1.2,130,0,synthetic,deterministic demo generator
2025-10-11T12:00:00+05:30,demo-centroid,Synthetic centroid demo,18.625,73.84,53.17,synthetic,deterministic demo generator,24.0,60.0,1.2,130,0,synthetic,deterministic demo generator
2025-10-11T13:00:00+05:30,demo-centroid,Synthetic centroid demo,18.625,73.84,50.06,synthetic,deterministic demo generator,22.71,63.88,1.2,130,0,synthetic,deterministic demo generator
2025-10-11T14:00:00+05:30,demo-centroid,Synthetic centroid demo,18.625,73.84,47.17,synthetic,deterministic demo generator,21.5,67.5,1.2,130,0,synthetic,deterministic demo generator
2025-10-11T15:00:00+05:30,demo-centroid,Synthetic centroid demo,18.625,73.84,44.68,synthetic,deterministic demo generator,20.46,70.61,1.2,130,0,synthetic,deterministic demo generator
2025-10-11T16:00:00+05:30,demo-centroid,Synthetic centroid demo,18.625,73.84,42.78,synthetic,deterministic demo generator,19.67,72.99,1.2,130,0,synthetic,deterministic demo generator
2025-10-11T17:00:00+05:30,demo-centroid,Synthetic centroid demo,18.625,73.84,41.58,synthetic,deterministic demo generator,19.17,74.49,1.2,130,0,synthetic,deterministic demo generator
2025-10-11T18:00:00+05:30,demo-centroid,Synthetic centroid demo,18.625,73.84,41.17,synthetic,deterministic demo generator,19.0,75.0,1.2,130,0,synthetic,deterministic demo generator
2025-10-11T19:00:00+05:30,demo-centroid,Synthetic centroid demo,18.625,73.84,41.58,synthetic,deterministic demo generator,19.17,74.49,1.2,130,0,synthetic,deterministic demo generator
2025-10-11T20:00:00+05:30,demo-centroid,Synthetic centroid demo,18.625,73.84,42.78,synthetic,deterministic demo generator,19.67,72.99,1.2,130,0,synthetic,deterministic demo generator
2025-10-11T21:00:00+05:30,demo-centroid,Synthetic centroid demo,18.625,73.84,44.68,synthetic,deterministic demo generator,20.46,70.61,1.2,130,0,synthetic,deterministic demo generator
2025-10-11T22:00:00+05:30,demo-centroid,Synthetic centroid demo,18.625,73.84,47.17,synthetic,deterministic demo generator,21.5,67.5,1.2,130,0,synthetic,deterministic demo generator
2025-10-11T23:00:00+05:30,demo-centroid,Synthetic centroid demo,18.625,73.84,50.06,synthetic,deterministic demo generator,22.71,63.88,1.2,130,0,synthetic,deterministic demo generator
2025-10-12T00:00:00+05:30,demo-centroid,Synthetic centroid demo,18.625,73.84,53.08,synthetic,deterministic demo generator,24.0,60.0,1.08,143,0,synthetic,deterministic demo generator
2025-10-12T01:00:00+05:30,demo-centroid,Synthetic centroid demo,18.625,73.84,56.19,synthetic,deterministic demo generator,25.29,56.12,1.08,143,0,synthetic,deterministic demo generator
2025-10-12T02:00:00+05:30,demo-centroid,Synthetic centroid demo,18.625,73.84,59.08,synthetic,deterministic demo generator,26.5,52.5,1.08,143,0,synthetic,deterministic demo generator
2025-10-12T03:00:00+05:30,demo-centroid,Synthetic centroid demo,18.625,73.84,61.57,synthetic,deterministic demo generator,27.54,49.39,1.08,143,0,synthetic,deterministic demo generator
2025-10-12T04:00:00+05:30,demo-centroid,Synthetic centroid demo,18.625,73.84,63.47,synthetic,deterministic demo generator,28.33,47.01,1.08,143,0,synthetic,deterministic demo generator
2025-10-12T05:00:00+05:30,demo-centroid,Synthetic centroid demo,18.625,73.84,64.67,synthetic,deterministic demo generator,28.83,45.51,1.08,143,0,synthetic,deterministic demo generator
2025-10-12T06:00:00+05:30,demo-centroid,Synthetic centroid demo,18.625,73.84,65.08,synthetic,deterministic demo generator,29.0,45.0,1.08,143,0,synthetic,deterministic demo generator
2025-10-12T07:00:00+05:30,demo-centroid,Synthetic centroid demo,18.625,73.84,64.67,synthetic,deterministic demo generator,28.83,45.51,1.08,143,0,synthetic,deterministic demo generator
2025-10-12T08:00:00+05:30,demo-centroid,Synthetic centroid demo,18.625,73.84,63.47,synthetic,deterministic demo generator,28.33,47.01,1.08,143,0,synthetic,deterministic demo generator
2025-10-12T09:00:00+05:30,demo-centroid,Synthetic centroid demo,18.625,73.84,61.57,synthetic,deterministic demo generator,27.54,49.39,1.08,143,0,synthetic,deterministic demo generator
2025-10-12T10:00:00+05:30,demo-centroid,Synthetic centroid demo,18.625,73.84,59.08,synthetic,deterministic demo generator,26.5,52.5,1.08,143,0,synthetic,deterministic demo generator
2025-10-12T11:00:00+05:30,demo-centroid,Synthetic centroid demo,18.625,73.84,56.19,synthetic,deterministic demo generator,25.29,56.12,1.08,143,0,synthetic,deterministic demo generator
2025-10-12T12:00:00+05:30,demo-centroid,Synthetic centroid demo,18.625,73.84,53.08,synthetic,deterministic demo generator,24.0,60.0,1.08,143,0,synthetic,deterministic demo generator
2025-10-12T13:00:00+05:30,demo-centroid,Synthetic centroid demo,18.625,73.84,49.97,synthetic,deterministic demo generator,22.71,63.88,1.08,143,0,synthetic,deterministic demo generator
2025-10-12T14:00:00+05:30,demo-centroid,Synthetic centroid demo,18.625,73.84,47.08,synthetic,deterministic demo generator,21.5,67.5,1.08,143,0,synthetic,deterministic demo generator
2025-10-12T15:00:00+05:30,demo-centroid,Synthetic centroid demo,18.625,73.84,44.59,synthetic,deterministic demo generator,20.46,70.61,1.08,143,0,synthetic,deterministic demo generator
2025-10-12T16:00:00+05:30,demo-centroid,Synthetic centroid demo,18.625,73.84,42.69,synthetic,deterministic demo generator,19.67,72.99,1.08,143,0,synthetic,deterministic demo generator
2025-10-12T17:00:00+05:30,demo-centroid,Synthetic centroid demo,18.625,73.84,41.49,synthetic,deterministic demo generator,19.17,74.49,1.08,143,0,synthetic,deterministic demo generator
2025-10-12T18:00:00+05:30,demo-centroid,Synthetic centroid demo,18.625,73.84,41.08,synthetic,deterministic demo generator,19.0,75.0,1.08,143,0,synthetic,deterministic demo generator
2025-10-12T19:00:00+05:30,demo-centroid,Synthetic centroid demo,18.625,73.84,41.49,synthetic,deterministic demo generator,19.17,74.49,1.08,143,0,synthetic,deterministic demo generator
2025-10-12T20:00:00+05:30,demo-centroid,Synthetic centroid demo,18.625,73.84,42.69,synthetic,deterministic demo generator,19.67,72.99,1.08,143,0,synthetic,deterministic demo generator
2025-10-12T21:00:00+05:30,demo-centroid,Synthetic centroid demo,18.625,73.84,44.59,synthetic,deterministic demo generator,20.46,70.61,1.08,143,0,synthetic,deterministic demo generator
2025-10-12T22:00:00+05:30,demo-centroid,Synthetic centroid demo,18.625,73.84,47.08,synthetic,deterministic demo generator,21.5,67.5,1.08,143,0,synthetic,deterministic demo generator
2025-10-12T23:00:00+05:30,demo-centroid,Synthetic centroid demo,18.625,73.84,49.97,synthetic,deterministic demo generator,22.71,63.88,1.08,143,0,synthetic,deterministic demo generator
2025-10-13T00:00:00+05:30,demo-centroid,Synthetic centroid demo,18.625,73.84,52.81,synthetic,deterministic demo generator,24.0,60.0,1.01,156,0,synthetic,deterministic demo generator
2025-10-13T01:00:00+05:30,demo-centroid,Synthetic centroid demo,18.625,73.84,55.91,synthetic,deterministic demo generator,25.29,56.12,1.01,156,0,synthetic,deterministic demo generator
2025-10-13T02:00:00+05:30,demo-centroid,Synthetic centroid demo,18.625,73.84,58.81,synthetic,deterministic demo generator,26.5,52.5,1.01,156,0,synthetic,deterministic demo generator
2025-10-13T03:00:00+05:30,demo-centroid,Synthetic centroid demo,18.625,73.84,61.29,synthetic,deterministic demo generator,27.54,49.39,1.01,156,0,synthetic,deterministic demo generator
2025-10-13T04:00:00+05:30,demo-centroid,Synthetic centroid demo,18.625,73.84,63.2,synthetic,deterministic demo generator,28.33,47.01,1.01,156,0,synthetic,deterministic demo generator
2025-10-13T05:00:00+05:30,demo-centroid,Synthetic centroid demo,18.625,73.84,64.4,synthetic,deterministic demo generator,28.83,45.51,1.01,156,0,synthetic,deterministic demo generator
2025-10-13T06:00:00+05:30,demo-centroid,Synthetic centroid demo,18.625,73.84,64.81,synthetic,deterministic demo generator,29.0,45.0,1.01,156,0,synthetic,deterministic demo generator
2025-10-13T07:00:00+05:30,demo-centroid,Synthetic centroid demo,18.625,73.84,64.4,synthetic,deterministic demo generator,28.83,45.51,1.01,156,0,synthetic,deterministic demo generator
2025-10-13T08:00:00+05:30,demo-centroid,Synthetic centroid demo,18.625,73.84,63.2,synthetic,deterministic demo generator,28.33,47.01,1.01,156,0,synthetic,deterministic demo generator
2025-10-13T09:00:00+05:30,demo-centroid,Synthetic centroid demo,18.625,73.84,61.29,synthetic,deterministic demo generator,27.54,49.39,1.01,156,0,synthetic,deterministic demo generator
2025-10-13T10:00:00+05:30,demo-centroid,Synthetic centroid demo,18.625,73.84,58.81,synthetic,deterministic demo generator,26.5,52.5,1.01,156,0,synthetic,deterministic demo generator
2025-10-13T11:00:00+05:30,demo-centroid,Synthetic centroid demo,18.625,73.84,55.91,synthetic,deterministic demo generator,25.29,56.12,1.01,156,0,synthetic,deterministic demo generator
2025-10-13T12:00:00+05:30,demo-centroid,Synthetic centroid demo,18.625,73.84,52.81,synthetic,deterministic demo generator,24.0,60.0,1.01,156,0,synthetic,deterministic demo generator
2025-10-13T13:00:00+05:30,demo-centroid,Synthetic centroid demo,18.625,73.84,49.7,synthetic,deterministic demo generator,22.71,63.88,1.01,156,0,synthetic,deterministic demo generator
2025-10-13T14:00:00+05:30,demo-centroid,Synthetic centroid demo,18.625,73.84,46.81,synthetic,deterministic demo generator,21.5,67.5,1.01,156,0,synthetic,deterministic demo generator
2025-10-13T15:00:00+05:30,demo-centroid,Synthetic centroid demo,18.625,73.84,44.32,synthetic,deterministic demo generator,20.46,70.61,1.01,156,0,synthetic,deterministic demo generator
2025-10-13T16:00:00+05:30,demo-centroid,Synthetic centroid demo,18.625,73.84,42.41,synthetic,deterministic demo generator,19.67,72.99,1.01,156,0,synthetic,deterministic demo generator
2025-10-13T17:00:00+05:30,demo-centroid,Synthetic centroid demo,18.625,73.84,41.21,synthetic,deterministic demo generator,19.17,74.49,1.01,156,0,synthetic,deterministic demo generator
2025-10-13T18:00:00+05:30,demo-centroid,Synthetic centroid demo,18.625,73.84,40.81,synthetic,deterministic demo generator,19.0,75.0,1.01,156,0,synthetic,deterministic demo generator
2025-10-13T19:00:00+05:30,demo-centroid,Synthetic centroid demo,18.625,73.84,41.21,synthetic,deterministic demo generator,19.17,74.49,1.01,156,0,synthetic,deterministic demo generator
2025-10-13T20:00:00+05:30,demo-centroid,Synthetic centroid demo,18.625,73.84,42.41,synthetic,deterministic demo generator,19.67,72.99,1.01,156,0,synthetic,deterministic demo generator
2025-10-13T21:00:00+05:30,demo-centroid,Synthetic centroid demo,18.625,73.84,44.32,synthetic,deterministic demo generator,20.46,70.61,1.01,156,0,synthetic,deterministic demo generator
2025-10-13T22:00:00+05:30,demo-centroid,Synthetic centroid demo,18.625,73.84,46.81,synthetic,deterministic demo generator,21.5,67.5,1.01,156,0,synthetic,deterministic demo generator
2025-10-13T23:00:00+05:30,demo-centroid,Synthetic centroid demo,18.625,73.84,49.7,synthetic,deterministic demo generator,22.71,63.88,1.01,156,0,synthetic,deterministic demo generator
2025-10-14T00:00:00+05:30,demo-centroid,Synthetic centroid demo,18.625,73.84,52.35,synthetic,deterministic demo generator,24.0,60.0,1.01,169,0,synthetic,deterministic demo generator
2025-10-14T01:00:00+05:30,demo-centroid,Synthetic centroid demo,18.625,73.84,55.46,synthetic,deterministic demo generator,25.29,56.12,1.01,169,0,synthetic,deterministic demo generator
2025-10-14T02:00:00+05:30,demo-centroid,Synthetic centroid demo,18.625,73.84,58.35,synthetic,deterministic demo generator,26.5,52.5,1.01,169,0,synthetic,deterministic demo generator
2025-10-14T03:00:00+05:30,demo-centroid,Synthetic centroid demo,18.625,73.84,60.84,synthetic,deterministic demo generator,27.54,49.39,1.01,169,0,synthetic,deterministic demo generator
2025-10-14T04:00:00+05:30,demo-centroid,Synthetic centroid demo,18.625,73.84,62.75,synthetic,deterministic demo generator,28.33,47.01,1.01,169,0,synthetic,deterministic demo generator
2025-10-14T05:00:00+05:30,demo-centroid,Synthetic centroid demo,18.625,73.84,63.94,synthetic,deterministic demo generator,28.83,45.51,1.01,169,0,synthetic,deterministic demo generator
2025-10-14T06:00:00+05:30,demo-centroid,Synthetic centroid demo,18.625,73.84,64.35,synthetic,deterministic demo generator,29.0,45.0,1.01,169,0,synthetic,deterministic demo generator
2025-10-14T07:00:00+05:30,demo-centroid,Synthetic centroid demo,18.625,73.84,63.94,synthetic,deterministic demo generator,28.83,45.51,1.01,169,0,synthetic,deterministic demo generator
2025-10-14T08:00:00+05:30,demo-centroid,Synthetic centroid demo,18.625,73.84,62.75,synthetic,deterministic demo generator,28.33,47.01,1.01,169,0,synthetic,deterministic demo generator
2025-10-14T09:00:00+05:30,demo-centroid,Synthetic centroid demo,18.625,73.84,60.84,synthetic,deterministic demo generator,27.54,49.39,1.01,169,0,synthetic,deterministic demo generator
2025-10-14T10:00:00+05:30,demo-centroid,Synthetic centroid demo,18.625,73.84,58.35,synthetic,deterministic demo generator,26.5,52.5,1.01,169,0,synthetic,deterministic demo generator
2025-10-14T11:00:00+05:30,demo-centroid,Synthetic centroid demo,18.625,73.84,55.46,synthetic,deterministic demo generator,25.29,56.12,1.01,169,0,synthetic,deterministic demo generator
2025-10-14T12:00:00+05:30,demo-centroid,Synthetic centroid demo,18.625,73.84,52.35,synthetic,deterministic demo generator,24.0,60.0,1.01,169,0,synthetic,deterministic demo generator
2025-10-14T13:00:00+05:30,demo-centroid,Synthetic centroid demo,18.625,73.84,49.25,synthetic,deterministic demo generator,22.71,63.88,1.01,169,0,synthetic,deterministic demo generator
2025-10-14T14:00:00+05:30,demo-centroid,Synthetic centroid demo,18.625,73.84,46.35,synthetic,deterministic demo generator,21.5,67.5,1.01,169,0,synthetic,deterministic demo generator
2025-10-14T15:00:00+05:30,demo-centroid,Synthetic centroid demo,18.625,73.84,43.87,synthetic,deterministic demo generator,20.46,70.61,1.01,169,0,synthetic,deterministic demo generator
2025-10-14T16:00:00+05:30,demo-centroid,Synthetic centroid demo,18.625,73.84,41.96,synthetic,deterministic demo generator,19.67,72.99,1.01,169,0,synthetic,deterministic demo generator
2025-10-14T17:00:00+05:30,demo-centroid,Synthetic centroid demo,18.625,73.84,40.76,synthetic,deterministic demo generator,19.17,74.49,1.01,169,0,synthetic,deterministic demo generator
2025-10-14T18:00:00+05:30,demo-centroid,Synthetic centroid demo,18.625,73.84,40.35,synthetic,deterministic demo generator,19.0,75.0,1.01,169,0,synthetic,deterministic demo generator
2025-10-14T19:00:00+05:30,demo-centroid,Synthetic centroid demo,18.625,73.84,40.76,synthetic,deterministic demo generator,19.17,74.49,1.01,169,0,synthetic,deterministic demo generator
2025-10-14T20:00:00+05:30,demo-centroid,Synthetic centroid demo,18.625,73.84,41.96,synthetic,deterministic demo generator,19.67,72.99,1.01,169,0,synthetic,deterministic demo generator
2025-10-14T21:00:00+05:30,demo-centroid,Synthetic centroid demo,18.625,73.84,43.87,synthetic,deterministic demo generator,20.46,70.61,1.01,169,0,synthetic,deterministic demo generator
2025-10-14T22:00:00+05:30,demo-centroid,Synthetic centroid demo,18.625,73.84,46.35,synthetic,deterministic demo generator,21.5,67.5,1.01,169,0,synthetic,deterministic demo generator
2025-10-14T23:00:00+05:30,demo-centroid,Synthetic centroid demo,18.625,73.84,49.25,synthetic,deterministic demo generator,22.71,63.88,1.01,169,0,synthetic,deterministic demo generator
2025-10-15T00:00:00+05:30,demo-centroid,Synthetic centroid demo,18.625,73.84,51.74,synthetic,deterministic demo generator,24.0,60.0,1.06,182,0,synthetic,deterministic demo generator
2025-10-15T01:00:00+05:30,demo-centroid,Synthetic centroid demo,18.625,73.84,54.85,synthetic,deterministic demo generator,25.29,56.12,1.06,182,0,synthetic,deterministic demo generator
2025-10-15T02:00:00+05:30,demo-centroid,Synthetic centroid demo,18.625,73.84,57.74,synthetic,deterministic demo generator,26.5,52.5,1.06,182,0,synthetic,deterministic demo generator
2025-10-15T03:00:00+05:30,demo-centroid,Synthetic centroid demo,18.625,73.84,60.23,synthetic,deterministic demo generator,27.54,49.39,1.06,182,0,synthetic,deterministic demo generator
2025-10-15T04:00:00+05:30,demo-centroid,Synthetic centroid demo,18.625,73.84,62.13,synthetic,deterministic demo generator,28.33,47.01,1.06,182,0,synthetic,deterministic demo generator
2025-10-15T05:00:00+05:30,demo-centroid,Synthetic centroid demo,18.625,73.84,63.33,synthetic,deterministic demo generator,28.83,45.51,1.06,182,0,synthetic,deterministic demo generator
2025-10-15T06:00:00+05:30,demo-centroid,Synthetic centroid demo,18.625,73.84,63.74,synthetic,deterministic demo generator,29.0,45.0,1.06,182,0,synthetic,deterministic demo generator
2025-10-15T07:00:00+05:30,demo-centroid,Synthetic centroid demo,18.625,73.84,63.33,synthetic,deterministic demo generator,28.83,45.51,1.06,182,0,synthetic,deterministic demo generator
2025-10-15T08:00:00+05:30,demo-centroid,Synthetic centroid demo,18.625,73.84,62.13,synthetic,deterministic demo generator,28.33,47.01,1.06,182,0,synthetic,deterministic demo generator
2025-10-15T09:00:00+05:30,demo-centroid,Synthetic centroid demo,18.625,73.84,60.23,synthetic,deterministic demo generator,27.54,49.39,1.06,182,0,synthetic,deterministic demo generator
2025-10-15T10:00:00+05:30,demo-centroid,Synthetic centroid demo,18.625,73.84,57.74,synthetic,deterministic demo generator,26.5,52.5,1.06,182,0,synthetic,deterministic demo generator
2025-10-15T11:00:00+05:30,demo-centroid,Synthetic centroid demo,18.625,73.84,54.85,synthetic,deterministic demo generator,25.29,56.12,1.06,182,0,synthetic,deterministic demo generator
2025-10-15T12:00:00+05:30,demo-centroid,Synthetic centroid demo,18.625,73.84,51.74,synthetic,deterministic demo generator,24.0,60.0,1.06,182,0,synthetic,deterministic demo generator
2025-10-15T13:00:00+05:30,demo-centroid,Synthetic centroid demo,18.625,73.84,48.64,synthetic,deterministic demo generator,22.71,63.88,1.06,182,0,synthetic,deterministic demo generator
2025-10-15T14:00:00+05:30,demo-centroid,Synthetic centroid demo,18.625,73.84,45.74,synthetic,deterministic demo generator,21.5,67.5,1.06,182,0,synthetic,deterministic demo generator
2025-10-15T15:00:00+05:30,demo-centroid,Synthetic centroid demo,18.625,73.84,43.26,synthetic,deterministic demo generator,20.46,70.61,1.06,182,0,synthetic,deterministic demo generator
2025-10-15T16:00:00+05:30,demo-centroid,Synthetic centroid demo,18.625,73.84,41.35,synthetic,deterministic demo generator,19.67,72.99,1.06,182,0,synthetic,deterministic demo generator
2025-10-15T17:00:00+05:30,demo-centroid,Synthetic centroid demo,18.625,73.84,40.15,synthetic,deterministic demo generator,19.17,74.49,1.06,182,0,synthetic,deterministic demo generator
2025-10-15T18:00:00+05:30,demo-centroid,Synthetic centroid demo,18.625,73.84,39.74,synthetic,deterministic demo generator,19.0,75.0,1.06,182,0,synthetic,deterministic demo generator
2025-10-15T19:00:00+05:30,demo-centroid,Synthetic centroid demo,18.625,73.84,40.15,synthetic,deterministic demo generator,19.17,74.49,1.06,182,0,synthetic,deterministic demo generator
2025-10-15T20:00:00+05:30,demo-centroid,Synthetic centroid demo,18.625,73.84,41.35,synthetic,deterministic demo generator,19.67,72.99,1.06,182,0,synthetic,deterministic demo generator
2025-10-15T21:00:00+05:30,demo-centroid,Synthetic centroid demo,18.625,73.84,43.26,synthetic,deterministic demo generator,20.46,70.61,1.06,182,0,synthetic,deterministic demo generator
2025-10-15T22:00:00+05:30,demo-centroid,Synthetic centroid demo,18.625,73.84,45.74,synthetic,deterministic demo generator,21.5,67.5,1.06,182,0,synthetic,deterministic demo generator
2025-10-15T23:00:00+05:30,demo-centroid,Synthetic centroid demo,18.625,73.84,48.64,synthetic,deterministic demo generator,22.71,63.88,1.06,182,0,synthetic,deterministic demo generator
2025-10-16T00:00:00+05:30,demo-centroid,Synthetic centroid demo,18.625,73.84,50.99,synthetic,deterministic demo generator,24.0,60.0,1.18,195,0,synthetic,deterministic demo generator
2025-10-16T01:00:00+05:30,demo-centroid,Synthetic centroid demo,18.625,73.84,54.1,synthetic,deterministic demo generator,25.29,56.12,1.18,195,0,synthetic,deterministic demo generator
2025-10-16T02:00:00+05:30,demo-centroid,Synthetic centroid demo,18.625,73.84,56.99,synthetic,deterministic demo generator,26.5,52.5,1.18,195,0,synthetic,deterministic demo generator
2025-10-16T03:00:00+05:30,demo-centroid,Synthetic centroid demo,18.625,73.84,59.47,synthetic,deterministic demo generator,27.54,49.39,1.18,195,0,synthetic,deterministic demo generator
2025-10-16T04:00:00+05:30,demo-centroid,Synthetic centroid demo,18.625,73.84,61.38,synthetic,deterministic demo generator,28.33,47.01,1.18,195,0,synthetic,deterministic demo generator
2025-10-16T05:00:00+05:30,demo-centroid,Synthetic centroid demo,18.625,73.84,62.58,synthetic,deterministic demo generator,28.83,45.51,1.18,195,0,synthetic,deterministic demo generator
2025-10-16T06:00:00+05:30,demo-centroid,Synthetic centroid demo,18.625,73.84,62.99,synthetic,deterministic demo generator,29.0,45.0,1.18,195,0,synthetic,deterministic demo generator
2025-10-16T07:00:00+05:30,demo-centroid,Synthetic centroid demo,18.625,73.84,62.58,synthetic,deterministic demo generator,28.83,45.51,1.18,195,0,synthetic,deterministic demo generator
2025-10-16T08:00:00+05:30,demo-centroid,Synthetic centroid demo,18.625,73.84,61.38,synthetic,deterministic demo generator,28.33,47.01,1.18,195,0,synthetic,deterministic demo generator
2025-10-16T09:00:00+05:30,demo-centroid,Synthetic centroid demo,18.625,73.84,59.47,synthetic,deterministic demo generator,27.54,49.39,1.18,195,0,synthetic,deterministic demo generator
2025-10-16T10:00:00+05:30,demo-centroid,Synthetic centroid demo,18.625,73.84,56.99,synthetic,deterministic demo generator,26.5,52.5,1.18,195,0,synthetic,deterministic demo generator
2025-10-16T11:00:00+05:30,demo-centroid,Synthetic centroid demo,18.625,73.84,54.1,synthetic,deterministic demo generator,25.29,56.12,1.18,195,0,synthetic,deterministic demo generator
2025-10-16T12:00:00+05:30,demo-centroid,Synthetic centroid demo,18.625,73.84,50.99,synthetic,deterministic demo generator,24.0,60.0,1.18,195,0,synthetic,deterministic demo generator
2025-10-16T13:00:00+05:30,demo-centroid,Synthetic centroid demo,18.625,73.84,47.88,synthetic,deterministic demo generator,22.71,63.88,1.18,195,0,synthetic,deterministic demo generator
2025-10-16T14:00:00+05:30,demo-centroid,Synthetic centroid demo,18.625,73.84,44.99,synthetic,deterministic demo generator,21.5,67.5,1.18,195,0,synthetic,deterministic demo generator
2025-10-16T15:00:00+05:30,demo-centroid,Synthetic centroid demo,18.625,73.84,42.5,synthetic,deterministic demo generator,20.46,70.61,1.18,195,0,synthetic,deterministic demo generator
2025-10-16T16:00:00+05:30,demo-centroid,Synthetic centroid demo,18.625,73.84,40.6,synthetic,deterministic demo generator,19.67,72.99,1.18,195,0,synthetic,deterministic demo generator
2025-10-16T17:00:00+05:30,demo-centroid,Synthetic centroid demo,18.625,73.84,39.4,synthetic,deterministic demo generator,19.17,74.49,1.18,195,0,synthetic,deterministic demo generator
2025-10-16T18:00:00+05:30,demo-centroid,Synthetic centroid demo,18.625,73.84,38.99,synthetic,deterministic demo generator,19.0,75.0,1.18,195,0,synthetic,deterministic demo generator
2025-10-16T19:00:00+05:30,demo-centroid,Synthetic centroid demo,18.625,73.84,39.4,synthetic,deterministic demo generator,19.17,74.49,1.18,195,0,synthetic,deterministic demo generator
2025-10-16T20:00:00+05:30,demo-centroid,Synthetic centroid demo,18.625,73.84,40.6,synthetic,deterministic demo generator,19.67,72.99,1.18,195,0,synthetic,deterministic demo generator
2025-10-16T21:00:00+05:30,demo-centroid,Synthetic centroid demo,18.625,73.84,42.5,synthetic,deterministic demo generator,20.46,70.61,1.18,195,0,synthetic,deterministic demo generator
2025-10-16T22:00:00+05:30,demo-centroid,Synthetic centroid demo,18.625,73.84,44.99,synthetic,deterministic demo generator,21.5,67.5,1.18,195,0,synthetic,deterministic demo generator
2025-10-16T23:00:00+05:30,demo-centroid,Synthetic centroid demo,18.625,73.84,47.88,synthetic,deterministic demo generator,22.71,63.88,1.18,195,0,synthetic,deterministic demo generator
2025-10-17T00:00:00+05:30,demo-centroid,Synthetic centroid demo,18.625,73.84,50.12,synthetic,deterministic demo generator,24.0,60.0,1.35,208,0,synthetic,deterministic demo generator
2025-10-17T01:00:00+05:30,demo-centroid,Synthetic centroid demo,18.625,73.84,53.23,synthetic,deterministic demo generator,25.29,56.12,1.35,208,0,synthetic,deterministic demo generator
2025-10-17T02:00:00+05:30,demo-centroid,Synthetic centroid demo,18.625,73.84,56.12,synthetic,deterministic demo generator,26.5,52.5,1.35,208,0,synthetic,deterministic demo generator
2025-10-17T03:00:00+05:30,demo-centroid,Synthetic centroid demo,18.625,73.84,58.61,synthetic,deterministic demo generator,27.54,49.39,1.35,208,0,synthetic,deterministic demo generator
2025-10-17T04:00:00+05:30,demo-centroid,Synthetic centroid demo,18.625,73.84,60.51,synthetic,deterministic demo generator,28.33,47.01,1.35,208,0,synthetic,deterministic demo generator
2025-10-17T05:00:00+05:30,demo-centroid,Synthetic centroid demo,18.625,73.84,61.71,synthetic,deterministic demo generator,28.83,45.51,1.35,208,0,synthetic,deterministic demo generator
2025-10-17T06:00:00+05:30,demo-centroid,Synthetic centroid demo,18.625,73.84,62.12,synthetic,deterministic demo generator,29.0,45.0,1.35,208,0,synthetic,deterministic demo generator
2025-10-17T07:00:00+05:30,demo-centroid,Synthetic centroid demo,18.625,73.84,61.71,synthetic,deterministic demo generator,28.83,45.51,1.35,208,0,synthetic,deterministic demo generator
2025-10-17T08:00:00+05:30,demo-centroid,Synthetic centroid demo,18.625,73.84,60.51,synthetic,deterministic demo generator,28.33,47.01,1.35,208,0,synthetic,deterministic demo generator
2025-10-17T09:00:00+05:30,demo-centroid,Synthetic centroid demo,18.625,73.84,58.61,synthetic,deterministic demo generator,27.54,49.39,1.35,208,0,synthetic,deterministic demo generator
2025-10-17T10:00:00+05:30,demo-centroid,Synthetic centroid demo,18.625,73.84,56.12,synthetic,deterministic demo generator,26.5,52.5,1.35,208,0,synthetic,deterministic demo generator
2025-10-17T11:00:00+05:30,demo-centroid,Synthetic centroid demo,18.625,73.84,53.23,synthetic,deterministic demo generator,25.29,56.12,1.35,208,0,synthetic,deterministic demo generator
2025-10-17T12:00:00+05:30,demo-centroid,Synthetic centroid demo,18.625,73.84,50.12,synthetic,deterministic demo generator,24.0,60.0,1.35,208,0,synthetic,deterministic demo generator
2025-10-17T13:00:00+05:30,demo-centroid,Synthetic centroid demo,18.625,73.84,47.02,synthetic,deterministic demo generator,22.71,63.88,1.35,208,0,synthetic,deterministic demo generator
2025-10-17T14:00:00+05:30,demo-centroid,Synthetic centroid demo,18.625,73.84,44.12,synthetic,deterministic demo generator,21.5,67.5,1.35,208,0,synthetic,deterministic demo generator
2025-10-17T15:00:00+05:30,demo-centroid,Synthetic centroid demo,18.625,73.84,41.64,synthetic,deterministic demo generator,20.46,70.61,1.35,208,0,synthetic,deterministic demo generator
2025-10-17T16:00:00+05:30,demo-centroid,Synthetic centroid demo,18.625,73.84,39.73,synthetic,deterministic demo generator,19.67,72.99,1.35,208,0,synthetic,deterministic demo generator
2025-10-17T17:00:00+05:30,demo-centroid,Synthetic centroid demo,18.625,73.84,38.53,synthetic,deterministic demo generator,19.17,74.49,1.35,208,0,synthetic,deterministic demo generator
2025-10-17T18:00:00+05:30,demo-centroid,Synthetic centroid demo,18.625,73.84,38.12,synthetic,deterministic demo generator,19.0,75.0,1.35,208,0,synthetic,deterministic demo generator
2025-10-17T19:00:00+05:30,demo-centroid,Synthetic centroid demo,18.625,73.84,38.53,synthetic,deterministic demo generator,19.17,74.49,1.35,208,0,synthetic,deterministic demo generator
2025-10-17T20:00:00+05:30,demo-centroid,Synthetic centroid demo,18.625,73.84,39.73,synthetic,deterministic demo generator,19.67,72.99,1.35,208,0,synthetic,deterministic demo generator
2025-10-17T21:00:00+05:30,demo-centroid,Synthetic centroid demo,18.625,73.84,41.64,synthetic,deterministic demo generator,20.46,70.61,1.35,208,0,synthetic,deterministic demo generator
2025-10-17T22:00:00+05:30,demo-centroid,Synthetic centroid demo,18.625,73.84,44.12,synthetic,deterministic demo generator,21.5,67.5,1.35,208,0,synthetic,deterministic demo generator
2025-10-17T23:00:00+05:30,demo-centroid,Synthetic centroid demo,18.625,73.84,47.02,synthetic,deterministic demo generator,22.71,63.88,1.35,208,0,synthetic,deterministic demo generator
2025-10-18T00:00:00+05:30,demo-centroid,Synthetic centroid demo,18.625,73.84,49.16,synthetic,deterministic demo generator,24.0,60.0,1.55,221,0,synthetic,deterministic demo generator
2025-10-18T01:00:00+05:30,demo-centroid,Synthetic centroid demo,18.625,73.84,52.27,synthetic,deterministic demo generator,25.29,56.12,1.55,221,0,synthetic,deterministic demo generator
2025-10-18T02:00:00+05:30,demo-centroid,Synthetic centroid demo,18.625,73.84,55.16,synthetic,deterministic demo generator,26.5,52.5,1.55,221,0,synthetic,deterministic demo generator
2025-10-18T03:00:00+05:30,demo-centroid,Synthetic centroid demo,18.625,73.84,57.65,synthetic,deterministic demo generator,27.54,49.39,1.55,221,0,synthetic,deterministic demo generator
2025-10-18T04:00:00+05:30,demo-centroid,Synthetic centroid demo,18.625,73.84,59.56,synthetic,deterministic demo generator,28.33,47.01,1.55,221,0,synthetic,deterministic demo generator
2025-10-18T05:00:00+05:30,demo-centroid,Synthetic centroid demo,18.625,73.84,60.75,synthetic,deterministic demo generator,28.83,45.51,1.55,221,0,synthetic,deterministic demo generator
2025-10-18T06:00:00+05:30,demo-centroid,Synthetic centroid demo,18.625,73.84,61.16,synthetic,deterministic demo generator,29.0,45.0,1.55,221,0,synthetic,deterministic demo generator
2025-10-18T07:00:00+05:30,demo-centroid,Synthetic centroid demo,18.625,73.84,60.75,synthetic,deterministic demo generator,28.83,45.51,1.55,221,0,synthetic,deterministic demo generator
2025-10-18T08:00:00+05:30,demo-centroid,Synthetic centroid demo,18.625,73.84,59.56,synthetic,deterministic demo generator,28.33,47.01,1.55,221,0,synthetic,deterministic demo generator
2025-10-18T09:00:00+05:30,demo-centroid,Synthetic centroid demo,18.625,73.84,57.65,synthetic,deterministic demo generator,27.54,49.39,1.55,221,0,synthetic,deterministic demo generator
2025-10-18T10:00:00+05:30,demo-centroid,Synthetic centroid demo,18.625,73.84,55.16,synthetic,deterministic demo generator,26.5,52.5,1.55,221,0,synthetic,deterministic demo generator
2025-10-18T11:00:00+05:30,demo-centroid,Synthetic centroid demo,18.625,73.84,52.27,synthetic,deterministic demo generator,25.29,56.12,1.55,221,0,synthetic,deterministic demo generator
2025-10-18T12:00:00+05:30,demo-centroid,Synthetic centroid demo,18.625,73.84,49.16,synthetic,deterministic demo generator,24.0,60.0,1.55,221,0,synthetic,deterministic demo generator
2025-10-18T13:00:00+05:30,demo-centroid,Synthetic centroid demo,18.625,73.84,46.06,synthetic,deterministic demo generator,22.71,63.88,1.55,221,0,synthetic,deterministic demo generator
2025-10-18T14:00:00+05:30,demo-centroid,Synthetic centroid demo,18.625,73.84,43.16,synthetic,deterministic demo generator,21.5,67.5,1.55,221,0,synthetic,deterministic demo generator
2025-10-18T15:00:00+05:30,demo-centroid,Synthetic centroid demo,18.625,73.84,40.68,synthetic,deterministic demo generator,20.46,70.61,1.55,221,1.2,synthetic,deterministic demo generator
2025-10-18T16:00:00+05:30,demo-centroid,Synthetic centroid demo,18.625,73.84,38.77,synthetic,deterministic demo generator,19.67,72.99,1.55,221,0,synthetic,deterministic demo generator
2025-10-18T17:00:00+05:30,demo-centroid,Synthetic centroid demo,18.625,73.84,37.57,synthetic,deterministic demo generator,19.17,74.49,1.55,221,0,synthetic,deterministic demo generator
2025-10-18T18:00:00+05:30,demo-centroid,Synthetic centroid demo,18.625,73.84,37.16,synthetic,deterministic demo generator,19.0,75.0,1.55,221,0,synthetic,deterministic demo generator
2025-10-18T19:00:00+05:30,demo-centroid,Synthetic centroid demo,18.625,73.84,37.57,synthetic,deterministic demo generator,19.17,74.49,1.55,221,0,synthetic,deterministic demo generator
2025-10-18T20:00:00+05:30,demo-centroid,Synthetic centroid demo,18.625,73.84,38.77,synthetic,deterministic demo generator,19.67,72.99,1.55,221,0,synthetic,deterministic demo generator
2025-10-18T21:00:00+05:30,demo-centroid,Synthetic centroid demo,18.625,73.84,40.68,synthetic,deterministic demo generator,20.46,70.61,1.55,221,0,synthetic,deterministic demo generator
2025-10-18T22:00:00+05:30,demo-centroid,Synthetic centroid demo,18.625,73.84,43.16,synthetic,deterministic demo generator,21.5,67.5,1.55,221,0,synthetic,deterministic demo generator
2025-10-18T23:00:00+05:30,demo-centroid,Synthetic centroid demo,18.625,73.84,46.06,synthetic,deterministic demo generator,22.71,63.88,1.55,221,0,synthetic,deterministic demo generator
2025-10-19T00:00:00+05:30,demo-centroid,Synthetic centroid demo,18.625,73.84,48.15,synthetic,deterministic demo generator,24.0,60.0,1.79,234,0,synthetic,deterministic demo generator
2025-10-19T01:00:00+05:30,demo-centroid,Synthetic centroid demo,18.625,73.84,51.25,synthetic,deterministic demo generator,25.29,56.12,1.79,234,0,synthetic,deterministic demo generator
2025-10-19T02:00:00+05:30,demo-centroid,Synthetic centroid demo,18.625,73.84,54.15,synthetic,deterministic demo generator,26.5,52.5,1.79,234,0,synthetic,deterministic demo generator
2025-10-19T03:00:00+05:30,demo-centroid,Synthetic centroid demo,18.625,73.84,56.63,synthetic,deterministic demo generator,27.54,49.39,1.79,234,0,synthetic,deterministic demo generator
2025-10-19T04:00:00+05:30,demo-centroid,Synthetic centroid demo,18.625,73.84,58.54,synthetic,deterministic demo generator,28.33,47.01,1.79,234,0,synthetic,deterministic demo generator
2025-10-19T05:00:00+05:30,demo-centroid,Synthetic centroid demo,18.625,73.84,59.74,synthetic,deterministic demo generator,28.83,45.51,1.79,234,0,synthetic,deterministic demo generator
2025-10-19T06:00:00+05:30,demo-centroid,Synthetic centroid demo,18.625,73.84,60.15,synthetic,deterministic demo generator,29.0,45.0,1.79,234,0,synthetic,deterministic demo generator
2025-10-19T07:00:00+05:30,demo-centroid,Synthetic centroid demo,18.625,73.84,59.74,synthetic,deterministic demo generator,28.83,45.51,1.79,234,0,synthetic,deterministic demo generator
2025-10-19T08:00:00+05:30,demo-centroid,Synthetic centroid demo,18.625,73.84,58.54,synthetic,deterministic demo generator,28.33,47.01,1.79,234,0,synthetic,deterministic demo generator
2025-10-19T09:00:00+05:30,demo-centroid,Synthetic centroid demo,18.625,73.84,56.63,synthetic,deterministic demo generator,27.54,49.39,1.79,234,0,synthetic,deterministic demo generator
2025-10-19T10:00:00+05:30,demo-centroid,Synthetic centroid demo,18.625,73.84,54.15,synthetic,deterministic demo generator,26.5,52.5,1.79,234,0,synthetic,deterministic demo generator
2025-10-19T11:00:00+05:30,demo-centroid,Synthetic centroid demo,18.625,73.84,51.25,synthetic,deterministic demo generator,25.29,56.12,1.79,234,0,synthetic,deterministic demo generator
2025-10-19T12:00:00+05:30,demo-centroid,Synthetic centroid demo,18.625,73.84,48.15,synthetic,deterministic demo generator,24.0,60.0,1.79,234,0,synthetic,deterministic demo generator
2025-10-19T13:00:00+05:30,demo-centroid,Synthetic centroid demo,18.625,73.84,45.04,synthetic,deterministic demo generator,22.71,63.88,1.79,234,0,synthetic,deterministic demo generator
2025-10-19T14:00:00+05:30,demo-centroid,Synthetic centroid demo,18.625,73.84,42.15,synthetic,deterministic demo generator,21.5,67.5,1.79,234,0,synthetic,deterministic demo generator
2025-10-19T15:00:00+05:30,demo-centroid,Synthetic centroid demo,18.625,73.84,39.66,synthetic,deterministic demo generator,20.46,70.61,1.79,234,0,synthetic,deterministic demo generator
2025-10-19T16:00:00+05:30,demo-centroid,Synthetic centroid demo,18.625,73.84,37.76,synthetic,deterministic demo generator,19.67,72.99,1.79,234,0,synthetic,deterministic demo generator
2025-10-19T17:00:00+05:30,demo-centroid,Synthetic centroid demo,18.625,73.84,36.56,synthetic,deterministic demo generator,19.17,74.49,1.79,234,0,synthetic,deterministic demo generator
2025-10-19T18:00:00+05:30,demo-centroid,Synthetic centroid demo,18.625,73.84,36.15,synthetic,deterministic demo generator,19.0,75.0,1.79,234,0,synthetic,deterministic demo generator
2025-10-19T19:00:00+05:30,demo-centroid,Synthetic centroid demo,18.625,73.84,36.56,synthetic,deterministic demo generator,19.17,74.49,1.79,234,0,synthetic,deterministic demo generator
2025-10-19T20:00:00+05:30,demo-centroid,Synthetic centroid demo,18.625,73.84,37.76,synthetic,deterministic demo generator,19.67,72.99,1.79,234,0,synthetic,deterministic demo generator
2025-10-19T21:00:00+05:30,demo-centroid,Synthetic centroid demo,18.625,73.84,39.66,synthetic,deterministic demo generator,20.46,70.61,1.79,234,0,synthetic,deterministic demo generator
2025-10-19T22:00:00+05:30,demo-centroid,Synthetic centroid demo,18.625,73.84,42.15,synthetic,deterministic demo generator,21.5,67.5,1.79,234,0,synthetic,deterministic demo generator
2025-10-19T23:00:00+05:30,demo-centroid,Synthetic centroid demo,18.625,73.84,45.04,synthetic,deterministic demo generator,22.71,63.88,1.79,234,0,synthetic,deterministic demo generator
2025-10-20T00:00:00+05:30,demo-centroid,Synthetic centroid demo,18.625,73.84,47.1,synthetic,deterministic demo generator,24.0,60.0,2.04,247,0,synthetic,deterministic demo generator
2025-10-20T01:00:00+05:30,demo-centroid,Synthetic centroid demo,18.625,73.84,50.21,synthetic,deterministic demo generator,25.29,56.12,2.04,247,0,synthetic,deterministic demo generator
2025-10-20T02:00:00+05:30,demo-centroid,Synthetic centroid demo,18.625,73.84,53.1,synthetic,deterministic demo generator,26.5,52.5,2.04,247,0,synthetic,deterministic demo generator
2025-10-20T03:00:00+05:30,demo-centroid,Synthetic centroid demo,18.625,73.84,55.59,synthetic,deterministic demo generator,27.54,49.39,2.04,247,0,synthetic,deterministic demo generator
2025-10-20T04:00:00+05:30,demo-centroid,Synthetic centroid demo,18.625,73.84,57.5,synthetic,deterministic demo generator,28.33,47.01,2.04,247,0,synthetic,deterministic demo generator
2025-10-20T05:00:00+05:30,demo-centroid,Synthetic centroid demo,18.625,73.84,58.7,synthetic,deterministic demo generator,28.83,45.51,2.04,247,0,synthetic,deterministic demo generator
2025-10-20T06:00:00+05:30,demo-centroid,Synthetic centroid demo,18.625,73.84,59.1,synthetic,deterministic demo generator,29.0,45.0,2.04,247,0,synthetic,deterministic demo generator
2025-10-20T07:00:00+05:30,demo-centroid,Synthetic centroid demo,18.625,73.84,58.7,synthetic,deterministic demo generator,28.83,45.51,2.04,247,0,synthetic,deterministic demo generator
2025-10-20T08:00:00+05:30,demo-centroid,Synthetic centroid demo,18.625,73.84,57.5,synthetic,deterministic demo generator,28.33,47.01,2.04,247,0,synthetic,deterministic demo generator
2025-10-20T09:00:00+05:30,demo-centroid,Synthetic centroid demo,18.625,73.84,55.59,synthetic,deterministic demo generator,27.54,49.39,2.04,247,0,synthetic,deterministic demo generator
2025-10-20T10:00:00+05:30,demo-centroid,Synthetic centroid demo,18.625,73.84,53.1,synthetic,deterministic demo generator,26.5,52.5,2.04,247,0,synthetic,deterministic demo generator
2025-10-20T11:00:00+05:30,demo-centroid,Synthetic centroid demo,18.625,73.84,50.21,synthetic,deterministic demo generator,25.29,56.12,2.04,247,0,synthetic,deterministic demo generator
2025-10-20T12:00:00+05:30,demo-centroid,Synthetic centroid demo,18.625,73.84,47.1,synthetic,deterministic demo generator,24.0,60.0,2.04,247,0,synthetic,deterministic demo generator
2025-10-20T13:00:00+05:30,demo-centroid,Synthetic centroid demo,18.625,73.84,44.0,synthetic,deterministic demo generator,22.71,63.88,2.04,247,0,synthetic,deterministic demo generator
2025-10-20T14:00:00+05:30,demo-centroid,Synthetic centroid demo,18.625,73.84,41.1,synthetic,deterministic demo generator,21.5,67.5,2.04,247,0,synthetic,deterministic demo generator
2025-10-20T15:00:00+05:30,demo-centroid,Synthetic centroid demo,18.625,73.84,38.62,synthetic,deterministic demo generator,20.46,70.61,2.04,247,0,synthetic,deterministic demo generator
2025-10-20T16:00:00+05:30,demo-centroid,Synthetic centroid demo,18.625,73.84,36.71,synthetic,deterministic demo generator,19.67,72.99,2.04,247,0,synthetic,deterministic demo generator
2025-10-20T17:00:00+05:30,demo-centroid,Synthetic centroid demo,18.625,73.84,35.51,synthetic,deterministic demo generator,19.17,74.49,2.04,247,0,synthetic,deterministic demo generator
2025-10-20T18:00:00+05:30,demo-centroid,Synthetic centroid demo,18.625,73.84,35.1,synthetic,deterministic demo generator,19.0,75.0,2.04,247,0,synthetic,deterministic demo generator
2025-10-20T19:00:00+05:30,demo-centroid,Synthetic centroid demo,18.625,73.84,35.51,synthetic,deterministic demo generator,19.17,74.49,2.04,247,0,synthetic,deterministic demo generator
2025-10-20T20:00:00+05:30,demo-centroid,Synthetic centroid demo,18.625,73.84,36.71,synthetic,deterministic demo generator,19.67,72.99,2.04,247,0,synthetic,deterministic demo generator
2025-10-20T21:00:00+05:30,demo-centroid,Synthetic centroid demo,18.625,73.84,38.62,synthetic,deterministic demo generator,20.46,70.61,2.04,247,0,synthetic,deterministic demo generator
2025-10-20T22:00:00+05:30,demo-centroid,Synthetic centroid demo,18.625,73.84,41.1,synthetic,deterministic demo generator,21.5,67.5,2.04,247,0,synthetic,deterministic demo generator
2025-10-20T23:00:00+05:30,demo-centroid,Synthetic centroid demo,18.625,73.84,44.0,synthetic,deterministic demo generator,22.71,63.88,2.04,247,0,synthetic,deterministic demo generator
2025-10-21T00:00:00+05:30,demo-centroid,Synthetic centroid demo,18.625,73.84,46.07,synthetic,deterministic demo generator,24.0,60.0,2.28,260,0,synthetic,deterministic demo generator
2025-10-21T01:00:00+05:30,demo-centroid,Synthetic centroid demo,18.625,73.84,49.17,synthetic,deterministic demo generator,25.29,56.12,2.28,260,0,synthetic,deterministic demo generator
2025-10-21T02:00:00+05:30,demo-centroid,Synthetic centroid demo,18.625,73.84,52.07,synthetic,deterministic demo generator,26.5,52.5,2.28,260,0,synthetic,deterministic demo generator
2025-10-21T03:00:00+05:30,demo-centroid,Synthetic centroid demo,18.625,73.84,54.55,synthetic,deterministic demo generator,27.54,49.39,2.28,260,0,synthetic,deterministic demo generator
2025-10-21T04:00:00+05:30,demo-centroid,Synthetic centroid demo,18.625,73.84,56.46,synthetic,deterministic demo generator,28.33,47.01,2.28,260,0,synthetic,deterministic demo generator
2025-10-21T05:00:00+05:30,demo-centroid,Synthetic centroid demo,18.625,73.84,57.66,synthetic,deterministic demo generator,28.83,45.51,2.28,260,0,synthetic,deterministic demo generator
2025-10-21T06:00:00+05:30,demo-centroid,Synthetic centroid demo,18.625,73.84,58.07,synthetic,deterministic demo generator,29.0,45.0,2.28,260,0,synthetic,deterministic demo generator
2025-10-21T07:00:00+05:30,demo-centroid,Synthetic centroid demo,18.625,73.84,57.66,synthetic,deterministic demo generator,28.83,45.51,2.28,260,0,synthetic,deterministic demo generator
2025-10-21T08:00:00+05:30,demo-centroid,Synthetic centroid demo,18.625,73.84,56.46,synthetic,deterministic demo generator,28.33,47.01,2.28,260,0,synthetic,deterministic demo generator
2025-10-21T09:00:00+05:30,demo-centroid,Synthetic centroid demo,18.625,73.84,54.55,synthetic,deterministic demo generator,27.54,49.39,2.28,260,0,synthetic,deterministic demo generator
2025-10-21T10:00:00+05:30,demo-centroid,Synthetic centroid demo,18.625,73.84,52.07,synthetic,deterministic demo generator,26.5,52.5,2.28,260,0,synthetic,deterministic demo generator
2025-10-21T11:00:00+05:30,demo-centroid,Synthetic centroid demo,18.625,73.84,49.17,synthetic,deterministic demo generator,25.29,56.12,2.28,260,0,synthetic,deterministic demo generator
2025-10-21T12:00:00+05:30,demo-centroid,Synthetic centroid demo,18.625,73.84,46.07,synthetic,deterministic demo generator,24.0,60.0,2.28,260,0,synthetic,deterministic demo generator
2025-10-21T13:00:00+05:30,demo-centroid,Synthetic centroid demo,18.625,73.84,42.96,synthetic,deterministic demo generator,22.71,63.88,2.28,260,0,synthetic,deterministic demo generator
2025-10-21T14:00:00+05:30,demo-centroid,Synthetic centroid demo,18.625,73.84,40.07,synthetic,deterministic demo generator,21.5,67.5,2.28,260,0,synthetic,deterministic demo generator
2025-10-21T15:00:00+05:30,demo-centroid,Synthetic centroid demo,18.625,73.84,37.58,synthetic,deterministic demo generator,20.46,70.61,2.28,260,0,synthetic,deterministic demo generator
2025-10-21T16:00:00+05:30,demo-centroid,Synthetic centroid demo,18.625,73.84,35.67,synthetic,deterministic demo generator,19.67,72.99,2.28,260,0,synthetic,deterministic demo generator
2025-10-21T17:00:00+05:30,demo-centroid,Synthetic centroid demo,18.625,73.84,34.47,synthetic,deterministic demo generator,19.17,74.49,2.28,260,0,synthetic,deterministic demo generator
2025-10-21T18:00:00+05:30,demo-centroid,Synthetic centroid demo,18.625,73.84,34.07,synthetic,deterministic demo generator,19.0,75.0,2.28,260,0,synthetic,deterministic demo generator
2025-10-21T19:00:00+05:30,demo-centroid,Synthetic centroid demo,18.625,73.84,34.47,synthetic,deterministic demo generator,19.17,74.49,2.28,260,0,synthetic,deterministic demo generator
2025-10-21T20:00:00+05:30,demo-centroid,Synthetic centroid demo,18.625,73.84,35.67,synthetic,deterministic demo generator,19.67,72.99,2.28,260,0,synthetic,deterministic demo generator
2025-10-21T21:00:00+05:30,demo-centroid,Synthetic centroid demo,18.625,73.84,37.58,synthetic,deterministic demo generator,20.46,70.61,2.28,260,0,synthetic,deterministic demo generator
2025-10-21T22:00:00+05:30,demo-centroid,Synthetic centroid demo,18.625,73.84,40.07,synthetic,deterministic demo generator,21.5,67.5,2.28,260,0,synthetic,deterministic demo generator
2025-10-21T23:00:00+05:30,demo-centroid,Synthetic centroid demo,18.625,73.84,42.96,synthetic,deterministic demo generator,22.71,63.88,2.28,260,0,synthetic,deterministic demo generator
2025-10-22T00:00:00+05:30,demo-centroid,Synthetic centroid demo,18.625,73.84,45.06,synthetic,deterministic demo generator,24.0,60.0,2.51,273,0,synthetic,deterministic demo generator
2025-10-22T01:00:00+05:30,demo-centroid,Synthetic centroid demo,18.625,73.84,48.17,synthetic,deterministic demo generator,25.29,56.12,2.51,273,0,synthetic,deterministic demo generator
2025-10-22T02:00:00+05:30,demo-centroid,Synthetic centroid demo,18.625,73.84,51.06,synthetic,deterministic demo generator,26.5,52.5,2.51,273,0,synthetic,deterministic demo generator
2025-10-22T03:00:00+05:30,demo-centroid,Synthetic centroid demo,18.625,73.84,53.55,synthetic,deterministic demo generator,27.54,49.39,2.51,273,0,synthetic,deterministic demo generator
2025-10-22T04:00:00+05:30,demo-centroid,Synthetic centroid demo,18.625,73.84,55.46,synthetic,deterministic demo generator,28.33,47.01,2.51,273,0,synthetic,deterministic demo generator
2025-10-22T05:00:00+05:30,demo-centroid,Synthetic centroid demo,18.625,73.84,56.66,synthetic,deterministic demo generator,28.83,45.51,2.51,273,0,synthetic,deterministic demo generator
2025-10-22T06:00:00+05:30,demo-centroid,Synthetic centroid demo,18.625,73.84,57.06,synthetic,deterministic demo generator,29.0,45.0,2.51,273,0,synthetic,deterministic demo generator
2025-10-22T07:00:00+05:30,demo-centroid,Synthetic centroid demo,18.625,73.84,56.66,synthetic,deterministic demo generator,28.83,45.51,2.51,273,0,synthetic,deterministic demo generator
2025-10-22T08:00:00+05:30,demo-centroid,Synthetic centroid demo,18.625,73.84,55.46,synthetic,deterministic demo generator,28.33,47.01,2.51,273,0,synthetic,deterministic demo generator
2025-10-22T09:00:00+05:30,demo-centroid,Synthetic centroid demo,18.625,73.84,53.55,synthetic,deterministic demo generator,27.54,49.39,2.51,273,0,synthetic,deterministic demo generator
2025-10-22T10:00:00+05:30,demo-centroid,Synthetic centroid demo,18.625,73.84,51.06,synthetic,deterministic demo generator,26.5,52.5,2.51,273,0,synthetic,deterministic demo generator
2025-10-22T11:00:00+05:30,demo-centroid,Synthetic centroid demo,18.625,73.84,48.17,synthetic,deterministic demo generator,25.29,56.12,2.51,273,0,synthetic,deterministic demo generator
2025-10-22T12:00:00+05:30,demo-centroid,Synthetic centroid demo,18.625,73.84,45.06,synthetic,deterministic demo generator,24.0,60.0,2.51,273,0,synthetic,deterministic demo generator
2025-10-22T13:00:00+05:30,demo-centroid,Synthetic centroid demo,18.625,73.84,41.96,synthetic,deterministic demo generator,22.71,63.88,2.51,273,0,synthetic,deterministic demo generator
2025-10-22T14:00:00+05:30,demo-centroid,Synthetic centroid demo,18.625,73.84,39.06,synthetic,deterministic demo generator,21.5,67.5,2.51,273,0,synthetic,deterministic demo generator
2025-10-22T15:00:00+05:30,demo-centroid,Synthetic centroid demo,18.625,73.84,36.58,synthetic,deterministic demo generator,20.46,70.61,2.51,273,0,synthetic,deterministic demo generator
2025-10-22T16:00:00+05:30,demo-centroid,Synthetic centroid demo,18.625,73.84,34.67,synthetic,deterministic demo generator,19.67,72.99,2.51,273,0,synthetic,deterministic demo generator
2025-10-22T17:00:00+05:30,demo-centroid,Synthetic centroid demo,18.625,73.84,33.47,synthetic,deterministic demo generator,19.17,74.49,2.51,273,0,synthetic,deterministic demo generator
2025-10-22T18:00:00+05:30,demo-centroid,Synthetic centroid demo,18.625,73.84,33.06,synthetic,deterministic demo generator,19.0,75.0,2.51,273,0,synthetic,deterministic demo generator
2025-10-22T19:00:00+05:30,demo-centroid,Synthetic centroid demo,18.625,73.84,33.47,synthetic,deterministic demo generator,19.17,74.49,2.51,273,0,synthetic,deterministic demo generator
2025-10-22T20:00:00+05:30,demo-centroid,Synthetic centroid demo,18.625,73.84,34.67,synthetic,deterministic demo generator,19.67,72.99,2.51,273,0,synthetic,deterministic demo generator
2025-10-22T21:00:00+05:30,demo-centroid,Synthetic centroid demo,18.625,73.84,36.58,synthetic,deterministic demo generator,20.46,70.61,2.51,273,0,synthetic,deterministic demo generator
2025-10-22T22:00:00+05:30,demo-centroid,Synthetic centroid demo,18.625,73.84,39.06,synthetic,deterministic demo generator,21.5,67.5,2.51,273,0,synthetic,deterministic demo generator
2025-10-22T23:00:00+05:30,demo-centroid,Synthetic centroid demo,18.625,73.84,41.96,synthetic,deterministic demo generator,22.71,63.88,2.51,273,0,synthetic,deterministic demo generator
2025-10-23T00:00:00+05:30,demo-centroid,Synthetic centroid demo,18.625,73.84,44.13,synthetic,deterministic demo generator,24.0,60.0,2.71,286,0,synthetic,deterministic demo generator
2025-10-23T01:00:00+05:30,demo-centroid,Synthetic centroid demo,18.625,73.84,47.24,synthetic,deterministic demo generator,25.29,56.12,2.71,286,0,synthetic,deterministic demo generator
2025-10-23T02:00:00+05:30,demo-centroid,Synthetic centroid demo,18.625,73.84,50.13,synthetic,deterministic demo generator,26.5,52.5,2.71,286,0,synthetic,deterministic demo generator
2025-10-23T03:00:00+05:30,demo-centroid,Synthetic centroid demo,18.625,73.84,52.62,synthetic,deterministic demo generator,27.54,49.39,2.71,286,0,synthetic,deterministic demo generator
2025-10-23T04:00:00+05:30,demo-centroid,Synthetic centroid demo,18.625,73.84,54.52,synthetic,deterministic demo generator,28.33,47.01,2.71,286,0,synthetic,deterministic demo generator
2025-10-23T05:00:00+05:30,demo-centroid,Synthetic centroid demo,18.625,73.84,55.72,synthetic,deterministic demo generator,28.83,45.51,2.71,286,0,synthetic,deterministic demo generator
2025-10-23T06:00:00+05:30,demo-centroid,Synthetic centroid demo,18.625,73.84,56.13,synthetic,deterministic demo generator,29.0,45.0,2.71,286,0,synthetic,deterministic demo generator
2025-10-23T07:00:00+05:30,demo-centroid,Synthetic centroid demo,18.625,73.84,55.72,synthetic,deterministic demo generator,28.83,45.51,2.71,286,0,synthetic,deterministic demo generator
2025-10-23T08:00:00+05:30,demo-centroid,Synthetic centroid demo,18.625,73.84,54.52,synthetic,deterministic demo generator,28.33,47.01,2.71,286,0,synthetic,deterministic demo generator
2025-10-23T09:00:00+05:30,demo-centroid,Synthetic centroid demo,18.625,73.84,52.62,synthetic,deterministic demo generator,27.54,49.39,2.71,286,0,synthetic,deterministic demo generator
2025-10-23T10:00:00+05:30,demo-centroid,Synthetic centroid demo,18.625,73.84,50.13,synthetic,deterministic demo generator,26.5,52.5,2.71,286,0,synthetic,deterministic demo generator
2025-10-23T11:00:00+05:30,demo-centroid,Synthetic centroid demo,18.625,73.84,47.24,synthetic,deterministic demo generator,25.29,56.12,2.71,286,0,synthetic,deterministic demo generator
2025-10-23T12:00:00+05:30,demo-centroid,Synthetic centroid demo,18.625,73.84,44.13,synthetic,deterministic demo generator,24.0,60.0,2.71,286,0,synthetic,deterministic demo generator
2025-10-23T13:00:00+05:30,demo-centroid,Synthetic centroid demo,18.625,73.84,41.03,synthetic,deterministic demo generator,22.71,63.88,2.71,286,0,synthetic,deterministic demo generator
2025-10-23T14:00:00+05:30,demo-centroid,Synthetic centroid demo,18.625,73.84,38.13,synthetic,deterministic demo generator,21.5,67.5,2.71,286,0,synthetic,deterministic demo generator
2025-10-23T15:00:00+05:30,demo-centroid,Synthetic centroid demo,18.625,73.84,35.65,synthetic,deterministic demo generator,20.46,70.61,2.71,286,0,synthetic,deterministic demo generator
2025-10-23T16:00:00+05:30,demo-centroid,Synthetic centroid demo,18.625,73.84,33.74,synthetic,deterministic demo generator,19.67,72.99,2.71,286,0,synthetic,deterministic demo generator
2025-10-23T17:00:00+05:30,demo-centroid,Synthetic centroid demo,18.625,73.84,32.54,synthetic,deterministic demo generator,19.17,74.49,2.71,286,0,synthetic,deterministic demo generator
2025-10-23T18:00:00+05:30,demo-centroid,Synthetic centroid demo,18.625,73.84,32.13,synthetic,deterministic demo generator,19.0,75.0,2.71,286,0,synthetic,deterministic demo generator
2025-10-23T19:00:00+05:30,demo-centroid,Synthetic centroid demo,18.625,73.84,32.54,synthetic,deterministic demo generator,19.17,74.49,2.71,286,0,synthetic,deterministic demo generator
2025-10-23T20:00:00+05:30,demo-centroid,Synthetic centroid demo,18.625,73.84,33.74,synthetic,deterministic demo generator,19.67,72.99,2.71,286,0,synthetic,deterministic demo generator
2025-10-23T21:00:00+05:30,demo-centroid,Synthetic centroid demo,18.625,73.84,35.65,synthetic,deterministic demo generator,20.46,70.61,2.71,286,0,synthetic,deterministic demo generator
2025-10-23T22:00:00+05:30,demo-centroid,Synthetic centroid demo,18.625,73.84,38.13,synthetic,deterministic demo generator,21.5,67.5,2.71,286,0,synthetic,deterministic demo generator
2025-10-23T23:00:00+05:30,demo-centroid,Synthetic centroid demo,18.625,73.84,41.03,synthetic,deterministic demo generator,22.71,63.88,2.71,286,0,synthetic,deterministic demo generator
2025-10-24T00:00:00+05:30,demo-centroid,Synthetic centroid demo,18.625,73.84,43.29,synthetic,deterministic demo generator,24.0,60.0,2.86,299,0,synthetic,deterministic demo generator
2025-10-24T01:00:00+05:30,demo-centroid,Synthetic centroid demo,18.625,73.84,46.4,synthetic,deterministic demo generator,25.29,56.12,2.86,299,0,synthetic,deterministic demo generator
2025-10-24T02:00:00+05:30,demo-centroid,Synthetic centroid demo,18.625,73.84,49.29,synthetic,deterministic demo generator,26.5,52.5,2.86,299,0,synthetic,deterministic demo generator
2025-10-24T03:00:00+05:30,demo-centroid,Synthetic centroid demo,18.625,73.84,51.78,synthetic,deterministic demo generator,27.54,49.39,2.86,299,0,synthetic,deterministic demo generator
2025-10-24T04:00:00+05:30,demo-centroid,Synthetic centroid demo,18.625,73.84,53.69,synthetic,deterministic demo generator,28.33,47.01,2.86,299,0,synthetic,deterministic demo generator
2025-10-24T05:00:00+05:30,demo-centroid,Synthetic centroid demo,18.625,73.84,54.89,synthetic,deterministic demo generator,28.83,45.51,2.86,299,0,synthetic,deterministic demo generator
2025-10-24T06:00:00+05:30,demo-centroid,Synthetic centroid demo,18.625,73.84,55.29,synthetic,deterministic demo generator,29.0,45.0,2.86,299,0,synthetic,deterministic demo generator
2025-10-24T07:00:00+05:30,demo-centroid,Synthetic centroid demo,18.625,73.84,54.89,synthetic,deterministic demo generator,28.83,45.51,2.86,299,0,synthetic,deterministic demo generator
2025-10-24T08:00:00+05:30,demo-centroid,Synthetic centroid demo,18.625,73.84,53.69,synthetic,deterministic demo generator,28.33,47.01,2.86,299,0,synthetic,deterministic demo generator
2025-10-24T09:00:00+05:30,demo-centroid,Synthetic centroid demo,18.625,73.84,51.78,synthetic,deterministic demo generator,27.54,49.39,2.86,299,0,synthetic,deterministic demo generator
2025-10-24T10:00:00+05:30,demo-centroid,Synthetic centroid demo,18.625,73.84,49.29,synthetic,deterministic demo generator,26.5,52.5,2.86,299,0,synthetic,deterministic demo generator
2025-10-24T11:00:00+05:30,demo-centroid,Synthetic centroid demo,18.625,73.84,46.4,synthetic,deterministic demo generator,25.29,56.12,2.86,299,0,synthetic,deterministic demo generator
2025-10-24T12:00:00+05:30,demo-centroid,Synthetic centroid demo,18.625,73.84,43.29,synthetic,deterministic demo generator,24.0,60.0,2.86,299,0,synthetic,deterministic demo generator
2025-10-24T13:00:00+05:30,demo-centroid,Synthetic centroid demo,18.625,73.84,40.19,synthetic,deterministic demo generator,22.71,63.88,2.86,299,0,synthetic,deterministic demo generator
2025-10-24T14:00:00+05:30,demo-centroid,Synthetic centroid demo,18.625,73.84,37.29,synthetic,deterministic demo generator,21.5,67.5,2.86,299,0,synthetic,deterministic demo generator
2025-10-24T15:00:00+05:30,demo-centroid,Synthetic centroid demo,18.625,73.84,34.81,synthetic,deterministic demo generator,20.46,70.61,2.86,299,0,synthetic,deterministic demo generator
2025-10-24T16:00:00+05:30,demo-centroid,Synthetic centroid demo,18.625,73.84,32.9,synthetic,deterministic demo generator,19.67,72.99,2.86,299,0,synthetic,deterministic demo generator
2025-10-24T17:00:00+05:30,demo-centroid,Synthetic centroid demo,18.625,73.84,31.7,synthetic,deterministic demo generator,19.17,74.49,2.86,299,0,synthetic,deterministic demo generator
2025-10-24T18:00:00+05:30,demo-centroid,Synthetic centroid demo,18.625,73.84,31.29,synthetic,deterministic demo generator,19.0,75.0,2.86,299,0,synthetic,deterministic demo generator
2025-10-24T19:00:00+05:30,demo-centroid,Synthetic centroid demo,18.625,73.84,31.7,synthetic,deterministic demo generator,19.17,74.49,2.86,299,0,synthetic,deterministic demo generator
2025-10-24T20:00:00+05:30,demo-centroid,Synthetic centroid demo,18.625,73.84,32.9,synthetic,deterministic demo generator,19.67,72.99,2.86,299,0,synthetic,deterministic demo generator
2025-10-24T21:00:00+05:30,demo-centroid,Synthetic centroid demo,18.625,73.84,34.81,synthetic,deterministic demo generator,20.46,70.61,2.86,299,0,synthetic,deterministic demo generator
2025-10-24T22:00:00+05:30,demo-centroid,Synthetic centroid demo,18.625,73.84,37.29,synthetic,deterministic demo generator,21.5,67.5,2.86,299,0,synthetic,deterministic demo generator
2025-10-24T23:00:00+05:30,demo-centroid,Synthetic centroid demo,18.625,73.84,40.19,synthetic,deterministic demo generator,22.71,63.88,2.86,299,0,synthetic,deterministic demo generator
2025-10-25T00:00:00+05:30,demo-centroid,Synthetic centroid demo,18.625,73.84,42.58,synthetic,deterministic demo generator,24.0,60.0,2.96,312,0,synthetic,deterministic demo generator
2025-10-25T01:00:00+05:30,demo-centroid,Synthetic centroid demo,18.625,73.84,45.69,synthetic,deterministic demo generator,25.29,56.12,2.96,312,0,synthetic,deterministic demo generator
2025-10-25T02:00:00+05:30,demo-centroid,Synthetic centroid demo,18.625,73.84,48.58,synthetic,deterministic demo generator,26.5,52.5,2.96,312,0,synthetic,deterministic demo generator
2025-10-25T03:00:00+05:30,demo-centroid,Synthetic centroid demo,18.625,73.84,51.07,synthetic,deterministic demo generator,27.54,49.39,2.96,312,0,synthetic,deterministic demo generator
2025-10-25T04:00:00+05:30,demo-centroid,Synthetic centroid demo,18.625,73.84,52.97,synthetic,deterministic demo generator,28.33,47.01,2.96,312,0,synthetic,deterministic demo generator
2025-10-25T05:00:00+05:30,demo-centroid,Synthetic centroid demo,18.625,73.84,54.17,synthetic,deterministic demo generator,28.83,45.51,2.96,312,0,synthetic,deterministic demo generator
2025-10-25T06:00:00+05:30,demo-centroid,Synthetic centroid demo,18.625,73.84,54.58,synthetic,deterministic demo generator,29.0,45.0,2.96,312,0,synthetic,deterministic demo generator
2025-10-25T07:00:00+05:30,demo-centroid,Synthetic centroid demo,18.625,73.84,54.17,synthetic,deterministic demo generator,28.83,45.51,2.96,312,0,synthetic,deterministic demo generator
2025-10-25T08:00:00+05:30,demo-centroid,Synthetic centroid demo,18.625,73.84,52.97,synthetic,deterministic demo generator,28.33,47.01,2.96,312,0,synthetic,deterministic demo generator
2025-10-25T09:00:00+05:30,demo-centroid,Synthetic centroid demo,18.625,73.84,51.07,synthetic,deterministic demo generator,27.54,49.39,2.96,312,0,synthetic,deterministic demo generator
2025-10-25T10:00:00+05:30,demo-centroid,Synthetic centroid demo,18.625,73.84,48.58,synthetic,deterministic demo generator,26.5,52.5,2.96,312,0,synthetic,deterministic demo generator
2025-10-25T11:00:00+05:30,demo-centroid,Synthetic centroid demo,18.625,73.84,45.69,synthetic,deterministic demo generator,25.29,56.12,2.96,312,0,synthetic,deterministic demo generator
2025-10-25T12:00:00+05:30,demo-centroid,Synthetic centroid demo,18.625,73.84,42.58,synthetic,deterministic demo generator,24.0,60.0,2.96,312,0,synthetic,deterministic demo generator
2025-10-25T13:00:00+05:30,demo-centroid,Synthetic centroid demo,18.625,73.84,39.48,synthetic,deterministic demo generator,22.71,63.88,2.96,312,0,synthetic,deterministic demo generator
2025-10-25T14:00:00+05:30,demo-centroid,Synthetic centroid demo,18.625,73.84,36.58,synthetic,deterministic demo generator,21.5,67.5,2.96,312,0,synthetic,deterministic demo generator
2025-10-25T15:00:00+05:30,demo-centroid,Synthetic centroid demo,18.625,73.84,34.1,synthetic,deterministic demo generator,20.46,70.61,2.96,312,0,synthetic,deterministic demo generator
2025-10-25T16:00:00+05:30,demo-centroid,Synthetic centroid demo,18.625,73.84,32.19,synthetic,deterministic demo generator,19.67,72.99,2.96,312,0,synthetic,deterministic demo generator
2025-10-25T17:00:00+05:30,demo-centroid,Synthetic centroid demo,18.625,73.84,30.99,synthetic,deterministic demo generator,19.17,74.49,2.96,312,0,synthetic,deterministic demo generator
2025-10-25T18:00:00+05:30,demo-centroid,Synthetic centroid demo,18.625,73.84,30.58,synthetic,deterministic demo generator,19.0,75.0,2.96,312,0,synthetic,deterministic demo generator
2025-10-25T19:00:00+05:30,demo-centroid,Synthetic centroid demo,18.625,73.84,30.99,synthetic,deterministic demo generator,19.17,74.49,2.96,312,0,synthetic,deterministic demo generator
2025-10-25T20:00:00+05:30,demo-centroid,Synthetic centroid demo,18.625,73.84,32.19,synthetic,deterministic demo generator,19.67,72.99,2.96,312,0,synthetic,deterministic demo generator
2025-10-25T21:00:00+05:30,demo-centroid,Synthetic centroid demo,18.625,73.84,34.1,synthetic,deterministic demo generator,20.46,70.61,2.96,312,0,synthetic,deterministic demo generator
2025-10-25T22:00:00+05:30,demo-centroid,Synthetic centroid demo,18.625,73.84,36.58,synthetic,deterministic demo generator,21.5,67.5,2.96,312,0,synthetic,deterministic demo generator
2025-10-25T23:00:00+05:30,demo-centroid,Synthetic centroid demo,18.625,73.84,39.48,synthetic,deterministic demo generator,22.71,63.88,2.96,312,0,synthetic,deterministic demo generator
2025-10-26T00:00:00+05:30,demo-centroid,Synthetic centroid demo,18.625,73.84,42.02,synthetic,deterministic demo generator,24.0,60.0,3.0,325,0,synthetic,deterministic demo generator
2025-10-26T01:00:00+05:30,demo-centroid,Synthetic centroid demo,18.625,73.84,45.12,synthetic,deterministic demo generator,25.29,56.12,3.0,325,0,synthetic,deterministic demo generator
2025-10-26T02:00:00+05:30,demo-centroid,Synthetic centroid demo,18.625,73.84,48.02,synthetic,deterministic demo generator,26.5,52.5,3.0,325,0,synthetic,deterministic demo generator
2025-10-26T03:00:00+05:30,demo-centroid,Synthetic centroid demo,18.625,73.84,50.5,synthetic,deterministic demo generator,27.54,49.39,3.0,325,0,synthetic,deterministic demo generator
2025-10-26T04:00:00+05:30,demo-centroid,Synthetic centroid demo,18.625,73.84,52.41,synthetic,deterministic demo generator,28.33,47.01,3.0,325,0,synthetic,deterministic demo generator
2025-10-26T05:00:00+05:30,demo-centroid,Synthetic centroid demo,18.625,73.84,53.61,synthetic,deterministic demo generator,28.83,45.51,3.0,325,0,synthetic,deterministic demo generator
2025-10-26T06:00:00+05:30,demo-centroid,Synthetic centroid demo,18.625,73.84,54.02,synthetic,deterministic demo generator,29.0,45.0,3.0,325,0,synthetic,deterministic demo generator
2025-10-26T07:00:00+05:30,demo-centroid,Synthetic centroid demo,18.625,73.84,53.61,synthetic,deterministic demo generator,28.83,45.51,3.0,325,0,synthetic,deterministic demo generator
2025-10-26T08:00:00+05:30,demo-centroid,Synthetic centroid demo,18.625,73.84,52.41,synthetic,deterministic demo generator,28.33,47.01,3.0,325,0,synthetic,deterministic demo generator
2025-10-26T09:00:00+05:30,demo-centroid,Synthetic centroid demo,18.625,73.84,50.5,synthetic,deterministic demo generator,27.54,49.39,3.0,325,0,synthetic,deterministic demo generator
2025-10-26T10:00:00+05:30,demo-centroid,Synthetic centroid demo,18.625,73.84,48.02,synthetic,deterministic demo generator,26.5,52.5,3.0,325,0,synthetic,deterministic demo generator
2025-10-26T11:00:00+05:30,demo-centroid,Synthetic centroid demo,18.625,73.84,45.12,synthetic,deterministic demo generator,25.29,56.12,3.0,325,0,synthetic,deterministic demo generator
2025-10-26T12:00:00+05:30,demo-centroid,Synthetic centroid demo,18.625,73.84,42.02,synthetic,deterministic demo generator,24.0,60.0,3.0,325,0,synthetic,deterministic demo generator
2025-10-26T13:00:00+05:30,demo-centroid,Synthetic centroid demo,18.625,73.84,38.91,synthetic,deterministic demo generator,22.71,63.88,3.0,325,0,synthetic,deterministic demo generator
2025-10-26T14:00:00+05:30,demo-centroid,Synthetic centroid demo,18.625,73.84,36.02,synthetic,deterministic demo generator,21.5,67.5,3.0,325,0,synthetic,deterministic demo generator
2025-10-26T15:00:00+05:30,demo-centroid,Synthetic centroid demo,18.625,73.84,33.53,synthetic,deterministic demo generator,20.46,70.61,3.0,325,0,synthetic,deterministic demo generator
2025-10-26T16:00:00+05:30,demo-centroid,Synthetic centroid demo,18.625,73.84,31.62,synthetic,deterministic demo generator,19.67,72.99,3.0,325,0,synthetic,deterministic demo generator
2025-10-26T17:00:00+05:30,demo-centroid,Synthetic centroid demo,18.625,73.84,30.43,synthetic,deterministic demo generator,19.17,74.49,3.0,325,0,synthetic,deterministic demo generator
2025-10-26T18:00:00+05:30,demo-centroid,Synthetic centroid demo,18.625,73.84,30.02,synthetic,deterministic demo generator,19.0,75.0,3.0,325,0,synthetic,deterministic demo generator
2025-10-26T19:00:00+05:30,demo-centroid,Synthetic centroid demo,18.625,73.84,30.43,synthetic,deterministic demo generator,19.17,74.49,3.0,325,0,synthetic,deterministic demo generator
2025-10-26T20:00:00+05:30,demo-centroid,Synthetic centroid demo,18.625,73.84,31.62,synthetic,deterministic demo generator,19.67,72.99,3.0,325,0,synthetic,deterministic demo generator
2025-10-26T21:00:00+05:30,demo-centroid,Synthetic centroid demo,18.625,73.84,33.53,synthetic,deterministic demo generator,20.46,70.61,3.0,325,0,synthetic,deterministic demo generator
2025-10-26T22:00:00+05:30,demo-centroid,Synthetic centroid demo,18.625,73.84,36.02,synthetic,deterministic demo generator,21.5,67.5,3.0,325,0,synthetic,deterministic demo generator
2025-10-26T23:00:00+05:30,demo-centroid,Synthetic centroid demo,18.625,73.84,38.91,synthetic,deterministic demo generator,22.71,63.88,3.0,325,0,synthetic,deterministic demo generator
2025-10-27T00:00:00+05:30,demo-centroid,Synthetic centroid demo,18.625,73.84,41.62,synthetic,deterministic demo generator,24.0,60.0,2.98,338,0,synthetic,deterministic demo generator
2025-10-27T01:00:00+05:30,demo-centroid,Synthetic centroid demo,18.625,73.84,44.72,synthetic,deterministic demo generator,25.29,56.12,2.98,338,0,synthetic,deterministic demo generator
2025-10-27T02:00:00+05:30,demo-centroid,Synthetic centroid demo,18.625,73.84,47.62,synthetic,deterministic demo generator,26.5,52.5,2.98,338,0,synthetic,deterministic demo generator
2025-10-27T03:00:00+05:30,demo-centroid,Synthetic centroid demo,18.625,73.84,50.1,synthetic,deterministic demo generator,27.54,49.39,2.98,338,0,synthetic,deterministic demo generator
2025-10-27T04:00:00+05:30,demo-centroid,Synthetic centroid demo,18.625,73.84,52.01,synthetic,deterministic demo generator,28.33,47.01,2.98,338,0,synthetic,deterministic demo generator
2025-10-27T05:00:00+05:30,demo-centroid,Synthetic centroid demo,18.625,73.84,53.21,synthetic,deterministic demo generator,28.83,45.51,2.98,338,0,synthetic,deterministic demo generator
2025-10-27T06:00:00+05:30,demo-centroid,Synthetic centroid demo,18.625,73.84,53.62,synthetic,deterministic demo generator,29.0,45.0,2.98,338,0,synthetic,deterministic demo generator
2025-10-27T07:00:00+05:30,demo-centroid,Synthetic centroid demo,18.625,73.84,53.21,synthetic,deterministic demo generator,28.83,45.51,2.98,338,0,synthetic,deterministic demo generator
2025-10-27T08:00:00+05:30,demo-centroid,Synthetic centroid demo,18.625,73.84,52.01,synthetic,deterministic demo generator,28.33,47.01,2.98,338,0,synthetic,deterministic demo generator
2025-10-27T09:00:00+05:30,demo-centroid,Synthetic centroid demo,18.625,73.84,50.1,synthetic,deterministic demo generator,27.54,49.39,2.98,338,0,synthetic,deterministic demo generator
2025-10-27T10:00:00+05:30,demo-centroid,Synthetic centroid demo,18.625,73.84,47.62,synthetic,deterministic demo generator,26.5,52.5,2.98,338,0,synthetic,deterministic demo generator
2025-10-27T11:00:00+05:30,demo-centroid,Synthetic centroid demo,18.625,73.84,44.72,synthetic,deterministic demo generator,25.29,56.12,2.98,338,0,synthetic,deterministic demo generator
2025-10-27T12:00:00+05:30,demo-centroid,Synthetic centroid demo,18.625,73.84,41.62,synthetic,deterministic demo generator,24.0,60.0,2.98,338,0,synthetic,deterministic demo generator
2025-10-27T13:00:00+05:30,demo-centroid,Synthetic centroid demo,18.625,73.84,38.51,synthetic,deterministic demo generator,22.71,63.88,2.98,338,0,synthetic,deterministic demo generator
2025-10-27T14:00:00+05:30,demo-centroid,Synthetic centroid demo,18.625,73.84,35.62,synthetic,deterministic demo generator,21.5,67.5,2.98,338,0,synthetic,deterministic demo generator
2025-10-27T15:00:00+05:30,demo-centroid,Synthetic centroid demo,18.625,73.84,33.13,synthetic,deterministic demo generator,20.46,70.61,2.98,338,0,synthetic,deterministic demo generator
2025-10-27T16:00:00+05:30,demo-centroid,Synthetic centroid demo,18.625,73.84,31.22,synthetic,deterministic demo generator,19.67,72.99,2.98,338,0,synthetic,deterministic demo generator
2025-10-27T17:00:00+05:30,demo-centroid,Synthetic centroid demo,18.625,73.84,30.03,synthetic,deterministic demo generator,19.17,74.49,2.98,338,0,synthetic,deterministic demo generator
2025-10-27T18:00:00+05:30,demo-centroid,Synthetic centroid demo,18.625,73.84,29.62,synthetic,deterministic demo generator,19.0,75.0,2.98,338,0,synthetic,deterministic demo generator
2025-10-27T19:00:00+05:30,demo-centroid,Synthetic centroid demo,18.625,73.84,30.03,synthetic,deterministic demo generator,19.17,74.49,2.98,338,0,synthetic,deterministic demo generator
2025-10-27T20:00:00+05:30,demo-centroid,Synthetic centroid demo,18.625,73.84,31.22,synthetic,deterministic demo generator,19.67,72.99,2.98,338,0,synthetic,deterministic demo generator
2025-10-27T21:00:00+05:30,demo-centroid,Synthetic centroid demo,18.625,73.84,33.13,synthetic,deterministic demo generator,20.46,70.61,2.98,338,0,synthetic,deterministic demo generator
2025-10-27T22:00:00+05:30,demo-centroid,Synthetic centroid demo,18.625,73.84,35.62,synthetic,deterministic demo generator,21.5,67.5,2.98,338,0,synthetic,deterministic demo generator
2025-10-27T23:00:00+05:30,demo-centroid,Synthetic centroid demo,18.625,73.84,38.51,synthetic,deterministic demo generator,22.71,63.88,2.98,338,0,synthetic,deterministic demo generator
2025-10-28T00:00:00+05:30,demo-centroid,Synthetic centroid demo,18.625,73.84,41.4,synthetic,deterministic demo generator,24.0,60.0,2.89,351,0,synthetic,deterministic demo generator
2025-10-28T01:00:00+05:30,demo-centroid,Synthetic centroid demo,18.625,73.84,44.5,synthetic,deterministic demo generator,25.29,56.12,2.89,351,0,synthetic,deterministic demo generator
2025-10-28T02:00:00+05:30,demo-centroid,Synthetic centroid demo,18.625,73.84,47.4,synthetic,deterministic demo generator,26.5,52.5,2.89,351,0,synthetic,deterministic demo generator
2025-10-28T03:00:00+05:30,demo-centroid,Synthetic centroid demo,18.625,73.84,49.88,synthetic,deterministic demo generator,27.54,49.39,2.89,351,0,synthetic,deterministic demo generator
2025-10-28T04:00:00+05:30,demo-centroid,Synthetic centroid demo,18.625,73.84,51.79,synthetic,deterministic demo generator,28.33,47.01,2.89,351,0,synthetic,deterministic demo generator
2025-10-28T05:00:00+05:30,demo-centroid,Synthetic centroid demo,18.625,73.84,52.99,synthetic,deterministic demo generator,28.83,45.51,2.89,351,0,synthetic,deterministic demo generator
2025-10-28T06:00:00+05:30,demo-centroid,Synthetic centroid demo,18.625,73.84,53.4,synthetic,deterministic demo generator,29.0,45.0,2.89,351,0,synthetic,deterministic demo generator
2025-10-28T07:00:00+05:30,demo-centroid,Synthetic centroid demo,18.625,73.84,52.99,synthetic,deterministic demo generator,28.83,45.51,2.89,351,0,synthetic,deterministic demo generator
2025-10-28T08:00:00+05:30,demo-centroid,Synthetic centroid demo,18.625,73.84,51.79,synthetic,deterministic demo generator,28.33,47.01,2.89,351,0,synthetic,deterministic demo generator
2025-10-28T09:00:00+05:30,demo-centroid,Synthetic centroid demo,18.625,73.84,49.88,synthetic,deterministic demo generator,27.54,49.39,2.89,351,0,synthetic,deterministic demo generator
2025-10-28T10:00:00+05:30,demo-centroid,Synthetic centroid demo,18.625,73.84,47.4,synthetic,deterministic demo generator,26.5,52.5,2.89,351,0,synthetic,deterministic demo generator
2025-10-28T11:00:00+05:30,demo-centroid,Synthetic centroid demo,18.625,73.84,44.5,synthetic,deterministic demo generator,25.29,56.12,2.89,351,0,synthetic,deterministic demo generator
2025-10-28T12:00:00+05:30,demo-centroid,Synthetic centroid demo,18.625,73.84,41.4,synthetic,deterministic demo generator,24.0,60.0,2.89,351,0,synthetic,deterministic demo generator
2025-10-28T13:00:00+05:30,demo-centroid,Synthetic centroid demo,18.625,73.84,38.29,synthetic,deterministic demo generator,22.71,63.88,2.89,351,0,synthetic,deterministic demo generator
2025-10-28T14:00:00+05:30,demo-centroid,Synthetic centroid demo,18.625,73.84,35.4,synthetic,deterministic demo generator,21.5,67.5,2.89,351,0,synthetic,deterministic demo generator
2025-10-28T15:00:00+05:30,demo-centroid,Synthetic centroid demo,18.625,73.84,32.91,synthetic,deterministic demo generator,20.46,70.61,2.89,351,0,synthetic,deterministic demo generator
2025-10-28T16:00:00+05:30,demo-centroid,Synthetic centroid demo,18.625,73.84,31.0,synthetic,deterministic demo generator,19.67,72.99,2.89,351,0,synthetic,deterministic demo generator
2025-10-28T17:00:00+05:30,demo-centroid,Synthetic centroid demo,18.625,73.84,29.81,synthetic,deterministic demo generator,19.17,74.49,2.89,351,0,synthetic,deterministic demo generator
2025-10-28T18:00:00+05:30,demo-centroid,Synthetic centroid demo,18.625,73.84,29.4,synthetic,deterministic demo generator,19.0,75.0,2.89,351,0,synthetic,deterministic demo generator
2025-10-28T19:00:00+05:30,demo-centroid,Synthetic centroid demo,18.625,73.84,29.81,synthetic,deterministic demo generator,19.17,74.49,2.89,351,0,synthetic,deterministic demo generator
2025-10-28T20:00:00+05:30,demo-centroid,Synthetic centroid demo,18.625,73.84,31.0,synthetic,deterministic demo generator,19.67,72.99,2.89,351,0,synthetic,deterministic demo generator
2025-10-28T21:00:00+05:30,demo-centroid,Synthetic centroid demo,18.625,73.84,32.91,synthetic,deterministic demo generator,20.46,70.61,2.89,351,0,synthetic,deterministic demo generator
2025-10-28T22:00:00+05:30,demo-centroid,Synthetic centroid demo,18.625,73.84,35.4,synthetic,deterministic demo generator,21.5,67.5,2.89,351,0,synthetic,deterministic demo generator
2025-10-28T23:00:00+05:30,demo-centroid,Synthetic centroid demo,18.625,73.84,38.29,synthetic,deterministic demo generator,22.71,63.88,2.89,351,0,synthetic,deterministic demo generator
2025-10-29T00:00:00+05:30,demo-centroid,Synthetic centroid demo,18.625,73.84,41.37,synthetic,deterministic demo generator,24.0,60.0,2.75,4,0,synthetic,deterministic demo generator
2025-10-29T01:00:00+05:30,demo-centroid,Synthetic centroid demo,18.625,73.84,44.47,synthetic,deterministic demo generator,25.29,56.12,2.75,4,0,synthetic,deterministic demo generator
2025-10-29T02:00:00+05:30,demo-centroid,Synthetic centroid demo,18.625,73.84,47.37,synthetic,deterministic demo generator,26.5,52.5,2.75,4,0,synthetic,deterministic demo generator
2025-10-29T03:00:00+05:30,demo-centroid,Synthetic centroid demo,18.625,73.84,49.85,synthetic,deterministic demo generator,27.54,49.39,2.75,4,0,synthetic,deterministic demo generator
2025-10-29T04:00:00+05:30,demo-centroid,Synthetic centroid demo,18.625,73.84,51.76,synthetic,deterministic demo generator,28.33,47.01,2.75,4,0,synthetic,deterministic demo generator
2025-10-29T05:00:00+05:30,demo-centroid,Synthetic centroid demo,18.625,73.84,52.96,synthetic,deterministic demo generator,28.83,45.51,2.75,4,0,synthetic,deterministic demo generator
2025-10-29T06:00:00+05:30,demo-centroid,Synthetic centroid demo,18.625,73.84,53.37,synthetic,deterministic demo generator,29.0,45.0,2.75,4,0,synthetic,deterministic demo generator
2025-10-29T07:00:00+05:30,demo-centroid,Synthetic centroid demo,18.625,73.84,52.96,synthetic,deterministic demo generator,28.83,45.51,2.75,4,0,synthetic,deterministic demo generator
2025-10-29T08:00:00+05:30,demo-centroid,Synthetic centroid demo,18.625,73.84,51.76,synthetic,deterministic demo generator,28.33,47.01,2.75,4,0,synthetic,deterministic demo generator
2025-10-29T09:00:00+05:30,demo-centroid,Synthetic centroid demo,18.625,73.84,49.85,synthetic,deterministic demo generator,27.54,49.39,2.75,4,0,synthetic,deterministic demo generator
2025-10-29T10:00:00+05:30,demo-centroid,Synthetic centroid demo,18.625,73.84,47.37,synthetic,deterministic demo generator,26.5,52.5,2.75,4,0,synthetic,deterministic demo generator
2025-10-29T11:00:00+05:30,demo-centroid,Synthetic centroid demo,18.625,73.84,44.47,synthetic,deterministic demo generator,25.29,56.12,2.75,4,0,synthetic,deterministic demo generator
2025-10-29T12:00:00+05:30,demo-centroid,Synthetic centroid demo,18.625,73.84,41.37,synthetic,deterministic demo generator,24.0,60.0,2.75,4,0,synthetic,deterministic demo generator
2025-10-29T13:00:00+05:30,demo-centroid,Synthetic centroid demo,18.625,73.84,38.26,synthetic,deterministic demo generator,22.71,63.88,2.75,4,0,synthetic,deterministic demo generator
2025-10-29T14:00:00+05:30,demo-centroid,Synthetic centroid demo,18.625,73.84,35.37,synthetic,deterministic demo generator,21.5,67.5,2.75,4,0,synthetic,deterministic demo generator
2025-10-29T15:00:00+05:30,demo-centroid,Synthetic centroid demo,18.625,73.84,32.88,synthetic,deterministic demo generator,20.46,70.61,2.75,4,0,synthetic,deterministic demo generator
2025-10-29T16:00:00+05:30,demo-centroid,Synthetic centroid demo,18.625,73.84,30.98,synthetic,deterministic demo generator,19.67,72.99,2.75,4,0,synthetic,deterministic demo generator
2025-10-29T17:00:00+05:30,demo-centroid,Synthetic centroid demo,18.625,73.84,29.78,synthetic,deterministic demo generator,19.17,74.49,2.75,4,0,synthetic,deterministic demo generator
2025-10-29T18:00:00+05:30,demo-centroid,Synthetic centroid demo,18.625,73.84,29.37,synthetic,deterministic demo generator,19.0,75.0,2.75,4,0,synthetic,deterministic demo generator
2025-10-29T19:00:00+05:30,demo-centroid,Synthetic centroid demo,18.625,73.84,29.78,synthetic,deterministic demo generator,19.17,74.49,2.75,4,0,synthetic,deterministic demo generator
2025-10-29T20:00:00+05:30,demo-centroid,Synthetic centroid demo,18.625,73.84,30.98,synthetic,deterministic demo generator,19.67,72.99,2.75,4,0,synthetic,deterministic demo generator
2025-10-29T21:00:00+05:30,demo-centroid,Synthetic centroid demo,18.625,73.84,32.88,synthetic,deterministic demo generator,20.46,70.61,2.75,4,0,synthetic,deterministic demo generator
2025-10-29T22:00:00+05:30,demo-centroid,Synthetic centroid demo,18.625,73.84,35.37,synthetic,deterministic demo generator,21.5,67.5,2.75,4,0,synthetic,deterministic demo generator
2025-10-29T23:00:00+05:30,demo-centroid,Synthetic centroid demo,18.625,73.84,38.26,synthetic,deterministic demo generator,22.71,63.88,2.75,4,0,synthetic,deterministic demo generator
2025-10-30T00:00:00+05:30,demo-centroid,Synthetic centroid demo,18.625,73.84,41.53,synthetic,deterministic demo generator,24.0,60.0,2.57,17,0,synthetic,deterministic demo generator
2025-10-30T01:00:00+05:30,demo-centroid,Synthetic centroid demo,18.625,73.84,44.64,synthetic,deterministic demo generator,25.29,56.12,2.57,17,0,synthetic,deterministic demo generator
2025-10-30T02:00:00+05:30,demo-centroid,Synthetic centroid demo,18.625,73.84,47.53,synthetic,deterministic demo generator,26.5,52.5,2.57,17,0,synthetic,deterministic demo generator
2025-10-30T03:00:00+05:30,demo-centroid,Synthetic centroid demo,18.625,73.84,50.02,synthetic,deterministic demo generator,27.54,49.39,2.57,17,0,synthetic,deterministic demo generator
2025-10-30T04:00:00+05:30,demo-centroid,Synthetic centroid demo,18.625,73.84,51.92,synthetic,deterministic demo generator,28.33,47.01,2.57,17,0,synthetic,deterministic demo generator
2025-10-30T05:00:00+05:30,demo-centroid,Synthetic centroid demo,18.625,73.84,53.12,synthetic,deterministic demo generator,28.83,45.51,2.57,17,0,synthetic,deterministic demo generator
2025-10-30T06:00:00+05:30,demo-centroid,Synthetic centroid demo,18.625,73.84,53.53,synthetic,deterministic demo generator,29.0,45.0,2.57,17,0,synthetic,deterministic demo generator
2025-10-30T07:00:00+05:30,demo-centroid,Synthetic centroid demo,18.625,73.84,53.12,synthetic,deterministic demo generator,28.83,45.51,2.57,17,0,synthetic,deterministic demo generator
2025-10-30T08:00:00+05:30,demo-centroid,Synthetic centroid demo,18.625,73.84,51.92,synthetic,deterministic demo generator,28.33,47.01,2.57,17,0,synthetic,deterministic demo generator
2025-10-30T09:00:00+05:30,demo-centroid,Synthetic centroid demo,18.625,73.84,50.02,synthetic,deterministic demo generator,27.54,49.39,2.57,17,0,synthetic,deterministic demo generator
2025-10-30T10:00:00+05:30,demo-centroid,Synthetic centroid demo,18.625,73.84,47.53,synthetic,deterministic demo generator,26.5,52.5,2.57,17,0,synthetic,deterministic demo generator
2025-10-30T11:00:00+05:30,demo-centroid,Synthetic centroid demo,18.625,73.84,44.64,synthetic,deterministic demo generator,25.29,56.12,2.57,17,0,synthetic,deterministic demo generator
2025-10-30T12:00:00+05:30,demo-centroid,Synthetic centroid demo,18.625,73.84,41.53,synthetic,deterministic demo generator,24.0,60.0,2.57,17,0,synthetic,deterministic demo generator
2025-10-30T13:00:00+05:30,demo-centroid,Synthetic centroid demo,18.625,73.84,38.43,synthetic,deterministic demo generator,22.71,63.88,2.57,17,0,synthetic,deterministic demo generator
2025-10-30T14:00:00+05:30,demo-centroid,Synthetic centroid demo,18.625,73.84,35.53,synthetic,deterministic demo generator,21.5,67.5,2.57,17,0,synthetic,deterministic demo generator
2025-10-30T15:00:00+05:30,demo-centroid,Synthetic centroid demo,18.625,73.84,33.05,synthetic,deterministic demo generator,20.46,70.61,2.57,17,0,synthetic,deterministic demo generator
2025-10-30T16:00:00+05:30,demo-centroid,Synthetic centroid demo,18.625,73.84,31.14,synthetic,deterministic demo generator,19.67,72.99,2.57,17,0,synthetic,deterministic demo generator
2025-10-30T17:00:00+05:30,demo-centroid,Synthetic centroid demo,18.625,73.84,29.94,synthetic,deterministic demo generator,19.17,74.49,2.57,17,0,synthetic,deterministic demo generator
2025-10-30T18:00:00+05:30,demo-centroid,Synthetic centroid demo,18.625,73.84,29.53,synthetic,deterministic demo generator,19.0,75.0,2.57,17,0,synthetic,deterministic demo generator
2025-10-30T19:00:00+05:30,demo-centroid,Synthetic centroid demo,18.625,73.84,29.94,synthetic,deterministic demo generator,19.17,74.49,2.57,17,0,synthetic,deterministic demo generator
2025-10-30T20:00:00+05:30,demo-centroid,Synthetic centroid demo,18.625,73.84,31.14,synthetic,deterministic demo generator,19.67,72.99,2.57,17,0,synthetic,deterministic demo generator
2025-10-30T21:00:00+05:30,demo-centroid,Synthetic centroid demo,18.625,73.84,33.05,synthetic,deterministic demo generator,20.46,70.61,2.57,17,0,synthetic,deterministic demo generator
2025-10-30T22:00:00+05:30,demo-centroid,Synthetic centroid demo,18.625,73.84,35.53,synthetic,deterministic demo generator,21.5,67.5,2.57,17,0,synthetic,deterministic demo generator
2025-10-30T23:00:00+05:30,demo-centroid,Synthetic centroid demo,18.625,73.84,38.43,synthetic,deterministic demo generator,22.71,63.88,2.57,17,0,synthetic,deterministic demo generator
2025-10-31T00:00:00+05:30,demo-centroid,Synthetic centroid demo,18.625,73.84,41.89,synthetic,deterministic demo generator,24.0,60.0,2.35,30,0,synthetic,deterministic demo generator
2025-10-31T01:00:00+05:30,demo-centroid,Synthetic centroid demo,18.625,73.84,44.99,synthetic,deterministic demo generator,25.29,56.12,2.35,30,0,synthetic,deterministic demo generator
2025-10-31T02:00:00+05:30,demo-centroid,Synthetic centroid demo,18.625,73.84,47.89,synthetic,deterministic demo generator,26.5,52.5,2.35,30,0,synthetic,deterministic demo generator
2025-10-31T03:00:00+05:30,demo-centroid,Synthetic centroid demo,18.625,73.84,50.37,synthetic,deterministic demo generator,27.54,49.39,2.35,30,0,synthetic,deterministic demo generator
2025-10-31T04:00:00+05:30,demo-centroid,Synthetic centroid demo,18.625,73.84,52.28,synthetic,deterministic demo generator,28.33,47.01,2.35,30,0,synthetic,deterministic demo generator
2025-10-31T05:00:00+05:30,demo-centroid,Synthetic centroid demo,18.625,73.84,53.48,synthetic,deterministic demo generator,28.83,45.51,2.35,30,0,synthetic,deterministic demo generator
2025-10-31T06:00:00+05:30,demo-centroid,Synthetic centroid demo,18.625,73.84,53.89,synthetic,deterministic demo generator,29.0,45.0,2.35,30,0,synthetic,deterministic demo generator
2025-10-31T07:00:00+05:30,demo-centroid,Synthetic centroid demo,18.625,73.84,53.48,synthetic,deterministic demo generator,28.83,45.51,2.35,30,0,synthetic,deterministic demo generator
2025-10-31T08:00:00+05:30,demo-centroid,Synthetic centroid demo,18.625,73.84,52.28,synthetic,deterministic demo generator,28.33,47.01,2.35,30,0,synthetic,deterministic demo generator
2025-10-31T09:00:00+05:30,demo-centroid,Synthetic centroid demo,18.625,73.84,50.37,synthetic,deterministic demo generator,27.54,49.39,2.35,30,0,synthetic,deterministic demo generator
2025-10-31T10:00:00+05:30,demo-centroid,Synthetic centroid demo,18.625,73.84,47.89,synthetic,deterministic demo generator,26.5,52.5,2.35,30,0,synthetic,deterministic demo generator
2025-10-31T11:00:00+05:30,demo-centroid,Synthetic centroid demo,18.625,73.84,44.99,synthetic,deterministic demo generator,25.29,56.12,2.35,30,0,synthetic,deterministic demo generator
2025-10-31T12:00:00+05:30,demo-centroid,Synthetic centroid demo,18.625,73.84,41.89,synthetic,deterministic demo generator,24.0,60.0,2.35,30,0,synthetic,deterministic demo generator
2025-10-31T13:00:00+05:30,demo-centroid,Synthetic centroid demo,18.625,73.84,38.78,synthetic,deterministic demo generator,22.71,63.88,2.35,30,0,synthetic,deterministic demo generator
2025-10-31T14:00:00+05:30,demo-centroid,Synthetic centroid demo,18.625,73.84,35.89,synthetic,deterministic demo generator,21.5,67.5,2.35,30,0,synthetic,deterministic demo generator
2025-10-31T15:00:00+05:30,demo-centroid,Synthetic centroid demo,18.625,73.84,33.4,synthetic,deterministic demo generator,20.46,70.61,2.35,30,0,synthetic,deterministic demo generator
2025-10-31T16:00:00+05:30,demo-centroid,Synthetic centroid demo,18.625,73.84,31.5,synthetic,deterministic demo generator,19.67,72.99,2.35,30,0,synthetic,deterministic demo generator
2025-10-31T17:00:00+05:30,demo-centroid,Synthetic centroid demo,18.625,73.84,30.3,synthetic,deterministic demo generator,19.17,74.49,2.35,30,0,synthetic,deterministic demo generator
2025-10-31T18:00:00+05:30,demo-centroid,Synthetic centroid demo,18.625,73.84,29.89,synthetic,deterministic demo generator,19.0,75.0,2.35,30,0,synthetic,deterministic demo generator
2025-10-31T19:00:00+05:30,demo-centroid,Synthetic centroid demo,18.625,73.84,30.3,synthetic,deterministic demo generator,19.17,74.49,2.35,30,0,synthetic,deterministic demo generator
2025-10-31T20:00:00+05:30,demo-centroid,Synthetic centroid demo,18.625,73.84,31.5,synthetic,deterministic demo generator,19.67,72.99,2.35,30,0,synthetic,deterministic demo generator
2025-10-31T21:00:00+05:30,demo-centroid,Synthetic centroid demo,18.625,73.84,33.4,synthetic,deterministic demo generator,20.46,70.61,2.35,30,0,synthetic,deterministic demo generator
2025-10-31T22:00:00+05:30,demo-centroid,Synthetic centroid demo,18.625,73.84,35.89,synthetic,deterministic demo generator,21.5,67.5,2.35,30,0,synthetic,deterministic demo generator
2025-10-31T23:00:00+05:30,demo-centroid,Synthetic centroid demo,18.625,73.84,38.78,synthetic,deterministic demo generator,22.71,63.88,2.35,30,0,synthetic,deterministic demo generator
2025-11-01T00:00:00+05:30,demo-centroid,Synthetic centroid demo,18.625,73.84,42.43,synthetic,deterministic demo generator,24.0,60.0,2.1,43,0,synthetic,deterministic demo generator
2025-11-01T01:00:00+05:30,demo-centroid,Synthetic centroid demo,18.625,73.84,45.54,synthetic,deterministic demo generator,25.29,56.12,2.1,43,0,synthetic,deterministic demo generator
2025-11-01T02:00:00+05:30,demo-centroid,Synthetic centroid demo,18.625,73.84,48.43,synthetic,deterministic demo generator,26.5,52.5,2.1,43,0,synthetic,deterministic demo generator
2025-11-01T03:00:00+05:30,demo-centroid,Synthetic centroid demo,18.625,73.84,50.92,synthetic,deterministic demo generator,27.54,49.39,2.1,43,0,synthetic,deterministic demo generator
2025-11-01T04:00:00+05:30,demo-centroid,Synthetic centroid demo,18.625,73.84,52.82,synthetic,deterministic demo generator,28.33,47.01,2.1,43,0,synthetic,deterministic demo generator
2025-11-01T05:00:00+05:30,demo-centroid,Synthetic centroid demo,18.625,73.84,54.02,synthetic,deterministic demo generator,28.83,45.51,2.1,43,0,synthetic,deterministic demo generator
2025-11-01T06:00:00+05:30,demo-centroid,Synthetic centroid demo,18.625,73.84,54.43,synthetic,deterministic demo generator,29.0,45.0,2.1,43,0,synthetic,deterministic demo generator
2025-11-01T07:00:00+05:30,demo-centroid,Synthetic centroid demo,18.625,73.84,54.02,synthetic,deterministic demo generator,28.83,45.51,2.1,43,0,synthetic,deterministic demo generator
2025-11-01T08:00:00+05:30,demo-centroid,Synthetic centroid demo,18.625,73.84,52.82,synthetic,deterministic demo generator,28.33,47.01,2.1,43,0,synthetic,deterministic demo generator
2025-11-01T09:00:00+05:30,demo-centroid,Synthetic centroid demo,18.625,73.84,50.92,synthetic,deterministic demo generator,27.54,49.39,2.1,43,0,synthetic,deterministic demo generator
2025-11-01T10:00:00+05:30,demo-centroid,Synthetic centroid demo,18.625,73.84,48.43,synthetic,deterministic demo generator,26.5,52.5,2.1,43,0,synthetic,deterministic demo generator
2025-11-01T11:00:00+05:30,demo-centroid,Synthetic centroid demo,18.625,73.84,45.54,synthetic,deterministic demo generator,25.29,56.12,2.1,43,0,synthetic,deterministic demo generator
2025-11-01T12:00:00+05:30,demo-centroid,Synthetic centroid demo,18.625,73.84,42.43,synthetic,deterministic demo generator,24.0,60.0,2.1,43,0,synthetic,deterministic demo generator
2025-11-01T13:00:00+05:30,demo-centroid,Synthetic centroid demo,18.625,73.84,39.32,synthetic,deterministic demo generator,22.71,63.88,2.1,43,0,synthetic,deterministic demo generator
2025-11-01T14:00:00+05:30,demo-centroid,Synthetic centroid demo,18.625,73.84,36.43,synthetic,deterministic demo generator,21.5,67.5,2.1,43,0,synthetic,deterministic demo generator
2025-11-01T15:00:00+05:30,demo-centroid,Synthetic centroid demo,18.625,73.84,33.94,synthetic,deterministic demo generator,20.46,70.61,2.1,43,0,synthetic,deterministic demo generator
2025-11-01T16:00:00+05:30,demo-centroid,Synthetic centroid demo,18.625,73.84,32.04,synthetic,deterministic demo generator,19.67,72.99,2.1,43,0,synthetic,deterministic demo generator
2025-11-01T17:00:00+05:30,demo-centroid,Synthetic centroid demo,18.625,73.84,30.84,synthetic,deterministic demo generator,19.17,74.49,2.1,43,0,synthetic,deterministic demo generator
2025-11-01T18:00:00+05:30,demo-centroid,Synthetic centroid demo,18.625,73.84,30.43,synthetic,deterministic demo generator,19.0,75.0,2.1,43,0,synthetic,deterministic demo generator
2025-11-01T19:00:00+05:30,demo-centroid,Synthetic centroid demo,18.625,73.84,30.84,synthetic,deterministic demo generator,19.17,74.49,2.1,43,0,synthetic,deterministic demo generator
2025-11-01T20:00:00+05:30,demo-centroid,Synthetic centroid demo,18.625,73.84,32.04,synthetic,deterministic demo generator,19.67,72.99,2.1,43,0,synthetic,deterministic demo generator
2025-11-01T21:00:00+05:30,demo-centroid,Synthetic centroid demo,18.625,73.84,33.94,synthetic,deterministic demo generator,20.46,70.61,2.1,43,0,synthetic,deterministic demo generator
2025-11-01T22:00:00+05:30,demo-centroid,Synthetic centroid demo,18.625,73.84,36.43,synthetic,deterministic demo generator,21.5,67.5,2.1,43,0,synthetic,deterministic demo generator
2025-11-01T23:00:00+05:30,demo-centroid,Synthetic centroid demo,18.625,73.84,39.32,synthetic,deterministic demo generator,22.71,63.88,2.1,43,0,synthetic,deterministic demo generator
2025-11-02T00:00:00+05:30,demo-centroid,Synthetic centroid demo,18.625,73.84,43.15,synthetic,deterministic demo generator,24.0,60.0,1.85,56,0,synthetic,deterministic demo generator
2025-11-02T01:00:00+05:30,demo-centroid,Synthetic centroid demo,18.625,73.84,46.25,synthetic,deterministic demo generator,25.29,56.12,1.85,56,0,synthetic,deterministic demo generator
2025-11-02T02:00:00+05:30,demo-centroid,Synthetic centroid demo,18.625,73.84,49.15,synthetic,deterministic demo generator,26.5,52.5,1.85,56,0,synthetic,deterministic demo generator
2025-11-02T03:00:00+05:30,demo-centroid,Synthetic centroid demo,18.625,73.84,51.63,synthetic,deterministic demo generator,27.54,49.39,1.85,56,0,synthetic,deterministic demo generator
2025-11-02T04:00:00+05:30,demo-centroid,Synthetic centroid demo,18.625,73.84,53.54,synthetic,deterministic demo generator,28.33,47.01,1.85,56,0,synthetic,deterministic demo generator
2025-11-02T05:00:00+05:30,demo-centroid,Synthetic centroid demo,18.625,73.84,54.74,synthetic,deterministic demo generator,28.83,45.51,1.85,56,0,synthetic,deterministic demo generator
2025-11-02T06:00:00+05:30,demo-centroid,Synthetic centroid demo,18.625,73.84,55.15,synthetic,deterministic demo generator,29.0,45.0,1.85,56,0,synthetic,deterministic demo generator
2025-11-02T07:00:00+05:30,demo-centroid,Synthetic centroid demo,18.625,73.84,54.74,synthetic,deterministic demo generator,28.83,45.51,1.85,56,0,synthetic,deterministic demo generator
2025-11-02T08:00:00+05:30,demo-centroid,Synthetic centroid demo,18.625,73.84,53.54,synthetic,deterministic demo generator,28.33,47.01,1.85,56,0,synthetic,deterministic demo generator
2025-11-02T09:00:00+05:30,demo-centroid,Synthetic centroid demo,18.625,73.84,51.63,synthetic,deterministic demo generator,27.54,49.39,1.85,56,0,synthetic,deterministic demo generator
2025-11-02T10:00:00+05:30,demo-centroid,Synthetic centroid demo,18.625,73.84,49.15,synthetic,deterministic demo generator,26.5,52.5,1.85,56,0,synthetic,deterministic demo generator
2025-11-02T11:00:00+05:30,demo-centroid,Synthetic centroid demo,18.625,73.84,46.25,synthetic,deterministic demo generator,25.29,56.12,1.85,56,0,synthetic,deterministic demo generator
2025-11-02T12:00:00+05:30,demo-centroid,Synthetic centroid demo,18.625,73.84,43.15,synthetic,deterministic demo generator,24.0,60.0,1.85,56,0,synthetic,deterministic demo generator
2025-11-02T13:00:00+05:30,demo-centroid,Synthetic centroid demo,18.625,73.84,40.04,synthetic,deterministic demo generator,22.71,63.88,1.85,56,0,synthetic,deterministic demo generator
2025-11-02T14:00:00+05:30,demo-centroid,Synthetic centroid demo,18.625,73.84,37.15,synthetic,deterministic demo generator,21.5,67.5,1.85,56,0,synthetic,deterministic demo generator
2025-11-02T15:00:00+05:30,demo-centroid,Synthetic centroid demo,18.625,73.84,34.66,synthetic,deterministic demo generator,20.46,70.61,1.85,56,0,synthetic,deterministic demo generator
2025-11-02T16:00:00+05:30,demo-centroid,Synthetic centroid demo,18.625,73.84,32.75,synthetic,deterministic demo generator,19.67,72.99,1.85,56,0,synthetic,deterministic demo generator
2025-11-02T17:00:00+05:30,demo-centroid,Synthetic centroid demo,18.625,73.84,31.56,synthetic,deterministic demo generator,19.17,74.49,1.85,56,0,synthetic,deterministic demo generator
2025-11-02T18:00:00+05:30,demo-centroid,Synthetic centroid demo,18.625,73.84,31.15,synthetic,deterministic demo generator,19.0,75.0,1.85,56,0,synthetic,deterministic demo generator
2025-11-02T19:00:00+05:30,demo-centroid,Synthetic centroid demo,18.625,73.84,31.56,synthetic,deterministic demo generator,19.17,74.49,1.85,56,0,synthetic,deterministic demo generator
2025-11-02T20:00:00+05:30,demo-centroid,Synthetic centroid demo,18.625,73.84,32.75,synthetic,deterministic demo generator,19.67,72.99,1.85,56,0,synthetic,deterministic demo generator
2025-11-02T21:00:00+05:30,demo-centroid,Synthetic centroid demo,18.625,73.84,34.66,synthetic,deterministic demo generator,20.46,70.61,1.85,56,0,synthetic,deterministic demo generator
2025-11-02T22:00:00+05:30,demo-centroid,Synthetic centroid demo,18.625,73.84,37.15,synthetic,deterministic demo generator,21.5,67.5,1.85,56,0,synthetic,deterministic demo generator
2025-11-02T23:00:00+05:30,demo-centroid,Synthetic centroid demo,18.625,73.84,40.04,synthetic,deterministic demo generator,22.71,63.88,1.85,56,0,synthetic,deterministic demo generator
2025-11-03T00:00:00+05:30,demo-centroid,Synthetic centroid demo,18.625,73.84,44.02,synthetic,deterministic demo generator,24.0,60.0,1.61,69,0,synthetic,deterministic demo generator
2025-11-03T01:00:00+05:30,demo-centroid,Synthetic centroid demo,18.625,73.84,47.13,synthetic,deterministic demo generator,25.29,56.12,1.61,69,0,synthetic,deterministic demo generator
2025-11-03T02:00:00+05:30,demo-centroid,Synthetic centroid demo,18.625,73.84,50.02,synthetic,deterministic demo generator,26.5,52.5,1.61,69,0,synthetic,deterministic demo generator
2025-11-03T03:00:00+05:30,demo-centroid,Synthetic centroid demo,18.625,73.84,52.51,synthetic,deterministic demo generator,27.54,49.39,1.61,69,0,synthetic,deterministic demo generator
2025-11-03T04:00:00+05:30,demo-centroid,Synthetic centroid demo,18.625,73.84,54.41,synthetic,deterministic demo generator,28.33,47.01,1.61,69,0,synthetic,deterministic demo generator
2025-11-03T05:00:00+05:30,demo-centroid,Synthetic centroid demo,18.625,73.84,55.61,synthetic,deterministic demo generator,28.83,45.51,1.61,69,0,synthetic,deterministic demo generator
2025-11-03T06:00:00+05:30,demo-centroid,Synthetic centroid demo,18.625,73.84,56.02,synthetic,deterministic demo generator,29.0,45.0,1.61,69,0,synthetic,deterministic demo generator
2025-11-03T07:00:00+05:30,demo-centroid,Synthetic centroid demo,18.625,73.84,55.61,synthetic,deterministic demo generator,28.83,45.51,1.61,69,0,synthetic,deterministic demo generator
2025-11-03T08:00:00+05:30,demo-centroid,Synthetic centroid demo,18.625,73.84,54.41,synthetic,deterministic demo generator,28.33,47.01,1.61,69,0,synthetic,deterministic demo generator
2025-11-03T09:00:00+05:30,demo-centroid,Synthetic centroid demo,18.625,73.84,52.51,synthetic,deterministic demo generator,27.54,49.39,1.61,69,0,synthetic,deterministic demo generator
2025-11-03T10:00:00+05:30,demo-centroid,Synthetic centroid demo,18.625,73.84,50.02,synthetic,deterministic demo generator,26.5,52.5,1.61,69,0,synthetic,deterministic demo generator
2025-11-03T11:00:00+05:30,demo-centroid,Synthetic centroid demo,18.625,73.84,47.13,synthetic,deterministic demo generator,25.29,56.12,1.61,69,0,synthetic,deterministic demo generator
2025-11-03T12:00:00+05:30,demo-centroid,Synthetic centroid demo,18.625,73.84,44.02,synthetic,deterministic demo generator,24.0,60.0,1.61,69,0,synthetic,deterministic demo generator
2025-11-03T13:00:00+05:30,demo-centroid,Synthetic centroid demo,18.625,73.84,40.92,synthetic,deterministic demo generator,22.71,63.88,1.61,69,0,synthetic,deterministic demo generator
2025-11-03T14:00:00+05:30,demo-centroid,Synthetic centroid demo,18.625,73.84,38.02,synthetic,deterministic demo generator,21.5,67.5,1.61,69,0,synthetic,deterministic demo generator
2025-11-03T15:00:00+05:30,demo-centroid,Synthetic centroid demo,18.625,73.84,35.54,synthetic,deterministic demo generator,20.46,70.61,1.61,69,0,synthetic,deterministic demo generator
2025-11-03T16:00:00+05:30,demo-centroid,Synthetic centroid demo,18.625,73.84,33.63,synthetic,deterministic demo generator,19.67,72.99,1.61,69,0,synthetic,deterministic demo generator
2025-11-03T17:00:00+05:30,demo-centroid,Synthetic centroid demo,18.625,73.84,32.43,synthetic,deterministic demo generator,19.17,74.49,1.61,69,0,synthetic,deterministic demo generator
2025-11-03T18:00:00+05:30,demo-centroid,Synthetic centroid demo,18.625,73.84,32.02,synthetic,deterministic demo generator,19.0,75.0,1.61,69,0,synthetic,deterministic demo generator
2025-11-03T19:00:00+05:30,demo-centroid,Synthetic centroid demo,18.625,73.84,32.43,synthetic,deterministic demo generator,19.17,74.49,1.61,69,0,synthetic,deterministic demo generator
2025-11-03T20:00:00+05:30,demo-centroid,Synthetic centroid demo,18.625,73.84,33.63,synthetic,deterministic demo generator,19.67,72.99,1.61,69,0,synthetic,deterministic demo generator
2025-11-03T21:00:00+05:30,demo-centroid,Synthetic centroid demo,18.625,73.84,35.54,synthetic,deterministic demo generator,20.46,70.61,1.61,69,0,synthetic,deterministic demo generator
2025-11-03T22:00:00+05:30,demo-centroid,Synthetic centroid demo,18.625,73.84,38.02,synthetic,deterministic demo generator,21.5,67.5,1.61,69,0,synthetic,deterministic demo generator
2025-11-03T23:00:00+05:30,demo-centroid,Synthetic centroid demo,18.625,73.84,40.92,synthetic,deterministic demo generator,22.71,63.88,1.61,69,0,synthetic,deterministic demo generator
2025-11-04T00:00:00+05:30,demo-centroid,Synthetic centroid demo,18.625,73.84,45.03,synthetic,deterministic demo generator,24.0,60.0,1.4,82,0,synthetic,deterministic demo generator
2025-11-04T01:00:00+05:30,demo-centroid,Synthetic centroid demo,18.625,73.84,48.14,synthetic,deterministic demo generator,25.29,56.12,1.4,82,0,synthetic,deterministic demo generator
2025-11-04T02:00:00+05:30,demo-centroid,Synthetic centroid demo,18.625,73.84,51.03,synthetic,deterministic demo generator,26.5,52.5,1.4,82,0,synthetic,deterministic demo generator
2025-11-04T03:00:00+05:30,demo-centroid,Synthetic centroid demo,18.625,73.84,53.52,synthetic,deterministic demo generator,27.54,49.39,1.4,82,0,synthetic,deterministic demo generator
2025-11-04T04:00:00+05:30,demo-centroid,Synthetic centroid demo,18.625,73.84,55.42,synthetic,deterministic demo generator,28.33,47.01,1.4,82,0,synthetic,deterministic demo generator
2025-11-04T05:00:00+05:30,demo-centroid,Synthetic centroid demo,18.625,73.84,56.62,synthetic,deterministic demo generator,28.83,45.51,1.4,82,0,synthetic,deterministic demo generator
2025-11-04T06:00:00+05:30,demo-centroid,Synthetic centroid demo,18.625,73.84,57.03,synthetic,deterministic demo generator,29.0,45.0,1.4,82,0,synthetic,deterministic demo generator
2025-11-04T07:00:00+05:30,demo-centroid,Synthetic centroid demo,18.625,73.84,56.62,synthetic,deterministic demo generator,28.83,45.51,1.4,82,0,synthetic,deterministic demo generator
2025-11-04T08:00:00+05:30,demo-centroid,Synthetic centroid demo,18.625,73.84,55.42,synthetic,deterministic demo generator,28.33,47.01,1.4,82,0,synthetic,deterministic demo generator
2025-11-04T09:00:00+05:30,demo-centroid,Synthetic centroid demo,18.625,73.84,53.52,synthetic,deterministic demo generator,27.54,49.39,1.4,82,0,synthetic,deterministic demo generator
2025-11-04T10:00:00+05:30,demo-centroid,Synthetic centroid demo,18.625,73.84,51.03,synthetic,deterministic demo generator,26.5,52.5,1.4,82,0,synthetic,deterministic demo generator
2025-11-04T11:00:00+05:30,demo-centroid,Synthetic centroid demo,18.625,73.84,48.14,synthetic,deterministic demo generator,25.29,56.12,1.4,82,0,synthetic,deterministic demo generator
2025-11-04T12:00:00+05:30,demo-centroid,Synthetic centroid demo,18.625,73.84,45.03,synthetic,deterministic demo generator,24.0,60.0,1.4,82,0,synthetic,deterministic demo generator
2025-11-04T13:00:00+05:30,demo-centroid,Synthetic centroid demo,18.625,73.84,41.93,synthetic,deterministic demo generator,22.71,63.88,1.4,82,0,synthetic,deterministic demo generator
2025-11-04T14:00:00+05:30,demo-centroid,Synthetic centroid demo,18.625,73.84,39.03,synthetic,deterministic demo generator,21.5,67.5,1.4,82,0,synthetic,deterministic demo generator
2025-11-04T15:00:00+05:30,demo-centroid,Synthetic centroid demo,18.625,73.84,36.55,synthetic,deterministic demo generator,20.46,70.61,1.4,82,1.2,synthetic,deterministic demo generator
2025-11-04T16:00:00+05:30,demo-centroid,Synthetic centroid demo,18.625,73.84,34.64,synthetic,deterministic demo generator,19.67,72.99,1.4,82,0,synthetic,deterministic demo generator
2025-11-04T17:00:00+05:30,demo-centroid,Synthetic centroid demo,18.625,73.84,33.44,synthetic,deterministic demo generator,19.17,74.49,1.4,82,0,synthetic,deterministic demo generator
2025-11-04T18:00:00+05:30,demo-centroid,Synthetic centroid demo,18.625,73.84,33.03,synthetic,deterministic demo generator,19.0,75.0,1.4,82,0,synthetic,deterministic demo generator
2025-11-04T19:00:00+05:30,demo-centroid,Synthetic centroid demo,18.625,73.84,33.44,synthetic,deterministic demo generator,19.17,74.49,1.4,82,0,synthetic,deterministic demo generator
2025-11-04T20:00:00+05:30,demo-centroid,Synthetic centroid demo,18.625,73.84,34.64,synthetic,deterministic demo generator,19.67,72.99,1.4,82,0,synthetic,deterministic demo generator
2025-11-04T21:00:00+05:30,demo-centroid,Synthetic centroid demo,18.625,73.84,36.55,synthetic,deterministic demo generator,20.46,70.61,1.4,82,0,synthetic,deterministic demo generator
2025-11-04T22:00:00+05:30,demo-centroid,Synthetic centroid demo,18.625,73.84,39.03,synthetic,deterministic demo generator,21.5,67.5,1.4,82,0,synthetic,deterministic demo generator
2025-11-04T23:00:00+05:30,demo-centroid,Synthetic centroid demo,18.625,73.84,41.93,synthetic,deterministic demo generator,22.71,63.88,1.4,82,0,synthetic,deterministic demo generator
2025-11-05T00:00:00+05:30,demo-centroid,Synthetic centroid demo,18.625,73.84,46.16,synthetic,deterministic demo generator,24.0,60.0,1.22,95,0,synthetic,deterministic demo generator
2025-11-05T01:00:00+05:30,demo-centroid,Synthetic centroid demo,18.625,73.84,49.26,synthetic,deterministic demo generator,25.29,56.12,1.22,95,0,synthetic,deterministic demo generator
2025-11-05T02:00:00+05:30,demo-centroid,Synthetic centroid demo,18.625,73.84,52.16,synthetic,deterministic demo generator,26.5,52.5,1.22,95,0,synthetic,deterministic demo generator
2025-11-05T03:00:00+05:30,demo-centroid,Synthetic centroid demo,18.625,73.84,54.64,synthetic,deterministic demo generator,27.54,49.39,1.22,95,0,synthetic,deterministic demo generator
2025-11-05T04:00:00+05:30,demo-centroid,Synthetic centroid demo,18.625,73.84,56.55,synthetic,deterministic demo generator,28.33,47.01,1.22,95,0,synthetic,deterministic demo generator
2025-11-05T05:00:00+05:30,demo-centroid,Synthetic centroid demo,18.625,73.84,57.75,synthetic,deterministic demo generator,28.83,45.51,1.22,95,0,synthetic,deterministic demo generator
2025-11-05T06:00:00+05:30,demo-centroid,Synthetic centroid demo,18.625,73.84,58.16,synthetic,deterministic demo generator,29.0,45.0,1.22,95,0,synthetic,deterministic demo generator
2025-11-05T07:00:00+05:30,demo-centroid,Synthetic centroid demo,18.625,73.84,57.75,synthetic,deterministic demo generator,28.83,45.51,1.22,95,0,synthetic,deterministic demo generator
2025-11-05T08:00:00+05:30,demo-centroid,Synthetic centroid demo,18.625,73.84,56.55,synthetic,deterministic demo generator,28.33,47.01,1.22,95,0,synthetic,deterministic demo generator
2025-11-05T09:00:00+05:30,demo-centroid,Synthetic centroid demo,18.625,73.84,54.64,synthetic,deterministic demo generator,27.54,49.39,1.22,95,0,synthetic,deterministic demo generator
2025-11-05T10:00:00+05:30,demo-centroid,Synthetic centroid demo,18.625,73.84,52.16,synthetic,deterministic demo generator,26.5,52.5,1.22,95,0,synthetic,deterministic demo generator
2025-11-05T11:00:00+05:30,demo-centroid,Synthetic centroid demo,18.625,73.84,49.26,synthetic,deterministic demo generator,25.29,56.12,1.22,95,0,synthetic,deterministic demo generator
2025-11-05T12:00:00+05:30,demo-centroid,Synthetic centroid demo,18.625,73.84,46.16,synthetic,deterministic demo generator,24.0,60.0,1.22,95,0,synthetic,deterministic demo generator
2025-11-05T13:00:00+05:30,demo-centroid,Synthetic centroid demo,18.625,73.84,43.05,synthetic,deterministic demo generator,22.71,63.88,1.22,95,0,synthetic,deterministic demo generator
2025-11-05T14:00:00+05:30,demo-centroid,Synthetic centroid demo,18.625,73.84,40.16,synthetic,deterministic demo generator,21.5,67.5,1.22,95,0,synthetic,deterministic demo generator
2025-11-05T15:00:00+05:30,demo-centroid,Synthetic centroid demo,18.625,73.84,37.67,synthetic,deterministic demo generator,20.46,70.61,1.22,95,0,synthetic,deterministic demo generator
2025-11-05T16:00:00+05:30,demo-centroid,Synthetic centroid demo,18.625,73.84,35.76,synthetic,deterministic demo generator,19.67,72.99,1.22,95,0,synthetic,deterministic demo generator
2025-11-05T17:00:00+05:30,demo-centroid,Synthetic centroid demo,18.625,73.84,34.57,synthetic,deterministic demo generator,19.17,74.49,1.22,95,0,synthetic,deterministic demo generator
2025-11-05T18:00:00+05:30,demo-centroid,Synthetic centroid demo,18.625,73.84,34.16,synthetic,deterministic demo generator,19.0,75.0,1.22,95,0,synthetic,deterministic demo generator
2025-11-05T19:00:00+05:30,demo-centroid,Synthetic centroid demo,18.625,73.84,34.57,synthetic,deterministic demo generator,19.17,74.49,1.22,95,0,synthetic,deterministic demo generator
2025-11-05T20:00:00+05:30,demo-centroid,Synthetic centroid demo,18.625,73.84,35.76,synthetic,deterministic demo generator,19.67,72.99,1.22,95,0,synthetic,deterministic demo generator
2025-11-05T21:00:00+05:30,demo-centroid,Synthetic centroid demo,18.625,73.84,37.67,synthetic,deterministic demo generator,20.46,70.61,1.22,95,0,synthetic,deterministic demo generator
2025-11-05T22:00:00+05:30,demo-centroid,Synthetic centroid demo,18.625,73.84,40.16,synthetic,deterministic demo generator,21.5,67.5,1.22,95,0,synthetic,deterministic demo generator
2025-11-05T23:00:00+05:30,demo-centroid,Synthetic centroid demo,18.625,73.84,43.05,synthetic,deterministic demo generator,22.71,63.88,1.22,95,0,synthetic,deterministic demo generator
2025-11-06T00:00:00+05:30,demo-centroid,Synthetic centroid demo,18.625,73.84,47.36,synthetic,deterministic demo generator,24.0,60.0,1.09,108,0,synthetic,deterministic demo generator
2025-11-06T01:00:00+05:30,demo-centroid,Synthetic centroid demo,18.625,73.84,50.47,synthetic,deterministic demo generator,25.29,56.12,1.09,108,0,synthetic,deterministic demo generator
2025-11-06T02:00:00+05:30,demo-centroid,Synthetic centroid demo,18.625,73.84,53.36,synthetic,deterministic demo generator,26.5,52.5,1.09,108,0,synthetic,deterministic demo generator
2025-11-06T03:00:00+05:30,demo-centroid,Synthetic centroid demo,18.625,73.84,55.85,synthetic,deterministic demo generator,27.54,49.39,1.09,108,0,synthetic,deterministic demo generator
2025-11-06T04:00:00+05:30,demo-centroid,Synthetic centroid demo,18.625,73.84,57.76,synthetic,deterministic demo generator,28.33,47.01,1.09,108,0,synthetic,deterministic demo generator
2025-11-06T05:00:00+05:30,demo-centroid,Synthetic centroid demo,18.625,73.84,58.96,synthetic,deterministic demo generator,28.83,45.51,1.09,108,0,synthetic,deterministic demo generator
2025-11-06T06:00:00+05:30,demo-centroid,Synthetic centroid demo,18.625,73.84,59.36,synthetic,deterministic demo generator,29.0,45.0,1.09,108,0,synthetic,deterministic demo generator
2025-11-06T07:00:00+05:30,demo-centroid,Synthetic centroid demo,18.625,73.84,58.96,synthetic,deterministic demo generator,28.83,45.51,1.09,108,0,synthetic,deterministic demo generator
2025-11-06T08:00:00+05:30,demo-centroid,Synthetic centroid demo,18.625,73.84,57.76,synthetic,deterministic demo generator,28.33,47.01,1.09,108,0,synthetic,deterministic demo generator
2025-11-06T09:00:00+05:30,demo-centroid,Synthetic centroid demo,18.625,73.84,55.85,synthetic,deterministic demo generator,27.54,49.39,1.09,108,0,synthetic,deterministic demo generator
2025-11-06T10:00:00+05:30,demo-centroid,Synthetic centroid demo,18.625,73.84,53.36,synthetic,deterministic demo generator,26.5,52.5,1.09,108,0,synthetic,deterministic demo generator
2025-11-06T11:00:00+05:30,demo-centroid,Synthetic centroid demo,18.625,73.84,50.47,synthetic,deterministic demo generator,25.29,56.12,1.09,108,0,synthetic,deterministic demo generator
2025-11-06T12:00:00+05:30,demo-centroid,Synthetic centroid demo,18.625,73.84,47.36,synthetic,deterministic demo generator,24.0,60.0,1.09,108,0,synthetic,deterministic demo generator
2025-11-06T13:00:00+05:30,demo-centroid,Synthetic centroid demo,18.625,73.84,44.26,synthetic,deterministic demo generator,22.71,63.88,1.09,108,0,synthetic,deterministic demo generator
2025-11-06T14:00:00+05:30,demo-centroid,Synthetic centroid demo,18.625,73.84,41.36,synthetic,deterministic demo generator,21.5,67.5,1.09,108,0,synthetic,deterministic demo generator
2025-11-06T15:00:00+05:30,demo-centroid,Synthetic centroid demo,18.625,73.84,38.88,synthetic,deterministic demo generator,20.46,70.61,1.09,108,0,synthetic,deterministic demo generator
2025-11-06T16:00:00+05:30,demo-centroid,Synthetic centroid demo,18.625,73.84,36.97,synthetic,deterministic demo generator,19.67,72.99,1.09,108,0,synthetic,deterministic demo generator
2025-11-06T17:00:00+05:30,demo-centroid,Synthetic centroid demo,18.625,73.84,35.77,synthetic,deterministic demo generator,19.17,74.49,1.09,108,0,synthetic,deterministic demo generator
2025-11-06T18:00:00+05:30,demo-centroid,Synthetic centroid demo,18.625,73.84,35.36,synthetic,deterministic demo generator,19.0,75.0,1.09,108,0,synthetic,deterministic demo generator
2025-11-06T19:00:00+05:30,demo-centroid,Synthetic centroid demo,18.625,73.84,35.77,synthetic,deterministic demo generator,19.17,74.49,1.09,108,0,synthetic,deterministic demo generator
2025-11-06T20:00:00+05:30,demo-centroid,Synthetic centroid demo,18.625,73.84,36.97,synthetic,deterministic demo generator,19.67,72.99,1.09,108,0,synthetic,deterministic demo generator
2025-11-06T21:00:00+05:30,demo-centroid,Synthetic centroid demo,18.625,73.84,38.88,synthetic,deterministic demo generator,20.46,70.61,1.09,108,0,synthetic,deterministic demo generator
2025-11-06T22:00:00+05:30,demo-centroid,Synthetic centroid demo,18.625,73.84,41.36,synthetic,deterministic demo generator,21.5,67.5,1.09,108,0,synthetic,deterministic demo generator
2025-11-06T23:00:00+05:30,demo-centroid,Synthetic centroid demo,18.625,73.84,44.26,synthetic,deterministic demo generator,22.71,63.88,1.09,108,0,synthetic,deterministic demo generator
2025-11-07T00:00:00+05:30,demo-centroid,Synthetic centroid demo,18.625,73.84,48.63,synthetic,deterministic demo generator,24.0,60.0,1.02,121,0,synthetic,deterministic demo generator
2025-11-07T01:00:00+05:30,demo-centroid,Synthetic centroid demo,18.625,73.84,51.73,synthetic,deterministic demo generator,25.29,56.12,1.02,121,0,synthetic,deterministic demo generator
2025-11-07T02:00:00+05:30,demo-centroid,Synthetic centroid demo,18.625,73.84,54.63,synthetic,deterministic demo generator,26.5,52.5,1.02,121,0,synthetic,deterministic demo generator
2025-11-07T03:00:00+05:30,demo-centroid,Synthetic centroid demo,18.625,73.84,57.11,synthetic,deterministic demo generator,27.54,49.39,1.02,121,0,synthetic,deterministic demo generator
2025-11-07T04:00:00+05:30,demo-centroid,Synthetic centroid demo,18.625,73.84,59.02,synthetic,deterministic demo generator,28.33,47.01,1.02,121,0,synthetic,deterministic demo generator
2025-11-07T05:00:00+05:30,demo-centroid,Synthetic centroid demo,18.625,73.84,60.22,synthetic,deterministic demo generator,28.83,45.51,1.02,121,0,synthetic,deterministic demo generator
2025-11-07T06:00:00+05:30,demo-centroid,Synthetic centroid demo,18.625,73.84,60.63,synthetic,deterministic demo generator,29.0,45.0,1.02,121,0,synthetic,deterministic demo generator
2025-11-07T07:00:00+05:30,demo-centroid,Synthetic centroid demo,18.625,73.84,60.22,synthetic,deterministic demo generator,28.83,45.51,1.02,121,0,synthetic,deterministic demo generator
2025-11-07T08:00:00+05:30,demo-centroid,Synthetic centroid demo,18.625,73.84,59.02,synthetic,deterministic demo generator,28.33,47.01,1.02,121,0,synthetic,deterministic demo generator
2025-11-07T09:00:00+05:30,demo-centroid,Synthetic centroid demo,18.625,73.84,57.11,synthetic,deterministic demo generator,27.54,49.39,1.02,121,0,synthetic,deterministic demo generator
2025-11-07T10:00:00+05:30,demo-centroid,Synthetic centroid demo,18.625,73.84,54.63,synthetic,deterministic demo generator,26.5,52.5,1.02,121,0,synthetic,deterministic demo generator
2025-11-07T11:00:00+05:30,demo-centroid,Synthetic centroid demo,18.625,73.84,51.73,synthetic,deterministic demo generator,25.29,56.12,1.02,121,0,synthetic,deterministic demo generator
2025-11-07T12:00:00+05:30,demo-centroid,Synthetic centroid demo,18.625,73.84,48.63,synthetic,deterministic demo generator,24.0,60.0,1.02,121,0,synthetic,deterministic demo generator
2025-11-07T13:00:00+05:30,demo-centroid,Synthetic centroid demo,18.625,73.84,45.52,synthetic,deterministic demo generator,22.71,63.88,1.02,121,0,synthetic,deterministic demo generator
2025-11-07T14:00:00+05:30,demo-centroid,Synthetic centroid demo,18.625,73.84,42.63,synthetic,deterministic demo generator,21.5,67.5,1.02,121,0,synthetic,deterministic demo generator
2025-11-07T15:00:00+05:30,demo-centroid,Synthetic centroid demo,18.625,73.84,40.14,synthetic,deterministic demo generator,20.46,70.61,1.02,121,0,synthetic,deterministic demo generator
2025-11-07T16:00:00+05:30,demo-centroid,Synthetic centroid demo,18.625,73.84,38.23,synthetic,deterministic demo generator,19.67,72.99,1.02,121,0,synthetic,deterministic demo generator
2025-11-07T17:00:00+05:30,demo-centroid,Synthetic centroid demo,18.625,73.84,37.04,synthetic,deterministic demo generator,19.17,74.49,1.02,121,0,synthetic,deterministic demo generator
2025-11-07T18:00:00+05:30,demo-centroid,Synthetic centroid demo,18.625,73.84,36.63,synthetic,deterministic demo generator,19.0,75.0,1.02,121,0,synthetic,deterministic demo generator
2025-11-07T19:00:00+05:30,demo-centroid,Synthetic centroid demo,18.625,73.84,37.04,synthetic,deterministic demo generator,19.17,74.49,1.02,121,0,synthetic,deterministic demo generator
2025-11-07T20:00:00+05:30,demo-centroid,Synthetic centroid demo,18.625,73.84,38.23,synthetic,deterministic demo generator,19.67,72.99,1.02,121,0,synthetic,deterministic demo generator
2025-11-07T21:00:00+05:30,demo-centroid,Synthetic centroid demo,18.625,73.84,40.14,synthetic,deterministic demo generator,20.46,70.61,1.02,121,0,synthetic,deterministic demo generator
2025-11-07T22:00:00+05:30,demo-centroid,Synthetic centroid demo,18.625,73.84,42.63,synthetic,deterministic demo generator,21.5,67.5,1.02,121,0,synthetic,deterministic demo generator
2025-11-07T23:00:00+05:30,demo-centroid,Synthetic centroid demo,18.625,73.84,45.52,synthetic,deterministic demo generator,22.71,63.88,1.02,121,0,synthetic,deterministic demo generator
2025-11-08T00:00:00+05:30,demo-centroid,Synthetic centroid demo,18.625,73.84,49.91,synthetic,deterministic demo generator,24.0,60.0,1.0,134,0,synthetic,deterministic demo generator
2025-11-08T01:00:00+05:30,demo-centroid,Synthetic centroid demo,18.625,73.84,53.02,synthetic,deterministic demo generator,25.29,56.12,1.0,134,0,synthetic,deterministic demo generator
2025-11-08T02:00:00+05:30,demo-centroid,Synthetic centroid demo,18.625,73.84,55.91,synthetic,deterministic demo generator,26.5,52.5,1.0,134,0,synthetic,deterministic demo generator
2025-11-08T03:00:00+05:30,demo-centroid,Synthetic centroid demo,18.625,73.84,58.4,synthetic,deterministic demo generator,27.54,49.39,1.0,134,0,synthetic,deterministic demo generator
2025-11-08T04:00:00+05:30,demo-centroid,Synthetic centroid demo,18.625,73.84,60.3,synthetic,deterministic demo generator,28.33,47.01,1.0,134,0,synthetic,deterministic demo generator
2025-11-08T05:00:00+05:30,demo-centroid,Synthetic centroid demo,18.625,73.84,61.5,synthetic,deterministic demo generator,28.83,45.51,1.0,134,0,synthetic,deterministic demo generator
2025-11-08T06:00:00+05:30,demo-centroid,Synthetic centroid demo,18.625,73.84,61.91,synthetic,deterministic demo generator,29.0,45.0,1.0,134,0,synthetic,deterministic demo generator
2025-11-08T07:00:00+05:30,demo-centroid,Synthetic centroid demo,18.625,73.84,61.5,synthetic,deterministic demo generator,28.83,45.51,1.0,134,0,synthetic,deterministic demo generator
2025-11-08T08:00:00+05:30,demo-centroid,Synthetic centroid demo,18.625,73.84,60.3,synthetic,deterministic demo generator,28.33,47.01,1.0,134,0,synthetic,deterministic demo generator
2025-11-08T09:00:00+05:30,demo-centroid,Synthetic centroid demo,18.625,73.84,58.4,synthetic,deterministic demo generator,27.54,49.39,1.0,134,0,synthetic,deterministic demo generator
2025-11-08T10:00:00+05:30,demo-centroid,Synthetic centroid demo,18.625,73.84,55.91,synthetic,deterministic demo generator,26.5,52.5,1.0,134,0,synthetic,deterministic demo generator
2025-11-08T11:00:00+05:30,demo-centroid,Synthetic centroid demo,18.625,73.84,53.02,synthetic,deterministic demo generator,25.29,56.12,1.0,134,0,synthetic,deterministic demo generator
2025-11-08T12:00:00+05:30,demo-centroid,Synthetic centroid demo,18.625,73.84,49.91,synthetic,deterministic demo generator,24.0,60.0,1.0,134,0,synthetic,deterministic demo generator
2025-11-08T13:00:00+05:30,demo-centroid,Synthetic centroid demo,18.625,73.84,46.81,synthetic,deterministic demo generator,22.71,63.88,1.0,134,0,synthetic,deterministic demo generator
2025-11-08T14:00:00+05:30,demo-centroid,Synthetic centroid demo,18.625,73.84,43.91,synthetic,deterministic demo generator,21.5,67.5,1.0,134,0,synthetic,deterministic demo generator
2025-11-08T15:00:00+05:30,demo-centroid,Synthetic centroid demo,18.625,73.84,41.43,synthetic,deterministic demo generator,20.46,70.61,1.0,134,0,synthetic,deterministic demo generator
2025-11-08T16:00:00+05:30,demo-centroid,Synthetic centroid demo,18.625,73.84,39.52,synthetic,deterministic demo generator,19.67,72.99,1.0,134,0,synthetic,deterministic demo generator
2025-11-08T17:00:00+05:30,demo-centroid,Synthetic centroid demo,18.625,73.84,38.32,synthetic,deterministic demo generator,19.17,74.49,1.0,134,0,synthetic,deterministic demo generator
2025-11-08T18:00:00+05:30,demo-centroid,Synthetic centroid demo,18.625,73.84,37.91,synthetic,deterministic demo generator,19.0,75.0,1.0,134,0,synthetic,deterministic demo generator
2025-11-08T19:00:00+05:30,demo-centroid,Synthetic centroid demo,18.625,73.84,38.32,synthetic,deterministic demo generator,19.17,74.49,1.0,134,0,synthetic,deterministic demo generator
2025-11-08T20:00:00+05:30,demo-centroid,Synthetic centroid demo,18.625,73.84,39.52,synthetic,deterministic demo generator,19.67,72.99,1.0,134,0,synthetic,deterministic demo generator
2025-11-08T21:00:00+05:30,demo-centroid,Synthetic centroid demo,18.625,73.84,41.43,synthetic,deterministic demo generator,20.46,70.61,1.0,134,0,synthetic,deterministic demo generator
2025-11-08T22:00:00+05:30,demo-centroid,Synthetic centroid demo,18.625,73.84,43.91,synthetic,deterministic demo generator,21.5,67.5,1.0,134,0,synthetic,deterministic demo generator
2025-11-08T23:00:00+05:30,demo-centroid,Synthetic centroid demo,18.625,73.84,46.81,synthetic,deterministic demo generator,22.71,63.88,1.0,134,0,synthetic,deterministic demo generator
2025-11-09T00:00:00+05:30,demo-centroid,Synthetic centroid demo,18.625,73.84,51.19,synthetic,deterministic demo generator,24.0,60.0,1.05,147,0,synthetic,deterministic demo generator
2025-11-09T01:00:00+05:30,demo-centroid,Synthetic centroid demo,18.625,73.84,54.29,synthetic,deterministic demo generator,25.29,56.12,1.05,147,0,synthetic,deterministic demo generator
2025-11-09T02:00:00+05:30,demo-centroid,Synthetic centroid demo,18.625,73.84,57.19,synthetic,deterministic demo generator,26.5,52.5,1.05,147,0,synthetic,deterministic demo generator
2025-11-09T03:00:00+05:30,demo-centroid,Synthetic centroid demo,18.625,73.84,59.67,synthetic,deterministic demo generator,27.54,49.39,1.05,147,0,synthetic,deterministic demo generator
2025-11-09T04:00:00+05:30,demo-centroid,Synthetic centroid demo,18.625,73.84,61.58,synthetic,deterministic demo generator,28.33,47.01,1.05,147,0,synthetic,deterministic demo generator
2025-11-09T05:00:00+05:30,demo-centroid,Synthetic centroid demo,18.625,73.84,62.78,synthetic,deterministic demo generator,28.83,45.51,1.05,147,0,synthetic,deterministic demo generator
2025-11-09T06:00:00+05:30,demo-centroid,Synthetic centroid demo,18.625,73.84,63.19,synthetic,deterministic demo generator,29.0,45.0,1.05,147,0,synthetic,deterministic demo generator
2025-11-09T07:00:00+05:30,demo-centroid,Synthetic centroid demo,18.625,73.84,62.78,synthetic,deterministic demo generator,28.83,45.51,1.05,147,0,synthetic,deterministic demo generator
2025-11-09T08:00:00+05:30,demo-centroid,Synthetic centroid demo,18.625,73.84,61.58,synthetic,deterministic demo generator,28.33,47.01,1.05,147,0,synthetic,deterministic demo generator
2025-11-09T09:00:00+05:30,demo-centroid,Synthetic centroid demo,18.625,73.84,59.67,synthetic,deterministic demo generator,27.54,49.39,1.05,147,0,synthetic,deterministic demo generator
2025-11-09T10:00:00+05:30,demo-centroid,Synthetic centroid demo,18.625,73.84,57.19,synthetic,deterministic demo generator,26.5,52.5,1.05,147,0,synthetic,deterministic demo generator
2025-11-09T11:00:00+05:30,demo-centroid,Synthetic centroid demo,18.625,73.84,54.29,synthetic,deterministic demo generator,25.29,56.12,1.05,147,0,synthetic,deterministic demo generator
2025-11-09T12:00:00+05:30,demo-centroid,Synthetic centroid demo,18.625,73.84,51.19,synthetic,deterministic demo generator,24.0,60.0,1.05,147,0,synthetic,deterministic demo generator
2025-11-09T13:00:00+05:30,demo-centroid,Synthetic centroid demo,18.625,73.84,48.08,synthetic,deterministic demo generator,22.71,63.88,1.05,147,0,synthetic,deterministic demo generator
2025-11-09T14:00:00+05:30,demo-centroid,Synthetic centroid demo,18.625,73.84,45.19,synthetic,deterministic demo generator,21.5,67.5,1.05,147,0,synthetic,deterministic demo generator
2025-11-09T15:00:00+05:30,demo-centroid,Synthetic centroid demo,18.625,73.84,42.7,synthetic,deterministic demo generator,20.46,70.61,1.05,147,0,synthetic,deterministic demo generator
2025-11-09T16:00:00+05:30,demo-centroid,Synthetic centroid demo,18.625,73.84,40.79,synthetic,deterministic demo generator,19.67,72.99,1.05,147,0,synthetic,deterministic demo generator
2025-11-09T17:00:00+05:30,demo-centroid,Synthetic centroid demo,18.625,73.84,39.59,synthetic,deterministic demo generator,19.17,74.49,1.05,147,0,synthetic,deterministic demo generator
2025-11-09T18:00:00+05:30,demo-centroid,Synthetic centroid demo,18.625,73.84,39.19,synthetic,deterministic demo generator,19.0,75.0,1.05,147,0,synthetic,deterministic demo generator
2025-11-09T19:00:00+05:30,demo-centroid,Synthetic centroid demo,18.625,73.84,39.59,synthetic,deterministic demo generator,19.17,74.49,1.05,147,0,synthetic,deterministic demo generator
2025-11-09T20:00:00+05:30,demo-centroid,Synthetic centroid demo,18.625,73.84,40.79,synthetic,deterministic demo generator,19.67,72.99,1.05,147,0,synthetic,deterministic demo generator
2025-11-09T21:00:00+05:30,demo-centroid,Synthetic centroid demo,18.625,73.84,42.7,synthetic,deterministic demo generator,20.46,70.61,1.05,147,0,synthetic,deterministic demo generator
2025-11-09T22:00:00+05:30,demo-centroid,Synthetic centroid demo,18.625,73.84,45.19,synthetic,deterministic demo generator,21.5,67.5,1.05,147,0,synthetic,deterministic demo generator
2025-11-09T23:00:00+05:30,demo-centroid,Synthetic centroid demo,18.625,73.84,48.08,synthetic,deterministic demo generator,22.71,63.88,1.05,147,0,synthetic,deterministic demo generator
2025-11-10T00:00:00+05:30,demo-centroid,Synthetic centroid demo,18.625,73.84,52.42,synthetic,deterministic demo generator,24.0,60.0,1.16,160,0,synthetic,deterministic demo generator
2025-11-10T01:00:00+05:30,demo-centroid,Synthetic centroid demo,18.625,73.84,55.52,synthetic,deterministic demo generator,25.29,56.12,1.16,160,0,synthetic,deterministic demo generator
2025-11-10T02:00:00+05:30,demo-centroid,Synthetic centroid demo,18.625,73.84,58.42,synthetic,deterministic demo generator,26.5,52.5,1.16,160,0,synthetic,deterministic demo generator
2025-11-10T03:00:00+05:30,demo-centroid,Synthetic centroid demo,18.625,73.84,60.9,synthetic,deterministic demo generator,27.54,49.39,1.16,160,0,synthetic,deterministic demo generator
2025-11-10T04:00:00+05:30,demo-centroid,Synthetic centroid demo,18.625,73.84,62.81,synthetic,deterministic demo generator,28.33,47.01,1.16,160,0,synthetic,deterministic demo generator
2025-11-10T05:00:00+05:30,demo-centroid,Synthetic centroid demo,18.625,73.84,64.01,synthetic,deterministic demo generator,28.83,45.51,1.16,160,0,synthetic,deterministic demo generator
2025-11-10T06:00:00+05:30,demo-centroid,Synthetic centroid demo,18.625,73.84,64.42,synthetic,deterministic demo generator,29.0,45.0,1.16,160,0,synthetic,deterministic demo generator
2025-11-10T07:00:00+05:30,demo-centroid,Synthetic centroid demo,18.625,73.84,64.01,synthetic,deterministic demo generator,28.83,45.51,1.16,160,0,synthetic,deterministic demo generator
2025-11-10T08:00:00+05:30,demo-centroid,Synthetic centroid demo,18.625,73.84,62.81,synthetic,deterministic demo generator,28.33,47.01,1.16,160,0,synthetic,deterministic demo generator
2025-11-10T09:00:00+05:30,demo-centroid,Synthetic centroid demo,18.625,73.84,60.9,synthetic,deterministic demo generator,27.54,49.39,1.16,160,0,synthetic,deterministic demo generator
2025-11-10T10:00:00+05:30,demo-centroid,Synthetic centroid demo,18.625,73.84,58.42,synthetic,deterministic demo generator,26.5,52.5,1.16,160,0,synthetic,deterministic demo generator
2025-11-10T11:00:00+05:30,demo-centroid,Synthetic centroid demo,18.625,73.84,55.52,synthetic,deterministic demo generator,25.29,56.12,1.16,160,0,synthetic,deterministic demo generator
2025-11-10T12:00:00+05:30,demo-centroid,Synthetic centroid demo,18.625,73.84,52.42,synthetic,deterministic demo generator,24.0,60.0,1.16,160,0,synthetic,deterministic demo generator
2025-11-10T13:00:00+05:30,demo-centroid,Synthetic centroid demo,18.625,73.84,49.31,synthetic,deterministic demo generator,22.71,63.88,1.16,160,0,synthetic,deterministic demo generator
2025-11-10T14:00:00+05:30,demo-centroid,Synthetic centroid demo,18.625,73.84,46.42,synthetic,deterministic demo generator,21.5,67.5,1.16,160,0,synthetic,deterministic demo generator
2025-11-10T15:00:00+05:30,demo-centroid,Synthetic centroid demo,18.625,73.84,43.93,synthetic,deterministic demo generator,20.46,70.61,1.16,160,0,synthetic,deterministic demo generator
2025-11-10T16:00:00+05:30,demo-centroid,Synthetic centroid demo,18.625,73.84,42.03,synthetic,deterministic demo generator,19.67,72.99,1.16,160,0,synthetic,deterministic demo generator
2025-11-10T17:00:00+05:30,demo-centroid,Synthetic centroid demo,18.625,73.84,40.83,synthetic,deterministic demo generator,19.17,74.49,1.16,160,0,synthetic,deterministic demo generator
2025-11-10T18:00:00+05:30,demo-centroid,Synthetic centroid demo,18.625,73.84,40.42,synthetic,deterministic demo generator,19.0,75.0,1.16,160,0,synthetic,deterministic demo generator
2025-11-10T19:00:00+05:30,demo-centroid,Synthetic centroid demo,18.625,73.84,40.83,synthetic,deterministic demo generator,19.17,74.49,1.16,160,0,synthetic,deterministic demo generator
2025-11-10T20:00:00+05:30,demo-centroid,Synthetic centroid demo,18.625,73.84,42.03,synthetic,deterministic demo generator,19.67,72.99,1.16,160,0,synthetic,deterministic demo generator
2025-11-10T21:00:00+05:30,demo-centroid,Synthetic centroid demo,18.625,73.84,43.93,synthetic,deterministic demo generator,20.46,70.61,1.16,160,0,synthetic,deterministic demo generator
2025-11-10T22:00:00+05:30,demo-centroid,Synthetic centroid demo,18.625,73.84,46.42,synthetic,deterministic demo generator,21.5,67.5,1.16,160,0,synthetic,deterministic demo generator
2025-11-10T23:00:00+05:30,demo-centroid,Synthetic centroid demo,18.625,73.84,49.31,synthetic,deterministic demo generator,22.71,63.88,1.16,160,0,synthetic,deterministic demo generator
2025-11-11T00:00:00+05:30,demo-centroid,Synthetic centroid demo,18.625,73.84,53.58,synthetic,deterministic demo generator,24.0,60.0,1.32,173,0,synthetic,deterministic demo generator
2025-11-11T01:00:00+05:30,demo-centroid,Synthetic centroid demo,18.625,73.84,56.69,synthetic,deterministic demo generator,25.29,56.12,1.32,173,0,synthetic,deterministic demo generator
2025-11-11T02:00:00+05:30,demo-centroid,Synthetic centroid demo,18.625,73.84,59.58,synthetic,deterministic demo generator,26.5,52.5,1.32,173,0,synthetic,deterministic demo generator
2025-11-11T03:00:00+05:30,demo-centroid,Synthetic centroid demo,18.625,73.84,62.06,synthetic,deterministic demo generator,27.54,49.39,1.32,173,0,synthetic,deterministic demo generator
2025-11-11T04:00:00+05:30,demo-centroid,Synthetic centroid demo,18.625,73.84,63.97,synthetic,deterministic demo generator,28.33,47.01,1.32,173,0,synthetic,deterministic demo generator
2025-11-11T05:00:00+05:30,demo-centroid,Synthetic centroid demo,18.625,73.84,65.17,synthetic,deterministic demo generator,28.83,45.51,1.32,173,0,synthetic,deterministic demo generator
2025-11-11T06:00:00+05:30,demo-centroid,Synthetic centroid demo,18.625,73.84,65.58,synthetic,deterministic demo generator,29.0,45.0,1.32,173,0,synthetic,deterministic demo generator
2025-11-11T07:00:00+05:30,demo-centroid,Synthetic centroid demo,18.625,73.84,65.17,synthetic,deterministic demo generator,28.83,45.51,1.32,173,0,synthetic,deterministic demo generator
2025-11-11T08:00:00+05:30,demo-centroid,Synthetic centroid demo,18.625,73.84,63.97,synthetic,deterministic demo generator,28.33,47.01,1.32,173,0,synthetic,deterministic demo generator
2025-11-11T09:00:00+05:30,demo-centroid,Synthetic centroid demo,18.625,73.84,62.06,synthetic,deterministic demo generator,27.54,49.39,1.32,173,0,synthetic,deterministic demo generator
2025-11-11T10:00:00+05:30,demo-centroid,Synthetic centroid demo,18.625,73.84,59.58,synthetic,deterministic demo generator,26.5,52.5,1.32,173,0,synthetic,deterministic demo generator
2025-11-11T11:00:00+05:30,demo-centroid,Synthetic centroid demo,18.625,73.84,56.69,synthetic,deterministic demo generator,25.29,56.12,1.32,173,0,synthetic,deterministic demo generator
2025-11-11T12:00:00+05:30,demo-centroid,Synthetic centroid demo,18.625,73.84,53.58,synthetic,deterministic demo generator,24.0,60.0,1.32,173,0,synthetic,deterministic demo generator
2025-11-11T13:00:00+05:30,demo-centroid,Synthetic centroid demo,18.625,73.84,50.47,synthetic,deterministic demo generator,22.71,63.88,1.32,173,0,synthetic,deterministic demo generator
2025-11-11T14:00:00+05:30,demo-centroid,Synthetic centroid demo,18.625,73.84,47.58,synthetic,deterministic demo generator,21.5,67.5,1.32,173,0,synthetic,deterministic demo generator
2025-11-11T15:00:00+05:30,demo-centroid,Synthetic centroid demo,18.625,73.84,45.09,synthetic,deterministic demo generator,20.46,70.61,1.32,173,0,synthetic,deterministic demo generator
2025-11-11T16:00:00+05:30,demo-centroid,Synthetic centroid demo,18.625,73.84,43.19,synthetic,deterministic demo generator,19.67,72.99,1.32,173,0,synthetic,deterministic demo generator
2025-11-11T17:00:00+05:30,demo-centroid,Synthetic centroid demo,18.625,73.84,41.99,synthetic,deterministic demo generator,19.17,74.49,1.32,173,0,synthetic,deterministic demo generator
2025-11-11T18:00:00+05:30,demo-centroid,Synthetic centroid demo,18.625,73.84,41.58,synthetic,deterministic demo generator,19.0,75.0,1.32,173,0,synthetic,deterministic demo generator
2025-11-11T19:00:00+05:30,demo-centroid,Synthetic centroid demo,18.625,73.84,41.99,synthetic,deterministic demo generator,19.17,74.49,1.32,173,0,synthetic,deterministic demo generator
2025-11-11T20:00:00+05:30,demo-centroid,Synthetic centroid demo,18.625,73.84,43.19,synthetic,deterministic demo generator,19.67,72.99,1.32,173,0,synthetic,deterministic demo generator
2025-11-11T21:00:00+05:30,demo-centroid,Synthetic centroid demo,18.625,73.84,45.09,synthetic,deterministic demo generator,20.46,70.61,1.32,173,0,synthetic,deterministic demo generator
2025-11-11T22:00:00+05:30,demo-centroid,Synthetic centroid demo,18.625,73.84,47.58,synthetic,deterministic demo generator,21.5,67.5,1.32,173,0,synthetic,deterministic demo generator
2025-11-11T23:00:00+05:30,demo-centroid,Synthetic centroid demo,18.625,73.84,50.47,synthetic,deterministic demo generator,22.71,63.88,1.32,173,0,synthetic,deterministic demo generator
2025-11-12T00:00:00+05:30,demo-centroid,Synthetic centroid demo,18.625,73.84,54.64,synthetic,deterministic demo generator,24.0,60.0,1.52,186,0,synthetic,deterministic demo generator
2025-11-12T01:00:00+05:30,demo-centroid,Synthetic centroid demo,18.625,73.84,57.74,synthetic,deterministic demo generator,25.29,56.12,1.52,186,0,synthetic,deterministic demo generator
2025-11-12T02:00:00+05:30,demo-centroid,Synthetic centroid demo,18.625,73.84,60.64,synthetic,deterministic demo generator,26.5,52.5,1.52,186,0,synthetic,deterministic demo generator
2025-11-12T03:00:00+05:30,demo-centroid,Synthetic centroid demo,18.625,73.84,63.12,synthetic,deterministic demo generator,27.54,49.39,1.52,186,0,synthetic,deterministic demo generator
2025-11-12T04:00:00+05:30,demo-centroid,Synthetic centroid demo,18.625,73.84,65.03,synthetic,deterministic demo generator,28.33,47.01,1.52,186,0,synthetic,deterministic demo generator
2025-11-12T05:00:00+05:30,demo-centroid,Synthetic centroid demo,18.625,73.84,66.23,synthetic,deterministic demo generator,28.83,45.51,1.52,186,0,synthetic,deterministic demo generator
2025-11-12T06:00:00+05:30,demo-centroid,Synthetic centroid demo,18.625,73.84,66.64,synthetic,deterministic demo generator,29.0,45.0,1.52,186,0,synthetic,deterministic demo generator
2025-11-12T07:00:00+05:30,demo-centroid,Synthetic centroid demo,18.625,73.84,66.23,synthetic,deterministic demo generator,28.83,45.51,1.52,186,0,synthetic,deterministic demo generator
2025-11-12T08:00:00+05:30,demo-centroid,Synthetic centroid demo,18.625,73.84,65.03,synthetic,deterministic demo generator,28.33,47.01,1.52,186,0,synthetic,deterministic demo generator
2025-11-12T09:00:00+05:30,demo-centroid,Synthetic centroid demo,18.625,73.84,63.12,synthetic,deterministic demo generator,27.54,49.39,1.52,186,0,synthetic,deterministic demo generator
2025-11-12T10:00:00+05:30,demo-centroid,Synthetic centroid demo,18.625,73.84,60.64,synthetic,deterministic demo generator,26.5,52.5,1.52,186,0,synthetic,deterministic demo generator
2025-11-12T11:00:00+05:30,demo-centroid,Synthetic centroid demo,18.625,73.84,57.74,synthetic,deterministic demo generator,25.29,56.12,1.52,186,0,synthetic,deterministic demo generator
2025-11-12T12:00:00+05:30,demo-centroid,Synthetic centroid demo,18.625,73.84,54.64,synthetic,deterministic demo generator,24.0,60.0,1.52,186,0,synthetic,deterministic demo generator
2025-11-12T13:00:00+05:30,demo-centroid,Synthetic centroid demo,18.625,73.84,51.53,synthetic,deterministic demo generator,22.71,63.88,1.52,186,0,synthetic,deterministic demo generator
2025-11-12T14:00:00+05:30,demo-centroid,Synthetic centroid demo,18.625,73.84,48.64,synthetic,deterministic demo generator,21.5,67.5,1.52,186,0,synthetic,deterministic demo generator
2025-11-12T15:00:00+05:30,demo-centroid,Synthetic centroid demo,18.625,73.84,46.15,synthetic,deterministic demo generator,20.46,70.61,1.52,186,0,synthetic,deterministic demo generator
2025-11-12T16:00:00+05:30,demo-centroid,Synthetic centroid demo,18.625,73.84,44.25,synthetic,deterministic demo generator,19.67,72.99,1.52,186,0,synthetic,deterministic demo generator
2025-11-12T17:00:00+05:30,demo-centroid,Synthetic centroid demo,18.625,73.84,43.05,synthetic,deterministic demo generator,19.17,74.49,1.52,186,0,synthetic,deterministic demo generator
2025-11-12T18:00:00+05:30,demo-centroid,Synthetic centroid demo,18.625,73.84,42.64,synthetic,deterministic demo generator,19.0,75.0,1.52,186,0,synthetic,deterministic demo generator
2025-11-12T19:00:00+05:30,demo-centroid,Synthetic centroid demo,18.625,73.84,43.05,synthetic,deterministic demo generator,19.17,74.49,1.52,186,0,synthetic,deterministic demo generator
2025-11-12T20:00:00+05:30,demo-centroid,Synthetic centroid demo,18.625,73.84,44.25,synthetic,deterministic demo generator,19.67,72.99,1.52,186,0,synthetic,deterministic demo generator
2025-11-12T21:00:00+05:30,demo-centroid,Synthetic centroid demo,18.625,73.84,46.15,synthetic,deterministic demo generator,20.46,70.61,1.52,186,0,synthetic,deterministic demo generator
2025-11-12T22:00:00+05:30,demo-centroid,Synthetic centroid demo,18.625,73.84,48.64,synthetic,deterministic demo generator,21.5,67.5,1.52,186,0,synthetic,deterministic demo generator
2025-11-12T23:00:00+05:30,demo-centroid,Synthetic centroid demo,18.625,73.84,51.53,synthetic,deterministic demo generator,22.71,63.88,1.52,186,0,synthetic,deterministic demo generator
2025-11-13T00:00:00+05:30,demo-centroid,Synthetic centroid demo,18.625,73.84,55.57,synthetic,deterministic demo generator,24.0,60.0,1.76,199,0,synthetic,deterministic demo generator
2025-11-13T01:00:00+05:30,demo-centroid,Synthetic centroid demo,18.625,73.84,58.68,synthetic,deterministic demo generator,25.29,56.12,1.76,199,0,synthetic,deterministic demo generator
2025-11-13T02:00:00+05:30,demo-centroid,Synthetic centroid demo,18.625,73.84,61.57,synthetic,deterministic demo generator,26.5,52.5,1.76,199,0,synthetic,deterministic demo generator
2025-11-13T03:00:00+05:30,demo-centroid,Synthetic centroid demo,18.625,73.84,64.06,synthetic,deterministic demo generator,27.54,49.39,1.76,199,0,synthetic,deterministic demo generator
2025-11-13T04:00:00+05:30,demo-centroid,Synthetic centroid demo,18.625,73.84,65.96,synthetic,deterministic demo generator,28.33,47.01,1.76,199,0,synthetic,deterministic demo generator
2025-11-13T05:00:00+05:30,demo-centroid,Synthetic centroid demo,18.625,73.84,67.16,synthetic,deterministic demo generator,28.83,45.51,1.76,199,0,synthetic,deterministic demo generator
2025-11-13T06:00:00+05:30,demo-centroid,Synthetic centroid demo,18.625,73.84,67.57,synthetic,deterministic demo generator,29.0,45.0,1.76,199,0,synthetic,deterministic demo generator
2025-11-13T07:00:00+05:30,demo-centroid,Synthetic centroid demo,18.625,73.84,67.16,synthetic,deterministic demo generator,28.83,45.51,1.76,199,0,synthetic,deterministic demo generator
2025-11-13T08:00:00+05:30,demo-centroid,Synthetic centroid demo,18.625,73.84,65.96,synthetic,deterministic demo generator,28.33,47.01,1.76,199,0,synthetic,deterministic demo generator
2025-11-13T09:00:00+05:30,demo-centroid,Synthetic centroid demo,18.625,73.84,64.06,synthetic,deterministic demo generator,27.54,49.39,1.76,199,0,synthetic,deterministic demo generator
2025-11-13T10:00:00+05:30,demo-centroid,Synthetic centroid demo,18.625,73.84,61.57,synthetic,deterministic demo generator,26.5,52.5,1.76,199,0,synthetic,deterministic demo generator
2025-11-13T11:00:00+05:30,demo-centroid,Synthetic centroid demo,18.625,73.84,58.68,synthetic,deterministic demo generator,25.29,56.12,1.76,199,0,synthetic,deterministic demo generator
2025-11-13T12:00:00+05:30,demo-centroid,Synthetic centroid demo,18.625,73.84,55.57,synthetic,deterministic demo generator,24.0,60.0,1.76,199,0,synthetic,deterministic demo generator
2025-11-13T13:00:00+05:30,demo-centroid,Synthetic centroid demo,18.625,73.84,52.46,synthetic,deterministic demo generator,22.71,63.88,1.76,199,0,synthetic,deterministic demo generator
2025-11-13T14:00:00+05:30,demo-centroid,Synthetic centroid demo,18.625,73.84,49.57,synthetic,deterministic demo generator,21.5,67.5,1.76,199,0,synthetic,deterministic demo generator
2025-11-13T15:00:00+05:30,demo-centroid,Synthetic centroid demo,18.625,73.84,47.09,synthetic,deterministic demo generator,20.46,70.61,1.76,199,0,synthetic,deterministic demo generator
2025-11-13T16:00:00+05:30,demo-centroid,Synthetic centroid demo,18.625,73.84,45.18,synthetic,deterministic demo generator,19.67,72.99,1.76,199,0,synthetic,deterministic demo generator
2025-11-13T17:00:00+05:30,demo-centroid,Synthetic centroid demo,18.625,73.84,43.98,synthetic,deterministic demo generator,19.17,74.49,1.76,199,0,synthetic,deterministic demo generator
2025-11-13T18:00:00+05:30,demo-centroid,Synthetic centroid demo,18.625,73.84,43.57,synthetic,deterministic demo generator,19.0,75.0,1.76,199,0,synthetic,deterministic demo generator
2025-11-13T19:00:00+05:30,demo-centroid,Synthetic centroid demo,18.625,73.84,43.98,synthetic,deterministic demo generator,19.17,74.49,1.76,199,0,synthetic,deterministic demo generator
2025-11-13T20:00:00+05:30,demo-centroid,Synthetic centroid demo,18.625,73.84,45.18,synthetic,deterministic demo generator,19.67,72.99,1.76,199,0,synthetic,deterministic demo generator
2025-11-13T21:00:00+05:30,demo-centroid,Synthetic centroid demo,18.625,73.84,47.09,synthetic,deterministic demo generator,20.46,70.61,1.76,199,0,synthetic,deterministic demo generator
2025-11-13T22:00:00+05:30,demo-centroid,Synthetic centroid demo,18.625,73.84,49.57,synthetic,deterministic demo generator,21.5,67.5,1.76,199,0,synthetic,deterministic demo generator
2025-11-13T23:00:00+05:30,demo-centroid,Synthetic centroid demo,18.625,73.84,52.46,synthetic,deterministic demo generator,22.71,63.88,1.76,199,0,synthetic,deterministic demo generator
2025-11-14T00:00:00+05:30,demo-centroid,Synthetic centroid demo,18.625,73.84,56.35,synthetic,deterministic demo generator,24.0,60.0,2.0,212,0,synthetic,deterministic demo generator
2025-11-14T01:00:00+05:30,demo-centroid,Synthetic centroid demo,18.625,73.84,59.46,synthetic,deterministic demo generator,25.29,56.12,2.0,212,0,synthetic,deterministic demo generator
2025-11-14T02:00:00+05:30,demo-centroid,Synthetic centroid demo,18.625,73.84,62.35,synthetic,deterministic demo generator,26.5,52.5,2.0,212,0,synthetic,deterministic demo generator
2025-11-14T03:00:00+05:30,demo-centroid,Synthetic centroid demo,18.625,73.84,64.84,synthetic,deterministic demo generator,27.54,49.39,2.0,212,0,synthetic,deterministic demo generator
2025-11-14T04:00:00+05:30,demo-centroid,Synthetic centroid demo,18.625,73.84,66.74,synthetic,deterministic demo generator,28.33,47.01,2.0,212,0,synthetic,deterministic demo generator
2025-11-14T05:00:00+05:30,demo-centroid,Synthetic centroid demo,18.625,73.84,67.94,synthetic,deterministic demo generator,28.83,45.51,2.0,212,0,synthetic,deterministic demo generator
2025-11-14T06:00:00+05:30,demo-centroid,Synthetic centroid demo,18.625,73.84,68.35,synthetic,deterministic demo generator,29.0,45.0,2.0,212,0,synthetic,deterministic demo generator
2025-11-14T07:00:00+05:30,demo-centroid,Synthetic centroid demo,18.625,73.84,67.94,synthetic,deterministic demo generator,28.83,45.51,2.0,212,0,synthetic,deterministic demo generator
2025-11-14T08:00:00+05:30,demo-centroid,Synthetic centroid demo,18.625,73.84,66.74,synthetic,deterministic demo generator,28.33,47.01,2.0,212,0,synthetic,deterministic demo generator
2025-11-14T09:00:00+05:30,demo-centroid,Synthetic centroid demo,18.625,73.84,64.84,synthetic,deterministic demo generator,27.54,49.39,2.0,212,0,synthetic,deterministic demo generator
2025-11-14T10:00:00+05:30,demo-centroid,Synthetic centroid demo,18.625,73.84,62.35,synthetic,deterministic demo generator,26.5,52.5,2.0,212,0,synthetic,deterministic demo generator
2025-11-14T11:00:00+05:30,demo-centroid,Synthetic centroid demo,18.625,73.84,59.46,synthetic,deterministic demo generator,25.29,56.12,2.0,212,0,synthetic,deterministic demo generator
2025-11-14T12:00:00+05:30,demo-centroid,Synthetic centroid demo,18.625,73.84,56.35,synthetic,deterministic demo generator,24.0,60.0,2.0,212,0,synthetic,deterministic demo generator
2025-11-14T13:00:00+05:30,demo-centroid,Synthetic centroid demo,18.625,73.84,53.25,synthetic,deterministic demo generator,22.71,63.88,2.0,212,0,synthetic,deterministic demo generator
2025-11-14T14:00:00+05:30,demo-centroid,Synthetic centroid demo,18.625,73.84,50.35,synthetic,deterministic demo generator,21.5,67.5,2.0,212,0,synthetic,deterministic demo generator
2025-11-14T15:00:00+05:30,demo-centroid,Synthetic centroid demo,18.625,73.84,47.87,synthetic,deterministic demo generator,20.46,70.61,2.0,212,0,synthetic,deterministic demo generator
2025-11-14T16:00:00+05:30,demo-centroid,Synthetic centroid demo,18.625,73.84,45.96,synthetic,deterministic demo generator,19.67,72.99,2.0,212,0,synthetic,deterministic demo generator
2025-11-14T17:00:00+05:30,demo-centroid,Synthetic centroid demo,18.625,73.84,44.76,synthetic,deterministic demo generator,19.17,74.49,2.0,212,0,synthetic,deterministic demo generator
2025-11-14T18:00:00+05:30,demo-centroid,Synthetic centroid demo,18.625,73.84,44.35,synthetic,deterministic demo generator,19.0,75.0,2.0,212,0,synthetic,deterministic demo generator
2025-11-14T19:00:00+05:30,demo-centroid,Synthetic centroid demo,18.625,73.84,44.76,synthetic,deterministic demo generator,19.17,74.49,2.0,212,0,synthetic,deterministic demo generator
2025-11-14T20:00:00+05:30,demo-centroid,Synthetic centroid demo,18.625,73.84,45.96,synthetic,deterministic demo generator,19.67,72.99,2.0,212,0,synthetic,deterministic demo generator
2025-11-14T21:00:00+05:30,demo-centroid,Synthetic centroid demo,18.625,73.84,47.87,synthetic,deterministic demo generator,20.46,70.61,2.0,212,0,synthetic,deterministic demo generator
2025-11-14T22:00:00+05:30,demo-centroid,Synthetic centroid demo,18.625,73.84,50.35,synthetic,deterministic demo generator,21.5,67.5,2.0,212,0,synthetic,deterministic demo generator
2025-11-14T23:00:00+05:30,demo-centroid,Synthetic centroid demo,18.625,73.84,53.25,synthetic,deterministic demo generator,22.71,63.88,2.0,212,0,synthetic,deterministic demo generator
2025-11-15T00:00:00+05:30,demo-centroid,Synthetic centroid demo,18.625,73.84,56.97,synthetic,deterministic demo generator,24.0,60.0,2.25,225,0,synthetic,deterministic demo generator
2025-11-15T01:00:00+05:30,demo-centroid,Synthetic centroid demo,18.625,73.84,60.07,synthetic,deterministic demo generator,25.29,56.12,2.25,225,0,synthetic,deterministic demo generator
2025-11-15T02:00:00+05:30,demo-centroid,Synthetic centroid demo,18.625,73.84,62.97,synthetic,deterministic demo generator,26.5,52.5,2.25,225,0,synthetic,deterministic demo generator
2025-11-15T03:00:00+05:30,demo-centroid,Synthetic centroid demo,18.625,73.84,65.45,synthetic,deterministic demo generator,27.54,49.39,2.25,225,0,synthetic,deterministic demo generator
2025-11-15T04:00:00+05:30,demo-centroid,Synthetic centroid demo,18.625,73.84,67.36,synthetic,deterministic demo generator,28.33,47.01,2.25,225,0,synthetic,deterministic demo generator
2025-11-15T05:00:00+05:30,demo-centroid,Synthetic centroid demo,18.625,73.84,68.56,synthetic,deterministic demo generator,28.83,45.51,2.25,225,0,synthetic,deterministic demo generator
2025-11-15T06:00:00+05:30,demo-centroid,Synthetic centroid demo,18.625,73.84,68.97,synthetic,deterministic demo generator,29.0,45.0,2.25,225,0,synthetic,deterministic demo generator
2025-11-15T07:00:00+05:30,demo-centroid,Synthetic centroid demo,18.625,73.84,68.56,synthetic,deterministic demo generator,28.83,45.51,2.25,225,0,synthetic,deterministic demo generator
2025-11-15T08:00:00+05:30,demo-centroid,Synthetic centroid demo,18.625,73.84,67.36,synthetic,deterministic demo generator,28.33,47.01,2.25,225,0,synthetic,deterministic demo generator
2025-11-15T09:00:00+05:30,demo-centroid,Synthetic centroid demo,18.625,73.84,65.45,synthetic,deterministic demo generator,27.54,49.39,2.25,225,0,synthetic,deterministic demo generator
2025-11-15T10:00:00+05:30,demo-centroid,Synthetic centroid demo,18.625,73.84,62.97,synthetic,deterministic demo generator,26.5,52.5,2.25,225,0,synthetic,deterministic demo generator
2025-11-15T11:00:00+05:30,demo-centroid,Synthetic centroid demo,18.625,73.84,60.07,synthetic,deterministic demo generator,25.29,56.12,2.25,225,0,synthetic,deterministic demo generator
2025-11-15T12:00:00+05:30,demo-centroid,Synthetic centroid demo,18.625,73.84,56.97,synthetic,deterministic demo generator,24.0,60.0,2.25,225,0,synthetic,deterministic demo generator
2025-11-15T13:00:00+05:30,demo-centroid,Synthetic centroid demo,18.625,73.84,53.86,synthetic,deterministic demo generator,22.71,63.88,2.25,225,0,synthetic,deterministic demo generator
2025-11-15T14:00:00+05:30,demo-centroid,Synthetic centroid demo,18.625,73.84,50.97,synthetic,deterministic demo generator,21.5,67.5,2.25,225,0,synthetic,deterministic demo generator
2025-11-15T15:00:00+05:30,demo-centroid,Synthetic centroid demo,18.625,73.84,48.48,synthetic,deterministic demo generator,20.46,70.61,2.25,225,0,synthetic,deterministic demo generator
2025-11-15T16:00:00+05:30,demo-centroid,Synthetic centroid demo,18.625,73.84,46.57,synthetic,deterministic demo generator,19.67,72.99,2.25,225,0,synthetic,deterministic demo generator
2025-11-15T17:00:00+05:30,demo-centroid,Synthetic centroid demo,18.625,73.84,45.37,synthetic,deterministic demo generator,19.17,74.49,2.25,225,0,synthetic,deterministic demo generator
2025-11-15T18:00:00+05:30,demo-centroid,Synthetic centroid demo,18.625,73.84,44.97,synthetic,deterministic demo generator,19.0,75.0,2.25,225,0,synthetic,deterministic demo generator
2025-11-15T19:00:00+05:30,demo-centroid,Synthetic centroid demo,18.625,73.84,45.37,synthetic,deterministic demo generator,19.17,74.49,2.25,225,0,synthetic,deterministic demo generator
2025-11-15T20:00:00+05:30,demo-centroid,Synthetic centroid demo,18.625,73.84,46.57,synthetic,deterministic demo generator,19.67,72.99,2.25,225,0,synthetic,deterministic demo generator
2025-11-15T21:00:00+05:30,demo-centroid,Synthetic centroid demo,18.625,73.84,48.48,synthetic,deterministic demo generator,20.46,70.61,2.25,225,0,synthetic,deterministic demo generator
2025-11-15T22:00:00+05:30,demo-centroid,Synthetic centroid demo,18.625,73.84,50.97,synthetic,deterministic demo generator,21.5,67.5,2.25,225,0,synthetic,deterministic demo generator
2025-11-15T23:00:00+05:30,demo-centroid,Synthetic centroid demo,18.625,73.84,53.86,synthetic,deterministic demo generator,22.71,63.88,2.25,225,0,synthetic,deterministic demo generator
2025-11-16T00:00:00+05:30,demo-centroid,Synthetic centroid demo,18.625,73.84,57.4,synthetic,deterministic demo generator,24.0,60.0,2.48,238,0,synthetic,deterministic demo generator
2025-11-16T01:00:00+05:30,demo-centroid,Synthetic centroid demo,18.625,73.84,60.5,synthetic,deterministic demo generator,25.29,56.12,2.48,238,0,synthetic,deterministic demo generator
2025-11-16T02:00:00+05:30,demo-centroid,Synthetic centroid demo,18.625,73.84,63.4,synthetic,deterministic demo generator,26.5,52.5,2.48,238,0,synthetic,deterministic demo generator
2025-11-16T03:00:00+05:30,demo-centroid,Synthetic centroid demo,18.625,73.84,65.88,synthetic,deterministic demo generator,27.54,49.39,2.48,238,0,synthetic,deterministic demo generator
2025-11-16T04:00:00+05:30,demo-centroid,Synthetic centroid demo,18.625,73.84,67.79,synthetic,deterministic demo generator,28.33,47.01,2.48,238,0,synthetic,deterministic demo generator
2025-11-16T05:00:00+05:30,demo-centroid,Synthetic centroid demo,18.625,73.84,68.99,synthetic,deterministic demo generator,28.83,45.51,2.48,238,0,synthetic,deterministic demo generator
2025-11-16T06:00:00+05:30,demo-centroid,Synthetic centroid demo,18.625,73.84,69.4,synthetic,deterministic demo generator,29.0,45.0,2.48,238,0,synthetic,deterministic demo generator
2025-11-16T07:00:00+05:30,demo-centroid,Synthetic centroid demo,18.625,73.84,68.99,synthetic,deterministic demo generator,28.83,45.51,2.48,238,0,synthetic,deterministic demo generator
2025-11-16T08:00:00+05:30,demo-centroid,Synthetic centroid demo,18.625,73.84,67.79,synthetic,deterministic demo generator,28.33,47.01,2.48,238,0,synthetic,deterministic demo generator
2025-11-16T09:00:00+05:30,demo-centroid,Synthetic centroid demo,18.625,73.84,65.88,synthetic,deterministic demo generator,27.54,49.39,2.48,238,0,synthetic,deterministic demo generator
2025-11-16T10:00:00+05:30,demo-centroid,Synthetic centroid demo,18.625,73.84,63.4,synthetic,deterministic demo generator,26.5,52.5,2.48,238,0,synthetic,deterministic demo generator
2025-11-16T11:00:00+05:30,demo-centroid,Synthetic centroid demo,18.625,73.84,60.5,synthetic,deterministic demo generator,25.29,56.12,2.48,238,0,synthetic,deterministic demo generator
2025-11-16T12:00:00+05:30,demo-centroid,Synthetic centroid demo,18.625,73.84,57.4,synthetic,deterministic demo generator,24.0,60.0,2.48,238,0,synthetic,deterministic demo generator
2025-11-16T13:00:00+05:30,demo-centroid,Synthetic centroid demo,18.625,73.84,54.29,synthetic,deterministic demo generator,22.71,63.88,2.48,238,0,synthetic,deterministic demo generator
2025-11-16T14:00:00+05:30,demo-centroid,Synthetic centroid demo,18.625,73.84,51.4,synthetic,deterministic demo generator,21.5,67.5,2.48,238,0,synthetic,deterministic demo generator
2025-11-16T15:00:00+05:30,demo-centroid,Synthetic centroid demo,18.625,73.84,48.91,synthetic,deterministic demo generator,20.46,70.61,2.48,238,0,synthetic,deterministic demo generator
2025-11-16T16:00:00+05:30,demo-centroid,Synthetic centroid demo,18.625,73.84,47.01,synthetic,deterministic demo generator,19.67,72.99,2.48,238,0,synthetic,deterministic demo generator
2025-11-16T17:00:00+05:30,demo-centroid,Synthetic centroid demo,18.625,73.84,45.81,synthetic,deterministic demo generator,19.17,74.49,2.48,238,0,synthetic,deterministic demo generator
2025-11-16T18:00:00+05:30,demo-centroid,Synthetic centroid demo,18.625,73.84,45.4,synthetic,deterministic demo generator,19.0,75.0,2.48,238,0,synthetic,deterministic demo generator
2025-11-16T19:00:00+05:30,demo-centroid,Synthetic centroid demo,18.625,73.84,45.81,synthetic,deterministic demo generator,19.17,74.49,2.48,238,0,synthetic,deterministic demo generator
2025-11-16T20:00:00+05:30,demo-centroid,Synthetic centroid demo,18.625,73.84,47.01,synthetic,deterministic demo generator,19.67,72.99,2.48,238,0,synthetic,deterministic demo generator
2025-11-16T21:00:00+05:30,demo-centroid,Synthetic centroid demo,18.625,73.84,48.91,synthetic,deterministic demo generator,20.46,70.61,2.48,238,0,synthetic,deterministic demo generator
2025-11-16T22:00:00+05:30,demo-centroid,Synthetic centroid demo,18.625,73.84,51.4,synthetic,deterministic demo generator,21.5,67.5,2.48,238,0,synthetic,deterministic demo generator
2025-11-16T23:00:00+05:30,demo-centroid,Synthetic centroid demo,18.625,73.84,54.29,synthetic,deterministic demo generator,22.71,63.88,2.48,238,0,synthetic,deterministic demo generator
2025-11-17T00:00:00+05:30,demo-centroid,Synthetic centroid demo,18.625,73.84,57.64,synthetic,deterministic demo generator,24.0,60.0,2.68,251,0,synthetic,deterministic demo generator
2025-11-17T01:00:00+05:30,demo-centroid,Synthetic centroid demo,18.625,73.84,60.74,synthetic,deterministic demo generator,25.29,56.12,2.68,251,0,synthetic,deterministic demo generator
2025-11-17T02:00:00+05:30,demo-centroid,Synthetic centroid demo,18.625,73.84,63.64,synthetic,deterministic demo generator,26.5,52.5,2.68,251,0,synthetic,deterministic demo generator
2025-11-17T03:00:00+05:30,demo-centroid,Synthetic centroid demo,18.625,73.84,66.12,synthetic,deterministic demo generator,27.54,49.39,2.68,251,0,synthetic,deterministic demo generator
2025-11-17T04:00:00+05:30,demo-centroid,Synthetic centroid demo,18.625,73.84,68.03,synthetic,deterministic demo generator,28.33,47.01,2.68,251,0,synthetic,deterministic demo generator
2025-11-17T05:00:00+05:30,demo-centroid,Synthetic centroid demo,18.625,73.84,69.23,synthetic,deterministic demo generator,28.83,45.51,2.68,251,0,synthetic,deterministic demo generator
2025-11-17T06:00:00+05:30,demo-centroid,Synthetic centroid demo,18.625,73.84,69.64,synthetic,deterministic demo generator,29.0,45.0,2.68,251,0,synthetic,deterministic demo generator
2025-11-17T07:00:00+05:30,demo-centroid,Synthetic centroid demo,18.625,73.84,69.23,synthetic,deterministic demo generator,28.83,45.51,2.68,251,0,synthetic,deterministic demo generator
2025-11-17T08:00:00+05:30,demo-centroid,Synthetic centroid demo,18.625,73.84,68.03,synthetic,deterministic demo generator,28.33,47.01,2.68,251,0,synthetic,deterministic demo generator
2025-11-17T09:00:00+05:30,demo-centroid,Synthetic centroid demo,18.625,73.84,66.12,synthetic,deterministic demo generator,27.54,49.39,2.68,251,0,synthetic,deterministic demo generator
2025-11-17T10:00:00+05:30,demo-centroid,Synthetic centroid demo,18.625,73.84,63.64,synthetic,deterministic demo generator,26.5,52.5,2.68,251,0,synthetic,deterministic demo generator
2025-11-17T11:00:00+05:30,demo-centroid,Synthetic centroid demo,18.625,73.84,60.74,synthetic,deterministic demo generator,25.29,56.12,2.68,251,0,synthetic,deterministic demo generator
2025-11-17T12:00:00+05:30,demo-centroid,Synthetic centroid demo,18.625,73.84,57.64,synthetic,deterministic demo generator,24.0,60.0,2.68,251,0,synthetic,deterministic demo generator
2025-11-17T13:00:00+05:30,demo-centroid,Synthetic centroid demo,18.625,73.84,54.53,synthetic,deterministic demo generator,22.71,63.88,2.68,251,0,synthetic,deterministic demo generator
2025-11-17T14:00:00+05:30,demo-centroid,Synthetic centroid demo,18.625,73.84,51.64,synthetic,deterministic demo generator,21.5,67.5,2.68,251,0,synthetic,deterministic demo generator
2025-11-17T15:00:00+05:30,demo-centroid,Synthetic centroid demo,18.625,73.84,49.15,synthetic,deterministic demo generator,20.46,70.61,2.68,251,0,synthetic,deterministic demo generator
2025-11-17T16:00:00+05:30,demo-centroid,Synthetic centroid demo,18.625,73.84,47.25,synthetic,deterministic demo generator,19.67,72.99,2.68,251,0,synthetic,deterministic demo generator
2025-11-17T17:00:00+05:30,demo-centroid,Synthetic centroid demo,18.625,73.84,46.05,synthetic,deterministic demo generator,19.17,74.49,2.68,251,0,synthetic,deterministic demo generator
2025-11-17T18:00:00+05:30,demo-centroid,Synthetic centroid demo,18.625,73.84,45.64,synthetic,deterministic demo generator,19.0,75.0,2.68,251,0,synthetic,deterministic demo generator
2025-11-17T19:00:00+05:30,demo-centroid,Synthetic centroid demo,18.625,73.84,46.05,synthetic,deterministic demo generator,19.17,74.49,2.68,251,0,synthetic,deterministic demo generator
2025-11-17T20:00:00+05:30,demo-centroid,Synthetic centroid demo,18.625,73.84,47.25,synthetic,deterministic demo generator,19.67,72.99,2.68,251,0,synthetic,deterministic demo generator
2025-11-17T21:00:00+05:30,demo-centroid,Synthetic centroid demo,18.625,73.84,49.15,synthetic,deterministic demo generator,20.46,70.61,2.68,251,0,synthetic,deterministic demo generator
2025-11-17T22:00:00+05:30,demo-centroid,Synthetic centroid demo,18.625,73.84,51.64,synthetic,deterministic demo generator,21.5,67.5,2.68,251,0,synthetic,deterministic demo generator
2025-11-17T23:00:00+05:30,demo-centroid,Synthetic centroid demo,18.625,73.84,54.53,synthetic,deterministic demo generator,22.71,63.88,2.68,251,0,synthetic,deterministic demo generator
2025-11-18T00:00:00+05:30,demo-centroid,Synthetic centroid demo,18.625,73.84,57.69,synthetic,deterministic demo generator,24.0,60.0,2.84,264,0,synthetic,deterministic demo generator
2025-11-18T01:00:00+05:30,demo-centroid,Synthetic centroid demo,18.625,73.84,60.79,synthetic,deterministic demo generator,25.29,56.12,2.84,264,0,synthetic,deterministic demo generator
2025-11-18T02:00:00+05:30,demo-centroid,Synthetic centroid demo,18.625,73.84,63.69,synthetic,deterministic demo generator,26.5,52.5,2.84,264,0,synthetic,deterministic demo generator
2025-11-18T03:00:00+05:30,demo-centroid,Synthetic centroid demo,18.625,73.84,66.17,synthetic,deterministic demo generator,27.54,49.39,2.84,264,0,synthetic,deterministic demo generator
2025-11-18T04:00:00+05:30,demo-centroid,Synthetic centroid demo,18.625,73.84,68.08,synthetic,deterministic demo generator,28.33,47.01,2.84,264,0,synthetic,deterministic demo generator
2025-11-18T05:00:00+05:30,demo-centroid,Synthetic centroid demo,18.625,73.84,69.28,synthetic,deterministic demo generator,28.83,45.51,2.84,264,0,synthetic,deterministic demo generator
2025-11-18T06:00:00+05:30,demo-centroid,Synthetic centroid demo,18.625,73.84,69.69,synthetic,deterministic demo generator,29.0,45.0,2.84,264,0,synthetic,deterministic demo generator
2025-11-18T07:00:00+05:30,demo-centroid,Synthetic centroid demo,18.625,73.84,69.28,synthetic,deterministic demo generator,28.83,45.51,2.84,264,0,synthetic,deterministic demo generator
2025-11-18T08:00:00+05:30,demo-centroid,Synthetic centroid demo,18.625,73.84,68.08,synthetic,deterministic demo generator,28.33,47.01,2.84,264,0,synthetic,deterministic demo generator
2025-11-18T09:00:00+05:30,demo-centroid,Synthetic centroid demo,18.625,73.84,66.17,synthetic,deterministic demo generator,27.54,49.39,2.84,264,0,synthetic,deterministic demo generator
2025-11-18T10:00:00+05:30,demo-centroid,Synthetic centroid demo,18.625,73.84,63.69,synthetic,deterministic demo generator,26.5,52.5,2.84,264,0,synthetic,deterministic demo generator
2025-11-18T11:00:00+05:30,demo-centroid,Synthetic centroid demo,18.625,73.84,60.79,synthetic,deterministic demo generator,25.29,56.12,2.84,264,0,synthetic,deterministic demo generator
2025-11-18T12:00:00+05:30,demo-centroid,Synthetic centroid demo,18.625,73.84,57.69,synthetic,deterministic demo generator,24.0,60.0,2.84,264,0,synthetic,deterministic demo generator
2025-11-18T13:00:00+05:30,demo-centroid,Synthetic centroid demo,18.625,73.84,54.58,synthetic,deterministic demo generator,22.71,63.88,2.84,264,0,synthetic,deterministic demo generator
2025-11-18T14:00:00+05:30,demo-centroid,Synthetic centroid demo,18.625,73.84,51.69,synthetic,deterministic demo generator,21.5,67.5,2.84,264,0,synthetic,deterministic demo generator
2025-11-18T15:00:00+05:30,demo-centroid,Synthetic centroid demo,18.625,73.84,49.2,synthetic,deterministic demo generator,20.46,70.61,2.84,264,0,synthetic,deterministic demo generator
2025-11-18T16:00:00+05:30,demo-centroid,Synthetic centroid demo,18.625,73.84,47.29,synthetic,deterministic demo generator,19.67,72.99,2.84,264,0,synthetic,deterministic demo generator
2025-11-18T17:00:00+05:30,demo-centroid,Synthetic centroid demo,18.625,73.84,46.09,synthetic,deterministic demo generator,19.17,74.49,2.84,264,0,synthetic,deterministic demo generator
2025-11-18T18:00:00+05:30,demo-centroid,Synthetic centroid demo,18.625,73.84,45.69,synthetic,deterministic demo generator,19.0,75.0,2.84,264,0,synthetic,deterministic demo generator
2025-11-18T19:00:00+05:30,demo-centroid,Synthetic centroid demo,18.625,73.84,46.09,synthetic,deterministic demo generator,19.17,74.49,2.84,264,0,synthetic,deterministic demo generator
2025-11-18T20:00:00+05:30,demo-centroid,Synthetic centroid demo,18.625,73.84,47.29,synthetic,deterministic demo generator,19.67,72.99,2.84,264,0,synthetic,deterministic demo generator
2025-11-18T21:00:00+05:30,demo-centroid,Synthetic centroid demo,18.625,73.84,49.2,synthetic,deterministic demo generator,20.46,70.61,2.84,264,0,synthetic,deterministic demo generator
2025-11-18T22:00:00+05:30,demo-centroid,Synthetic centroid demo,18.625,73.84,51.69,synthetic,deterministic demo generator,21.5,67.5,2.84,264,0,synthetic,deterministic demo generator
2025-11-18T23:00:00+05:30,demo-centroid,Synthetic centroid demo,18.625,73.84,54.58,synthetic,deterministic demo generator,22.71,63.88,2.84,264,0,synthetic,deterministic demo generator
2025-11-19T00:00:00+05:30,demo-centroid,Synthetic centroid demo,18.625,73.84,57.54,synthetic,deterministic demo generator,24.0,60.0,2.95,277,0,synthetic,deterministic demo generator
2025-11-19T01:00:00+05:30,demo-centroid,Synthetic centroid demo,18.625,73.84,60.65,synthetic,deterministic demo generator,25.29,56.12,2.95,277,0,synthetic,deterministic demo generator
2025-11-19T02:00:00+05:30,demo-centroid,Synthetic centroid demo,18.625,73.84,63.54,synthetic,deterministic demo generator,26.5,52.5,2.95,277,0,synthetic,deterministic demo generator
2025-11-19T03:00:00+05:30,demo-centroid,Synthetic centroid demo,18.625,73.84,66.03,synthetic,deterministic demo generator,27.54,49.39,2.95,277,0,synthetic,deterministic demo generator
2025-11-19T04:00:00+05:30,demo-centroid,Synthetic centroid demo,18.625,73.84,67.93,synthetic,deterministic demo generator,28.33,47.01,2.95,277,0,synthetic,deterministic demo generator
2025-11-19T05:00:00+05:30,demo-centroid,Synthetic centroid demo,18.625,73.84,69.13,synthetic,deterministic demo generator,28.83,45.51,2.95,277,0,synthetic,deterministic demo generator
2025-11-19T06:00:00+05:30,demo-centroid,Synthetic centroid demo,18.625,73.84,69.54,synthetic,deterministic demo generator,29.0,45.0,2.95,277,0,synthetic,deterministic demo generator
2025-11-19T07:00:00+05:30,demo-centroid,Synthetic centroid demo,18.625,73.84,69.13,synthetic,deterministic demo generator,28.83,45.51,2.95,277,0,synthetic,deterministic demo generator
2025-11-19T08:00:00+05:30,demo-centroid,Synthetic centroid demo,18.625,73.84,67.93,synthetic,deterministic demo generator,28.33,47.01,2.95,277,0,synthetic,deterministic demo generator
2025-11-19T09:00:00+05:30,demo-centroid,Synthetic centroid demo,18.625,73.84,66.03,synthetic,deterministic demo generator,27.54,49.39,2.95,277,0,synthetic,deterministic demo generator
2025-11-19T10:00:00+05:30,demo-centroid,Synthetic centroid demo,18.625,73.84,63.54,synthetic,deterministic demo generator,26.5,52.5,2.95,277,0,synthetic,deterministic demo generator
2025-11-19T11:00:00+05:30,demo-centroid,Synthetic centroid demo,18.625,73.84,60.65,synthetic,deterministic demo generator,25.29,56.12,2.95,277,0,synthetic,deterministic demo generator
2025-11-19T12:00:00+05:30,demo-centroid,Synthetic centroid demo,18.625,73.84,57.54,synthetic,deterministic demo generator,24.0,60.0,2.95,277,0,synthetic,deterministic demo generator
2025-11-19T13:00:00+05:30,demo-centroid,Synthetic centroid demo,18.625,73.84,54.43,synthetic,deterministic demo generator,22.71,63.88,2.95,277,0,synthetic,deterministic demo generator
2025-11-19T14:00:00+05:30,demo-centroid,Synthetic centroid demo,18.625,73.84,51.54,synthetic,deterministic demo generator,21.5,67.5,2.95,277,0,synthetic,deterministic demo generator
2025-11-19T15:00:00+05:30,demo-centroid,Synthetic centroid demo,18.625,73.84,49.06,synthetic,deterministic demo generator,20.46,70.61,2.95,277,0,synthetic,deterministic demo generator
2025-11-19T16:00:00+05:30,demo-centroid,Synthetic centroid demo,18.625,73.84,47.15,synthetic,deterministic demo generator,19.67,72.99,2.95,277,0,synthetic,deterministic demo generator
2025-11-19T17:00:00+05:30,demo-centroid,Synthetic centroid demo,18.625,73.84,45.95,synthetic,deterministic demo generator,19.17,74.49,2.95,277,0,synthetic,deterministic demo generator
2025-11-19T18:00:00+05:30,demo-centroid,Synthetic centroid demo,18.625,73.84,45.54,synthetic,deterministic demo generator,19.0,75.0,2.95,277,0,synthetic,deterministic demo generator
2025-11-19T19:00:00+05:30,demo-centroid,Synthetic centroid demo,18.625,73.84,45.95,synthetic,deterministic demo generator,19.17,74.49,2.95,277,0,synthetic,deterministic demo generator
2025-11-19T20:00:00+05:30,demo-centroid,Synthetic centroid demo,18.625,73.84,47.15,synthetic,deterministic demo generator,19.67,72.99,2.95,277,0,synthetic,deterministic demo generator
2025-11-19T21:00:00+05:30,demo-centroid,Synthetic centroid demo,18.625,73.84,49.06,synthetic,deterministic demo generator,20.46,70.61,2.95,277,0,synthetic,deterministic demo generator
2025-11-19T22:00:00+05:30,demo-centroid,Synthetic centroid demo,18.625,73.84,51.54,synthetic,deterministic demo generator,21.5,67.5,2.95,277,0,synthetic,deterministic demo generator
2025-11-19T23:00:00+05:30,demo-centroid,Synthetic centroid demo,18.625,73.84,54.43,synthetic,deterministic demo generator,22.71,63.88,2.95,277,0,synthetic,deterministic demo generator
2025-11-20T00:00:00+05:30,demo-centroid,Synthetic centroid demo,18.625,73.84,57.21,synthetic,deterministic demo generator,24.0,60.0,3.0,290,0,synthetic,deterministic demo generator
2025-11-20T01:00:00+05:30,demo-centroid,Synthetic centroid demo,18.625,73.84,60.32,synthetic,deterministic demo generator,25.29,56.12,3.0,290,0,synthetic,deterministic demo generator
2025-11-20T02:00:00+05:30,demo-centroid,Synthetic centroid demo,18.625,73.84,63.21,synthetic,deterministic demo generator,26.5,52.5,3.0,290,0,synthetic,deterministic demo generator
2025-11-20T03:00:00+05:30,demo-centroid,Synthetic centroid demo,18.625,73.84,65.7,synthetic,deterministic demo generator,27.54,49.39,3.0,290,0,synthetic,deterministic demo generator
2025-11-20T04:00:00+05:30,demo-centroid,Synthetic centroid demo,18.625,73.84,67.6,synthetic,deterministic demo generator,28.33,47.01,3.0,290,0,synthetic,deterministic demo generator
2025-11-20T05:00:00+05:30,demo-centroid,Synthetic centroid demo,18.625,73.84,68.8,synthetic,deterministic demo generator,28.83,45.51,3.0,290,0,synthetic,deterministic demo generator
2025-11-20T06:00:00+05:30,demo-centroid,Synthetic centroid demo,18.625,73.84,69.21,synthetic,deterministic demo generator,29.0,45.0,3.0,290,0,synthetic,deterministic demo generator
2025-11-20T07:00:00+05:30,demo-centroid,Synthetic centroid demo,18.625,73.84,68.8,synthetic,deterministic demo generator,28.83,45.51,3.0,290,0,synthetic,deterministic demo generator
2025-11-20T08:00:00+05:30,demo-centroid,Synthetic centroid demo,18.625,73.84,67.6,synthetic,deterministic demo generator,28.33,47.01,3.0,290,0,synthetic,deterministic demo generator
2025-11-20T09:00:00+05:30,demo-centroid,Synthetic centroid demo,18.625,73.84,65.7,synthetic,deterministic demo generator,27.54,49.39,3.0,290,0,synthetic,deterministic demo generator
2025-11-20T10:00:00+05:30,demo-centroid,Synthetic centroid demo,18.625,73.84,63.21,synthetic,deterministic demo generator,26.5,52.5,3.0,290,0,synthetic,deterministic demo generator
2025-11-20T11:00:00+05:30,demo-centroid,Synthetic centroid demo,18.625,73.84,60.32,synthetic,deterministic demo generator,25.29,56.12,3.0,290,0,synthetic,deterministic demo generator
2025-11-20T12:00:00+05:30,demo-centroid,Synthetic centroid demo,18.625,73.84,57.21,synthetic,deterministic demo generator,24.0,60.0,3.0,290,0,synthetic,deterministic demo generator
2025-11-20T13:00:00+05:30,demo-centroid,Synthetic centroid demo,18.625,73.84,54.11,synthetic,deterministic demo generator,22.71,63.88,3.0,290,0,synthetic,deterministic demo generator
2025-11-20T14:00:00+05:30,demo-centroid,Synthetic centroid demo,18.625,73.84,51.21,synthetic,deterministic demo generator,21.5,67.5,3.0,290,0,synthetic,deterministic demo generator
2025-11-20T15:00:00+05:30,demo-centroid,Synthetic centroid demo,18.625,73.84,48.73,synthetic,deterministic demo generator,20.46,70.61,3.0,290,0,synthetic,deterministic demo generator
2025-11-20T16:00:00+05:30,demo-centroid,Synthetic centroid demo,18.625,73.84,46.82,synthetic,deterministic demo generator,19.67,72.99,3.0,290,0,synthetic,deterministic demo generator
2025-11-20T17:00:00+05:30,demo-centroid,Synthetic centroid demo,18.625,73.84,45.62,synthetic,deterministic demo generator,19.17,74.49,3.0,290,0,synthetic,deterministic demo generator
2025-11-20T18:00:00+05:30,demo-centroid,Synthetic centroid demo,18.625,73.84,45.21,synthetic,deterministic demo generator,19.0,75.0,3.0,290,0,synthetic,deterministic demo generator
2025-11-20T19:00:00+05:30,demo-centroid,Synthetic centroid demo,18.625,73.84,45.62,synthetic,deterministic demo generator,19.17,74.49,3.0,290,0,synthetic,deterministic demo generator
2025-11-20T20:00:00+05:30,demo-centroid,Synthetic centroid demo,18.625,73.84,46.82,synthetic,deterministic demo generator,19.67,72.99,3.0,290,0,synthetic,deterministic demo generator
2025-11-20T21:00:00+05:30,demo-centroid,Synthetic centroid demo,18.625,73.84,48.73,synthetic,deterministic demo generator,20.46,70.61,3.0,290,0,synthetic,deterministic demo generator
2025-11-20T22:00:00+05:30,demo-centroid,Synthetic centroid demo,18.625,73.84,51.21,synthetic,deterministic demo generator,21.5,67.5,3.0,290,0,synthetic,deterministic demo generator
2025-11-20T23:00:00+05:30,demo-centroid,Synthetic centroid demo,18.625,73.84,54.11,synthetic,deterministic demo generator,22.71,63.88,3.0,290,0,synthetic,deterministic demo generator
2025-11-21T00:00:00+05:30,demo-centroid,Synthetic centroid demo,18.625,73.84,56.71,synthetic,deterministic demo generator,24.0,60.0,2.98,303,0,synthetic,deterministic demo generator
2025-11-21T01:00:00+05:30,demo-centroid,Synthetic centroid demo,18.625,73.84,59.82,synthetic,deterministic demo generator,25.29,56.12,2.98,303,0,synthetic,deterministic demo generator
2025-11-21T02:00:00+05:30,demo-centroid,Synthetic centroid demo,18.625,73.84,62.71,synthetic,deterministic demo generator,26.5,52.5,2.98,303,0,synthetic,deterministic demo generator
2025-11-21T03:00:00+05:30,demo-centroid,Synthetic centroid demo,18.625,73.84,65.19,synthetic,deterministic demo generator,27.54,49.39,2.98,303,0,synthetic,deterministic demo generator
2025-11-21T04:00:00+05:30,demo-centroid,Synthetic centroid demo,18.625,73.84,67.1,synthetic,deterministic demo generator,28.33,47.01,2.98,303,0,synthetic,deterministic demo generator
2025-11-21T05:00:00+05:30,demo-centroid,Synthetic centroid demo,18.625,73.84,68.3,synthetic,deterministic demo generator,28.83,45.51,2.98,303,0,synthetic,deterministic demo generator
2025-11-21T06:00:00+05:30,demo-centroid,Synthetic centroid demo,18.625,73.84,68.71,synthetic,deterministic demo generator,29.0,45.0,2.98,303,0,synthetic,deterministic demo generator
2025-11-21T07:00:00+05:30,demo-centroid,Synthetic centroid demo,18.625,73.84,68.3,synthetic,deterministic demo generator,28.83,45.51,2.98,303,0,synthetic,deterministic demo generator
2025-11-21T08:00:00+05:30,demo-centroid,Synthetic centroid demo,18.625,73.84,67.1,synthetic,deterministic demo generator,28.33,47.01,2.98,303,0,synthetic,deterministic demo generator
2025-11-21T09:00:00+05:30,demo-centroid,Synthetic centroid demo,18.625,73.84,65.19,synthetic,deterministic demo generator,27.54,49.39,2.98,303,0,synthetic,deterministic demo generator
2025-11-21T10:00:00+05:30,demo-centroid,Synthetic centroid demo,18.625,73.84,62.71,synthetic,deterministic demo generator,26.5,52.5,2.98,303,0,synthetic,deterministic demo generator
2025-11-21T11:00:00+05:30,demo-centroid,Synthetic centroid demo,18.625,73.84,59.82,synthetic,deterministic demo generator,25.29,56.12,2.98,303,0,synthetic,deterministic demo generator
2025-11-21T12:00:00+05:30,demo-centroid,Synthetic centroid demo,18.625,73.84,56.71,synthetic,deterministic demo generator,24.0,60.0,2.98,303,0,synthetic,deterministic demo generator
2025-11-21T13:00:00+05:30,demo-centroid,Synthetic centroid demo,18.625,73.84,53.6,synthetic,deterministic demo generator,22.71,63.88,2.98,303,0,synthetic,deterministic demo generator
2025-11-21T14:00:00+05:30,demo-centroid,Synthetic centroid demo,18.625,73.84,50.71,synthetic,deterministic demo generator,21.5,67.5,2.98,303,0,synthetic,deterministic demo generator
2025-11-21T15:00:00+05:30,demo-centroid,Synthetic centroid demo,18.625,73.84,48.22,synthetic,deterministic demo generator,20.46,70.61,2.98,303,1.2,synthetic,deterministic demo generator
2025-11-21T16:00:00+05:30,demo-centroid,Synthetic centroid demo,18.625,73.84,46.32,synthetic,deterministic demo generator,19.67,72.99,2.98,303,0,synthetic,deterministic demo generator
2025-11-21T17:00:00+05:30,demo-centroid,Synthetic centroid demo,18.625,73.84,45.12,synthetic,deterministic demo generator,19.17,74.49,2.98,303,0,synthetic,deterministic demo generator
2025-11-21T18:00:00+05:30,demo-centroid,Synthetic centroid demo,18.625,73.84,44.71,synthetic,deterministic demo generator,19.0,75.0,2.98,303,0,synthetic,deterministic demo generator
2025-11-21T19:00:00+05:30,demo-centroid,Synthetic centroid demo,18.625,73.84,45.12,synthetic,deterministic demo generator,19.17,74.49,2.98,303,0,synthetic,deterministic demo generator
2025-11-21T20:00:00+05:30,demo-centroid,Synthetic centroid demo,18.625,73.84,46.32,synthetic,deterministic demo generator,19.67,72.99,2.98,303,0,synthetic,deterministic demo generator
2025-11-21T21:00:00+05:30,demo-centroid,Synthetic centroid demo,18.625,73.84,48.22,synthetic,deterministic demo generator,20.46,70.61,2.98,303,0,synthetic,deterministic demo generator
2025-11-21T22:00:00+05:30,demo-centroid,Synthetic centroid demo,18.625,73.84,50.71,synthetic,deterministic demo generator,21.5,67.5,2.98,303,0,synthetic,deterministic demo generator
2025-11-21T23:00:00+05:30,demo-centroid,Synthetic centroid demo,18.625,73.84,53.6,synthetic,deterministic demo generator,22.71,63.88,2.98,303,0,synthetic,deterministic demo generator
2025-11-22T00:00:00+05:30,demo-centroid,Synthetic centroid demo,18.625,73.84,56.05,synthetic,deterministic demo generator,24.0,60.0,2.91,316,0,synthetic,deterministic demo generator
2025-11-22T01:00:00+05:30,demo-centroid,Synthetic centroid demo,18.625,73.84,59.16,synthetic,deterministic demo generator,25.29,56.12,2.91,316,0,synthetic,deterministic demo generator
2025-11-22T02:00:00+05:30,demo-centroid,Synthetic centroid demo,18.625,73.84,62.05,synthetic,deterministic demo generator,26.5,52.5,2.91,316,0,synthetic,deterministic demo generator
2025-11-22T03:00:00+05:30,demo-centroid,Synthetic centroid demo,18.625,73.84,64.54,synthetic,deterministic demo generator,27.54,49.39,2.91,316,0,synthetic,deterministic demo generator
2025-11-22T04:00:00+05:30,demo-centroid,Synthetic centroid demo,18.625,73.84,66.45,synthetic,deterministic demo generator,28.33,47.01,2.91,316,0,synthetic,deterministic demo generator
2025-11-22T05:00:00+05:30,demo-centroid,Synthetic centroid demo,18.625,73.84,67.64,synthetic,deterministic demo generator,28.83,45.51,2.91,316,0,synthetic,deterministic demo generator
2025-11-22T06:00:00+05:30,demo-centroid,Synthetic centroid demo,18.625,73.84,68.05,synthetic,deterministic demo generator,29.0,45.0,2.91,316,0,synthetic,deterministic demo generator
2025-11-22T07:00:00+05:30,demo-centroid,Synthetic centroid demo,18.625,73.84,67.64,synthetic,deterministic demo generator,28.83,45.51,2.91,316,0,synthetic,deterministic demo generator
2025-11-22T08:00:00+05:30,demo-centroid,Synthetic centroid demo,18.625,73.84,66.45,synthetic,deterministic demo generator,28.33,47.01,2.91,316,0,synthetic,deterministic demo generator
2025-11-22T09:00:00+05:30,demo-centroid,Synthetic centroid demo,18.625,73.84,64.54,synthetic,deterministic demo generator,27.54,49.39,2.91,316,0,synthetic,deterministic demo generator
2025-11-22T10:00:00+05:30,demo-centroid,Synthetic centroid demo,18.625,73.84,62.05,synthetic,deterministic demo generator,26.5,52.5,2.91,316,0,synthetic,deterministic demo generator
2025-11-22T11:00:00+05:30,demo-centroid,Synthetic centroid demo,18.625,73.84,59.16,synthetic,deterministic demo generator,25.29,56.12,2.91,316,0,synthetic,deterministic demo generator
2025-11-22T12:00:00+05:30,demo-centroid,Synthetic centroid demo,18.625,73.84,56.05,synthetic,deterministic demo generator,24.0,60.0,2.91,316,0,synthetic,deterministic demo generator
2025-11-22T13:00:00+05:30,demo-centroid,Synthetic centroid demo,18.625,73.84,52.95,synthetic,deterministic demo generator,22.71,63.88,2.91,316,0,synthetic,deterministic demo generator
2025-11-22T14:00:00+05:30,demo-centroid,Synthetic centroid demo,18.625,73.84,50.05,synthetic,deterministic demo generator,21.5,67.5,2.91,316,0,synthetic,deterministic demo generator
2025-11-22T15:00:00+05:30,demo-centroid,Synthetic centroid demo,18.625,73.84,47.57,synthetic,deterministic demo generator,20.46,70.61,2.91,316,0,synthetic,deterministic demo generator
2025-11-22T16:00:00+05:30,demo-centroid,Synthetic centroid demo,18.625,73.84,45.66,synthetic,deterministic demo generator,19.67,72.99,2.91,316,0,synthetic,deterministic demo generator
2025-11-22T17:00:00+05:30,demo-centroid,Synthetic centroid demo,18.625,73.84,44.46,synthetic,deterministic demo generator,19.17,74.49,2.91,316,0,synthetic,deterministic demo generator
2025-11-22T18:00:00+05:30,demo-centroid,Synthetic centroid demo,18.625,73.84,44.05,synthetic,deterministic demo generator,19.0,75.0,2.91,316,0,synthetic,deterministic demo generator
2025-11-22T19:00:00+05:30,demo-centroid,Synthetic centroid demo,18.625,73.84,44.46,synthetic,deterministic demo generator,19.17,74.49,2.91,316,0,synthetic,deterministic demo generator
2025-11-22T20:00:00+05:30,demo-centroid,Synthetic centroid demo,18.625,73.84,45.66,synthetic,deterministic demo generator,19.67,72.99,2.91,316,0,synthetic,deterministic demo generator
2025-11-22T21:00:00+05:30,demo-centroid,Synthetic centroid demo,18.625,73.84,47.57,synthetic,deterministic demo generator,20.46,70.61,2.91,316,0,synthetic,deterministic demo generator
2025-11-22T22:00:00+05:30,demo-centroid,Synthetic centroid demo,18.625,73.84,50.05,synthetic,deterministic demo generator,21.5,67.5,2.91,316,0,synthetic,deterministic demo generator
2025-11-22T23:00:00+05:30,demo-centroid,Synthetic centroid demo,18.625,73.84,52.95,synthetic,deterministic demo generator,22.71,63.88,2.91,316,0,synthetic,deterministic demo generator
2025-11-23T00:00:00+05:30,demo-centroid,Synthetic centroid demo,18.625,73.84,55.26,synthetic,deterministic demo generator,24.0,60.0,2.78,329,0,synthetic,deterministic demo generator
2025-11-23T01:00:00+05:30,demo-centroid,Synthetic centroid demo,18.625,73.84,58.37,synthetic,deterministic demo generator,25.29,56.12,2.78,329,0,synthetic,deterministic demo generator
2025-11-23T02:00:00+05:30,demo-centroid,Synthetic centroid demo,18.625,73.84,61.26,synthetic,deterministic demo generator,26.5,52.5,2.78,329,0,synthetic,deterministic demo generator
2025-11-23T03:00:00+05:30,demo-centroid,Synthetic centroid demo,18.625,73.84,63.75,synthetic,deterministic demo generator,27.54,49.39,2.78,329,0,synthetic,deterministic demo generator
2025-11-23T04:00:00+05:30,demo-centroid,Synthetic centroid demo,18.625,73.84,65.66,synthetic,deterministic demo generator,28.33,47.01,2.78,329,0,synthetic,deterministic demo generator
2025-11-23T05:00:00+05:30,demo-centroid,Synthetic centroid demo,18.625,73.84,66.85,synthetic,deterministic demo generator,28.83,45.51,2.78,329,0,synthetic,deterministic demo generator
2025-11-23T06:00:00+05:30,demo-centroid,Synthetic centroid demo,18.625,73.84,67.26,synthetic,deterministic demo generator,29.0,45.0,2.78,329,0,synthetic,deterministic demo generator
2025-11-23T07:00:00+05:30,demo-centroid,Synthetic centroid demo,18.625,73.84,66.85,synthetic,deterministic demo generator,28.83,45.51,2.78,329,0,synthetic,deterministic demo generator
2025-11-23T08:00:00+05:30,demo-centroid,Synthetic centroid demo,18.625,73.84,65.66,synthetic,deterministic demo generator,28.33,47.01,2.78,329,0,synthetic,deterministic demo generator
2025-11-23T09:00:00+05:30,demo-centroid,Synthetic centroid demo,18.625,73.84,63.75,synthetic,deterministic demo generator,27.54,49.39,2.78,329,0,synthetic,deterministic demo generator
2025-11-23T10:00:00+05:30,demo-centroid,Synthetic centroid demo,18.625,73.84,61.26,synthetic,deterministic demo generator,26.5,52.5,2.78,329,0,synthetic,deterministic demo generator
2025-11-23T11:00:00+05:30,demo-centroid,Synthetic centroid demo,18.625,73.84,58.37,synthetic,deterministic demo generator,25.29,56.12,2.78,329,0,synthetic,deterministic demo generator
2025-11-23T12:00:00+05:30,demo-centroid,Synthetic centroid demo,18.625,73.84,55.26,synthetic,deterministic demo generator,24.0,60.0,2.78,329,0,synthetic,deterministic demo generator
2025-11-23T13:00:00+05:30,demo-centroid,Synthetic centroid demo,18.625,73.84,52.16,synthetic,deterministic demo generator,22.71,63.88,2.78,329,0,synthetic,deterministic demo generator
2025-11-23T14:00:00+05:30,demo-centroid,Synthetic centroid demo,18.625,73.84,49.26,synthetic,deterministic demo generator,21.5,67.5,2.78,329,0,synthetic,deterministic demo generator
2025-11-23T15:00:00+05:30,demo-centroid,Synthetic centroid demo,18.625,73.84,46.78,synthetic,deterministic demo generator,20.46,70.61,2.78,329,0,synthetic,deterministic demo generator
2025-11-23T16:00:00+05:30,demo-centroid,Synthetic centroid demo,18.625,73.84,44.87,synthetic,deterministic demo generator,19.67,72.99,2.78,329,0,synthetic,deterministic demo generator
2025-11-23T17:00:00+05:30,demo-centroid,Synthetic centroid demo,18.625,73.84,43.67,synthetic,deterministic demo generator,19.17,74.49,2.78,329,0,synthetic,deterministic demo generator
2025-11-23T18:00:00+05:30,demo-centroid,Synthetic centroid demo,18.625,73.84,43.26,synthetic,deterministic demo generator,19.0,75.0,2.78,329,0,synthetic,deterministic demo generator
2025-11-23T19:00:00+05:30,demo-centroid,Synthetic centroid demo,18.625,73.84,43.67,synthetic,deterministic demo generator,19.17,74.49,2.78,329,0,synthetic,deterministic demo generator
2025-11-23T20:00:00+05:30,demo-centroid,Synthetic centroid demo,18.625,73.84,44.87,synthetic,deterministic demo generator,19.67,72.99,2.78,329,0,synthetic,deterministic demo generator
2025-11-23T21:00:00+05:30,demo-centroid,Synthetic centroid demo,18.625,73.84,46.78,synthetic,deterministic demo generator,20.46,70.61,2.78,329,0,synthetic,deterministic demo generator
2025-11-23T22:00:00+05:30,demo-centroid,Synthetic centroid demo,18.625,73.84,49.26,synthetic,deterministic demo generator,21.5,67.5,2.78,329,0,synthetic,deterministic demo generator
2025-11-23T23:00:00+05:30,demo-centroid,Synthetic centroid demo,18.625,73.84,52.16,synthetic,deterministic demo generator,22.71,63.88,2.78,329,0,synthetic,deterministic demo generator
2025-11-24T00:00:00+05:30,demo-centroid,Synthetic centroid demo,18.625,73.84,54.36,synthetic,deterministic demo generator,24.0,60.0,2.59,342,0,synthetic,deterministic demo generator
2025-11-24T01:00:00+05:30,demo-centroid,Synthetic centroid demo,18.625,73.84,57.47,synthetic,deterministic demo generator,25.29,56.12,2.59,342,0,synthetic,deterministic demo generator
2025-11-24T02:00:00+05:30,demo-centroid,Synthetic centroid demo,18.625,73.84,60.36,synthetic,deterministic demo generator,26.5,52.5,2.59,342,0,synthetic,deterministic demo generator
2025-11-24T03:00:00+05:30,demo-centroid,Synthetic centroid demo,18.625,73.84,62.85,synthetic,deterministic demo generator,27.54,49.39,2.59,342,0,synthetic,deterministic demo generator
2025-11-24T04:00:00+05:30,demo-centroid,Synthetic centroid demo,18.625,73.84,64.76,synthetic,deterministic demo generator,28.33,47.01,2.59,342,0,synthetic,deterministic demo generator
2025-11-24T05:00:00+05:30,demo-centroid,Synthetic centroid demo,18.625,73.84,65.96,synthetic,deterministic demo generator,28.83,45.51,2.59,342,0,synthetic,deterministic demo generator
2025-11-24T06:00:00+05:30,demo-centroid,Synthetic centroid demo,18.625,73.84,66.36,synthetic,deterministic demo generator,29.0,45.0,2.59,342,0,synthetic,deterministic demo generator
2025-11-24T07:00:00+05:30,demo-centroid,Synthetic centroid demo,18.625,73.84,65.96,synthetic,deterministic demo generator,28.83,45.51,2.59,342,0,synthetic,deterministic demo generator
2025-11-24T08:00:00+05:30,demo-centroid,Synthetic centroid demo,18.625,73.84,64.76,synthetic,deterministic demo generator,28.33,47.01,2.59,342,0,synthetic,deterministic demo generator
2025-11-24T09:00:00+05:30,demo-centroid,Synthetic centroid demo,18.625,73.84,62.85,synthetic,deterministic demo generator,27.54,49.39,2.59,342,0,synthetic,deterministic demo generator
2025-11-24T10:00:00+05:30,demo-centroid,Synthetic centroid demo,18.625,73.84,60.36,synthetic,deterministic demo generator,26.5,52.5,2.59,342,0,synthetic,deterministic demo generator
2025-11-24T11:00:00+05:30,demo-centroid,Synthetic centroid demo,18.625,73.84,57.47,synthetic,deterministic demo generator,25.29,56.12,2.59,342,0,synthetic,deterministic demo generator
2025-11-24T12:00:00+05:30,demo-centroid,Synthetic centroid demo,18.625,73.84,54.36,synthetic,deterministic demo generator,24.0,60.0,2.59,342,0,synthetic,deterministic demo generator
2025-11-24T13:00:00+05:30,demo-centroid,Synthetic centroid demo,18.625,73.84,51.26,synthetic,deterministic demo generator,22.71,63.88,2.59,342,0,synthetic,deterministic demo generator
2025-11-24T14:00:00+05:30,demo-centroid,Synthetic centroid demo,18.625,73.84,48.36,synthetic,deterministic demo generator,21.5,67.5,2.59,342,0,synthetic,deterministic demo generator
2025-11-24T15:00:00+05:30,demo-centroid,Synthetic centroid demo,18.625,73.84,45.88,synthetic,deterministic demo generator,20.46,70.61,2.59,342,0,synthetic,deterministic demo generator
2025-11-24T16:00:00+05:30,demo-centroid,Synthetic centroid demo,18.625,73.84,43.97,synthetic,deterministic demo generator,19.67,72.99,2.59,342,0,synthetic,deterministic demo generator
2025-11-24T17:00:00+05:30,demo-centroid,Synthetic centroid demo,18.625,73.84,42.77,synthetic,deterministic demo generator,19.17,74.49,2.59,342,0,synthetic,deterministic demo generator
2025-11-24T18:00:00+05:30,demo-centroid,Synthetic centroid demo,18.625,73.84,42.36,synthetic,deterministic demo generator,19.0,75.0,2.59,342,0,synthetic,deterministic demo generator
2025-11-24T19:00:00+05:30,demo-centroid,Synthetic centroid demo,18.625,73.84,42.77,synthetic,deterministic demo generator,19.17,74.49,2.59,342,0,synthetic,deterministic demo generator
2025-11-24T20:00:00+05:30,demo-centroid,Synthetic centroid demo,18.625,73.84,43.97,synthetic,deterministic demo generator,19.67,72.99,2.59,342,0,synthetic,deterministic demo generator
2025-11-24T21:00:00+05:30,demo-centroid,Synthetic centroid demo,18.625,73.84,45.88,synthetic,deterministic demo generator,20.46,70.61,2.59,342,0,synthetic,deterministic demo generator
2025-11-24T22:00:00+05:30,demo-centroid,Synthetic centroid demo,18.625,73.84,48.36,synthetic,deterministic demo generator,21.5,67.5,2.59,342,0,synthetic,deterministic demo generator
2025-11-24T23:00:00+05:30,demo-centroid,Synthetic centroid demo,18.625,73.84,51.26,synthetic,deterministic demo generator,22.71,63.88,2.59,342,0,synthetic,deterministic demo generator
2025-11-25T00:00:00+05:30,demo-centroid,Synthetic centroid demo,18.625,73.84,53.39,synthetic,deterministic demo generator,24.0,60.0,2.38,355,0,synthetic,deterministic demo generator
2025-11-25T01:00:00+05:30,demo-centroid,Synthetic centroid demo,18.625,73.84,56.49,synthetic,deterministic demo generator,25.29,56.12,2.38,355,0,synthetic,deterministic demo generator
2025-11-25T02:00:00+05:30,demo-centroid,Synthetic centroid demo,18.625,73.84,59.39,synthetic,deterministic demo generator,26.5,52.5,2.38,355,0,synthetic,deterministic demo generator
2025-11-25T03:00:00+05:30,demo-centroid,Synthetic centroid demo,18.625,73.84,61.87,synthetic,deterministic demo generator,27.54,49.39,2.38,355,0,synthetic,deterministic demo generator
2025-11-25T04:00:00+05:30,demo-centroid,Synthetic centroid demo,18.625,73.84,63.78,synthetic,deterministic demo generator,28.33,47.01,2.38,355,0,synthetic,deterministic demo generator
2025-11-25T05:00:00+05:30,demo-centroid,Synthetic centroid demo,18.625,73.84,64.98,synthetic,deterministic demo generator,28.83,45.51,2.38,355,0,synthetic,deterministic demo generator
2025-11-25T06:00:00+05:30,demo-centroid,Synthetic centroid demo,18.625,73.84,65.39,synthetic,deterministic demo generator,29.0,45.0,2.38,355,0,synthetic,deterministic demo generator
2025-11-25T07:00:00+05:30,demo-centroid,Synthetic centroid demo,18.625,73.84,64.98,synthetic,deterministic demo generator,28.83,45.51,2.38,355,0,synthetic,deterministic demo generator
2025-11-25T08:00:00+05:30,demo-centroid,Synthetic centroid demo,18.625,73.84,63.78,synthetic,deterministic demo generator,28.33,47.01,2.38,355,0,synthetic,deterministic demo generator
2025-11-25T09:00:00+05:30,demo-centroid,Synthetic centroid demo,18.625,73.84,61.87,synthetic,deterministic demo generator,27.54,49.39,2.38,355,0,synthetic,deterministic demo generator
2025-11-25T10:00:00+05:30,demo-centroid,Synthetic centroid demo,18.625,73.84,59.39,synthetic,deterministic demo generator,26.5,52.5,2.38,355,0,synthetic,deterministic demo generator
2025-11-25T11:00:00+05:30,demo-centroid,Synthetic centroid demo,18.625,73.84,56.49,synthetic,deterministic demo generator,25.29,56.12,2.38,355,0,synthetic,deterministic demo generator
2025-11-25T12:00:00+05:30,demo-centroid,Synthetic centroid demo,18.625,73.84,53.39,synthetic,deterministic demo generator,24.0,60.0,2.38,355,0,synthetic,deterministic demo generator
2025-11-25T13:00:00+05:30,demo-centroid,Synthetic centroid demo,18.625,73.84,50.28,synthetic,deterministic demo generator,22.71,63.88,2.38,355,0,synthetic,deterministic demo generator
2025-11-25T14:00:00+05:30,demo-centroid,Synthetic centroid demo,18.625,73.84,47.39,synthetic,deterministic demo generator,21.5,67.5,2.38,355,0,synthetic,deterministic demo generator
2025-11-25T15:00:00+05:30,demo-centroid,Synthetic centroid demo,18.625,73.84,44.9,synthetic,deterministic demo generator,20.46,70.61,2.38,355,0,synthetic,deterministic demo generator
2025-11-25T16:00:00+05:30,demo-centroid,Synthetic centroid demo,18.625,73.84,42.99,synthetic,deterministic demo generator,19.67,72.99,2.38,355,0,synthetic,deterministic demo generator
2025-11-25T17:00:00+05:30,demo-centroid,Synthetic centroid demo,18.625,73.84,41.8,synthetic,deterministic demo generator,19.17,74.49,2.38,355,0,synthetic,deterministic demo generator
2025-11-25T18:00:00+05:30,demo-centroid,Synthetic centroid demo,18.625,73.84,41.39,synthetic,deterministic demo generator,19.0,75.0,2.38,355,0,synthetic,deterministic demo generator
2025-11-25T19:00:00+05:30,demo-centroid,Synthetic centroid demo,18.625,73.84,41.8,synthetic,deterministic demo generator,19.17,74.49,2.38,355,0,synthetic,deterministic demo generator
2025-11-25T20:00:00+05:30,demo-centroid,Synthetic centroid demo,18.625,73.84,42.99,synthetic,deterministic demo generator,19.67,72.99,2.38,355,0,synthetic,deterministic demo generator
2025-11-25T21:00:00+05:30,demo-centroid,Synthetic centroid demo,18.625,73.84,44.9,synthetic,deterministic demo generator,20.46,70.61,2.38,355,0,synthetic,deterministic demo generator
2025-11-25T22:00:00+05:30,demo-centroid,Synthetic centroid demo,18.625,73.84,47.39,synthetic,deterministic demo generator,21.5,67.5,2.38,355,0,synthetic,deterministic demo generator
2025-11-25T23:00:00+05:30,demo-centroid,Synthetic centroid demo,18.625,73.84,50.28,synthetic,deterministic demo generator,22.71,63.88,2.38,355,0,synthetic,deterministic demo generator
2025-11-26T00:00:00+05:30,demo-centroid,Synthetic centroid demo,18.625,73.84,52.36,synthetic,deterministic demo generator,24.0,60.0,2.14,8,0,synthetic,deterministic demo generator
2025-11-26T01:00:00+05:30,demo-centroid,Synthetic centroid demo,18.625,73.84,55.47,synthetic,deterministic demo generator,25.29,56.12,2.14,8,0,synthetic,deterministic demo generator
2025-11-26T02:00:00+05:30,demo-centroid,Synthetic centroid demo,18.625,73.84,58.36,synthetic,deterministic demo generator,26.5,52.5,2.14,8,0,synthetic,deterministic demo generator
2025-11-26T03:00:00+05:30,demo-centroid,Synthetic centroid demo,18.625,73.84,60.84,synthetic,deterministic demo generator,27.54,49.39,2.14,8,0,synthetic,deterministic demo generator
2025-11-26T04:00:00+05:30,demo-centroid,Synthetic centroid demo,18.625,73.84,62.75,synthetic,deterministic demo generator,28.33,47.01,2.14,8,0,synthetic,deterministic demo generator
2025-11-26T05:00:00+05:30,demo-centroid,Synthetic centroid demo,18.625,73.84,63.95,synthetic,deterministic demo generator,28.83,45.51,2.14,8,0,synthetic,deterministic demo generator
2025-11-26T06:00:00+05:30,demo-centroid,Synthetic centroid demo,18.625,73.84,64.36,synthetic,deterministic demo generator,29.0,45.0,2.14,8,0,synthetic,deterministic demo generator
2025-11-26T07:00:00+05:30,demo-centroid,Synthetic centroid demo,18.625,73.84,63.95,synthetic,deterministic demo generator,28.83,45.51,2.14,8,0,synthetic,deterministic demo generator
2025-11-26T08:00:00+05:30,demo-centroid,Synthetic centroid demo,18.625,73.84,62.75,synthetic,deterministic demo generator,28.33,47.01,2.14,8,0,synthetic,deterministic demo generator
2025-11-26T09:00:00+05:30,demo-centroid,Synthetic centroid demo,18.625,73.84,60.84,synthetic,deterministic demo generator,27.54,49.39,2.14,8,0,synthetic,deterministic demo generator
2025-11-26T10:00:00+05:30,demo-centroid,Synthetic centroid demo,18.625,73.84,58.36,synthetic,deterministic demo generator,26.5,52.5,2.14,8,0,synthetic,deterministic demo generator
2025-11-26T11:00:00+05:30,demo-centroid,Synthetic centroid demo,18.625,73.84,55.47,synthetic,deterministic demo generator,25.29,56.12,2.14,8,0,synthetic,deterministic demo generator
2025-11-26T12:00:00+05:30,demo-centroid,Synthetic centroid demo,18.625,73.84,52.36,synthetic,deterministic demo generator,24.0,60.0,2.14,8,0,synthetic,deterministic demo generator
2025-11-26T13:00:00+05:30,demo-centroid,Synthetic centroid demo,18.625,73.84,49.25,synthetic,deterministic demo generator,22.71,63.88,2.14,8,0,synthetic,deterministic demo generator
2025-11-26T14:00:00+05:30,demo-centroid,Synthetic centroid demo,18.625,73.84,46.36,synthetic,deterministic demo generator,21.5,67.5,2.14,8,0,synthetic,deterministic demo generator
2025-11-26T15:00:00+05:30,demo-centroid,Synthetic centroid demo,18.625,73.84,43.87,synthetic,deterministic demo generator,20.46,70.61,2.14,8,0,synthetic,deterministic demo generator
2025-11-26T16:00:00+05:30,demo-centroid,Synthetic centroid demo,18.625,73.84,41.97,synthetic,deterministic demo generator,19.67,72.99,2.14,8,0,synthetic,deterministic demo generator
2025-11-26T17:00:00+05:30,demo-centroid,Synthetic centroid demo,18.625,73.84,40.77,synthetic,deterministic demo generator,19.17,74.49,2.14,8,0,synthetic,deterministic demo generator
2025-11-26T18:00:00+05:30,demo-centroid,Synthetic centroid demo,18.625,73.84,40.36,synthetic,deterministic demo generator,19.0,75.0,2.14,8,0,synthetic,deterministic demo generator
2025-11-26T19:00:00+05:30,demo-centroid,Synthetic centroid demo,18.625,73.84,40.77,synthetic,deterministic demo generator,19.17,74.49,2.14,8,0,synthetic,deterministic demo generator
2025-11-26T20:00:00+05:30,demo-centroid,Synthetic centroid demo,18.625,73.84,41.97,synthetic,deterministic demo generator,19.67,72.99,2.14,8,0,synthetic,deterministic demo generator
2025-11-26T21:00:00+05:30,demo-centroid,Synthetic centroid demo,18.625,73.84,43.87,synthetic,deterministic demo generator,20.46,70.61,2.14,8,0,synthetic,deterministic demo generator
2025-11-26T22:00:00+05:30,demo-centroid,Synthetic centroid demo,18.625,73.84,46.36,synthetic,deterministic demo generator,21.5,67.5,2.14,8,0,synthetic,deterministic demo generator
2025-11-26T23:00:00+05:30,demo-centroid,Synthetic centroid demo,18.625,73.84,49.25,synthetic,deterministic demo generator,22.71,63.88,2.14,8,0,synthetic,deterministic demo generator
2025-11-27T00:00:00+05:30,demo-centroid,Synthetic centroid demo,18.625,73.84,51.31,synthetic,deterministic demo generator,24.0,60.0,1.89,21,0,synthetic,deterministic demo generator
2025-11-27T01:00:00+05:30,demo-centroid,Synthetic centroid demo,18.625,73.84,54.42,synthetic,deterministic demo generator,25.29,56.12,1.89,21,0,synthetic,deterministic demo generator
2025-11-27T02:00:00+05:30,demo-centroid,Synthetic centroid demo,18.625,73.84,57.31,synthetic,deterministic demo generator,26.5,52.5,1.89,21,0,synthetic,deterministic demo generator
2025-11-27T03:00:00+05:30,demo-centroid,Synthetic centroid demo,18.625,73.84,59.8,synthetic,deterministic demo generator,27.54,49.39,1.89,21,0,synthetic,deterministic demo generator
2025-11-27T04:00:00+05:30,demo-centroid,Synthetic centroid demo,18.625,73.84,61.71,synthetic,deterministic demo generator,28.33,47.01,1.89,21,0,synthetic,deterministic demo generator
2025-11-27T05:00:00+05:30,demo-centroid,Synthetic centroid demo,18.625,73.84,62.91,synthetic,deterministic demo generator,28.83,45.51,1.89,21,0,synthetic,deterministic demo generator
2025-11-27T06:00:00+05:30,demo-centroid,Synthetic centroid demo,18.625,73.84,63.31,synthetic,deterministic demo generator,29.0,45.0,1.89,21,0,synthetic,deterministic demo generator
2025-11-27T07:00:00+05:30,demo-centroid,Synthetic centroid demo,18.625,73.84,62.91,synthetic,deterministic demo generator,28.83,45.51,1.89,21,0,synthetic,deterministic demo generator
2025-11-27T08:00:00+05:30,demo-centroid,Synthetic centroid demo,18.625,73.84,61.71,synthetic,deterministic demo generator,28.33,47.01,1.89,21,0,synthetic,deterministic demo generator
2025-11-27T09:00:00+05:30,demo-centroid,Synthetic centroid demo,18.625,73.84,59.8,synthetic,deterministic demo generator,27.54,49.39,1.89,21,0,synthetic,deterministic demo generator
2025-11-27T10:00:00+05:30,demo-centroid,Synthetic centroid demo,18.625,73.84,57.31,synthetic,deterministic demo generator,26.5,52.5,1.89,21,0,synthetic,deterministic demo generator
2025-11-27T11:00:00+05:30,demo-centroid,Synthetic centroid demo,18.625,73.84,54.42,synthetic,deterministic demo generator,25.29,56.12,1.89,21,0,synthetic,deterministic demo generator
2025-11-27T12:00:00+05:30,demo-centroid,Synthetic centroid demo,18.625,73.84,51.31,synthetic,deterministic demo generator,24.0,60.0,1.89,21,0,synthetic,deterministic demo generator
2025-11-27T13:00:00+05:30,demo-centroid,Synthetic centroid demo,18.625,73.84,48.21,synthetic,deterministic demo generator,22.71,63.88,1.89,21,0,synthetic,deterministic demo generator
2025-11-27T14:00:00+05:30,demo-centroid,Synthetic centroid demo,18.625,73.84,45.31,synthetic,deterministic demo generator,21.5,67.5,1.89,21,0,synthetic,deterministic demo generator
2025-11-27T15:00:00+05:30,demo-centroid,Synthetic centroid demo,18.625,73.84,42.83,synthetic,deterministic demo generator,20.46,70.61,1.89,21,0,synthetic,deterministic demo generator
2025-11-27T16:00:00+05:30,demo-centroid,Synthetic centroid demo,18.625,73.84,40.92,synthetic,deterministic demo generator,19.67,72.99,1.89,21,0,synthetic,deterministic demo generator
2025-11-27T17:00:00+05:30,demo-centroid,Synthetic centroid demo,18.625,73.84,39.72,synthetic,deterministic demo generator,19.17,74.49,1.89,21,0,synthetic,deterministic demo generator
2025-11-27T18:00:00+05:30,demo-centroid,Synthetic centroid demo,18.625,73.84,39.31,synthetic,deterministic demo generator,19.0,75.0,1.89,21,0,synthetic,deterministic demo generator
2025-11-27T19:00:00+05:30,demo-centroid,Synthetic centroid demo,18.625,73.84,39.72,synthetic,deterministic demo generator,19.17,74.49,1.89,21,0,synthetic,deterministic demo generator
2025-11-27T20:00:00+05:30,demo-centroid,Synthetic centroid demo,18.625,73.84,40.92,synthetic,deterministic demo generator,19.67,72.99,1.89,21,0,synthetic,deterministic demo generator
2025-11-27T21:00:00+05:30,demo-centroid,Synthetic centroid demo,18.625,73.84,42.83,synthetic,deterministic demo generator,20.46,70.61,1.89,21,0,synthetic,deterministic demo generator
2025-11-27T22:00:00+05:30,demo-centroid,Synthetic centroid demo,18.625,73.84,45.31,synthetic,deterministic demo generator,21.5,67.5,1.89,21,0,synthetic,deterministic demo generator
2025-11-27T23:00:00+05:30,demo-centroid,Synthetic centroid demo,18.625,73.84,48.21,synthetic,deterministic demo generator,22.71,63.88,1.89,21,0,synthetic,deterministic demo generator
2025-11-28T00:00:00+05:30,demo-centroid,Synthetic centroid demo,18.625,73.84,50.28,synthetic,deterministic demo generator,24.0,60.0,1.65,34,0,synthetic,deterministic demo generator
2025-11-28T01:00:00+05:30,demo-centroid,Synthetic centroid demo,18.625,73.84,53.39,synthetic,deterministic demo generator,25.29,56.12,1.65,34,0,synthetic,deterministic demo generator
2025-11-28T02:00:00+05:30,demo-centroid,Synthetic centroid demo,18.625,73.84,56.28,synthetic,deterministic demo generator,26.5,52.5,1.65,34,0,synthetic,deterministic demo generator
2025-11-28T03:00:00+05:30,demo-centroid,Synthetic centroid demo,18.625,73.84,58.77,synthetic,deterministic demo generator,27.54,49.39,1.65,34,0,synthetic,deterministic demo generator
2025-11-28T04:00:00+05:30,demo-centroid,Synthetic centroid demo,18.625,73.84,60.68,synthetic,deterministic demo generator,28.33,47.01,1.65,34,0,synthetic,deterministic demo generator
2025-11-28T05:00:00+05:30,demo-centroid,Synthetic centroid demo,18.625,73.84,61.87,synthetic,deterministic demo generator,28.83,45.51,1.65,34,0,synthetic,deterministic demo generator
2025-11-28T06:00:00+05:30,demo-centroid,Synthetic centroid demo,18.625,73.84,62.28,synthetic,deterministic demo generator,29.0,45.0,1.65,34,0,synthetic,deterministic demo generator
2025-11-28T07:00:00+05:30,demo-centroid,Synthetic centroid demo,18.625,73.84,61.87,synthetic,deterministic demo generator,28.83,45.51,1.65,34,0,synthetic,deterministic demo generator
2025-11-28T08:00:00+05:30,demo-centroid,Synthetic centroid demo,18.625,73.84,60.68,synthetic,deterministic demo generator,28.33,47.01,1.65,34,0,synthetic,deterministic demo generator
2025-11-28T09:00:00+05:30,demo-centroid,Synthetic centroid demo,18.625,73.84,58.77,synthetic,deterministic demo generator,27.54,49.39,1.65,34,0,synthetic,deterministic demo generator
2025-11-28T10:00:00+05:30,demo-centroid,Synthetic centroid demo,18.625,73.84,56.28,synthetic,deterministic demo generator,26.5,52.5,1.65,34,0,synthetic,deterministic demo generator
2025-11-28T11:00:00+05:30,demo-centroid,Synthetic centroid demo,18.625,73.84,53.39,synthetic,deterministic demo generator,25.29,56.12,1.65,34,0,synthetic,deterministic demo generator
2025-11-28T12:00:00+05:30,demo-centroid,Synthetic centroid demo,18.625,73.84,50.28,synthetic,deterministic demo generator,24.0,60.0,1.65,34,0,synthetic,deterministic demo generator
2025-11-28T13:00:00+05:30,demo-centroid,Synthetic centroid demo,18.625,73.84,47.18,synthetic,deterministic demo generator,22.71,63.88,1.65,34,0,synthetic,deterministic demo generator
2025-11-28T14:00:00+05:30,demo-centroid,Synthetic centroid demo,18.625,73.84,44.28,synthetic,deterministic demo generator,21.5,67.5,1.65,34,0,synthetic,deterministic demo generator
2025-11-28T15:00:00+05:30,demo-centroid,Synthetic centroid demo,18.625,73.84,41.8,synthetic,deterministic demo generator,20.46,70.61,1.65,34,0,synthetic,deterministic demo generator
2025-11-28T16:00:00+05:30,demo-centroid,Synthetic centroid demo,18.625,73.84,39.89,synthetic,deterministic demo generator,19.67,72.99,1.65,34,0,synthetic,deterministic demo generator
2025-11-28T17:00:00+05:30,demo-centroid,Synthetic centroid demo,18.625,73.84,38.69,synthetic,deterministic demo generator,19.17,74.49,1.65,34,0,synthetic,deterministic demo generator
2025-11-28T18:00:00+05:30,demo-centroid,Synthetic centroid demo,18.625,73.84,38.28,synthetic,deterministic demo generator,19.0,75.0,1.65,34,0,synthetic,deterministic demo generator
2025-11-28T19:00:00+05:30,demo-centroid,Synthetic centroid demo,18.625,73.84,38.69,synthetic,deterministic demo generator,19.17,74.49,1.65,34,0,synthetic,deterministic demo generator
2025-11-28T20:00:00+05:30,demo-centroid,Synthetic centroid demo,18.625,73.84,39.89,synthetic,deterministic demo generator,19.67,72.99,1.65,34,0,synthetic,deterministic demo generator
2025-11-28T21:00:00+05:30,demo-centroid,Synthetic centroid demo,18.625,73.84,41.8,synthetic,deterministic demo generator,20.46,70.61,1.65,34,0,synthetic,deterministic demo generator
2025-11-28T22:00:00+05:30,demo-centroid,Synthetic centroid demo,18.625,73.84,44.28,synthetic,deterministic demo generator,21.5,67.5,1.65,34,0,synthetic,deterministic demo generator
2025-11-28T23:00:00+05:30,demo-centroid,Synthetic centroid demo,18.625,73.84,47.18,synthetic,deterministic demo generator,22.71,63.88,1.65,34,0,synthetic,deterministic demo generator
2025-11-29T00:00:00+05:30,demo-centroid,Synthetic centroid demo,18.625,73.84,49.3,synthetic,deterministic demo generator,24.0,60.0,1.42,47,0,synthetic,deterministic demo generator
2025-11-29T01:00:00+05:30,demo-centroid,Synthetic centroid demo,18.625,73.84,52.4,synthetic,deterministic demo generator,25.29,56.12,1.42,47,0,synthetic,deterministic demo generator
2025-11-29T02:00:00+05:30,demo-centroid,Synthetic centroid demo,18.625,73.84,55.3,synthetic,deterministic demo generator,26.5,52.5,1.42,47,0,synthetic,deterministic demo generator
2025-11-29T03:00:00+05:30,demo-centroid,Synthetic centroid demo,18.625,73.84,57.78,synthetic,deterministic demo generator,27.54,49.39,1.42,47,0,synthetic,deterministic demo generator
2025-11-29T04:00:00+05:30,demo-centroid,Synthetic centroid demo,18.625,73.84,59.69,synthetic,deterministic demo generator,28.33,47.01,1.42,47,0,synthetic,deterministic demo generator
2025-11-29T05:00:00+05:30,demo-centroid,Synthetic centroid demo,18.625,73.84,60.89,synthetic,deterministic demo generator,28.83,45.51,1.42,47,0,synthetic,deterministic demo generator
2025-11-29T06:00:00+05:30,demo-centroid,Synthetic centroid demo,18.625,73.84,61.3,synthetic,deterministic demo generator,29.0,45.0,1.42,47,0,synthetic,deterministic demo generator
2025-11-29T07:00:00+05:30,demo-centroid,Synthetic centroid demo,18.625,73.84,60.89,synthetic,deterministic demo generator,28.83,45.51,1.42,47,0,synthetic,deterministic demo generator
2025-11-29T08:00:00+05:30,demo-centroid,Synthetic centroid demo,18.625,73.84,59.69,synthetic,deterministic demo generator,28.33,47.01,1.42,47,0,synthetic,deterministic demo generator
2025-11-29T09:00:00+05:30,demo-centroid,Synthetic centroid demo,18.625,73.84,57.78,synthetic,deterministic demo generator,27.54,49.39,1.42,47,0,synthetic,deterministic demo generator
2025-11-29T10:00:00+05:30,demo-centroid,Synthetic centroid demo,18.625,73.84,55.3,synthetic,deterministic demo generator,26.5,52.5,1.42,47,0,synthetic,deterministic demo generator
2025-11-29T11:00:00+05:30,demo-centroid,Synthetic centroid demo,18.625,73.84,52.4,synthetic,deterministic demo generator,25.29,56.12,1.42,47,0,synthetic,deterministic demo generator
2025-11-29T12:00:00+05:30,demo-centroid,Synthetic centroid demo,18.625,73.84,49.3,synthetic,deterministic demo generator,24.0,60.0,1.42,47,0,synthetic,deterministic demo generator
2025-11-29T13:00:00+05:30,demo-centroid,Synthetic centroid demo,18.625,73.84,46.19,synthetic,deterministic demo generator,22.71,63.88,1.42,47,0,synthetic,deterministic demo generator
2025-11-29T14:00:00+05:30,demo-centroid,Synthetic centroid demo,18.625,73.84,43.3,synthetic,deterministic demo generator,21.5,67.5,1.42,47,0,synthetic,deterministic demo generator
2025-11-29T15:00:00+05:30,demo-centroid,Synthetic centroid demo,18.625,73.84,40.81,synthetic,deterministic demo generator,20.46,70.61,1.42,47,0,synthetic,deterministic demo generator
2025-11-29T16:00:00+05:30,demo-centroid,Synthetic centroid demo,18.625,73.84,38.91,synthetic,deterministic demo generator,19.67,72.99,1.42,47,0,synthetic,deterministic demo generator
2025-11-29T17:00:00+05:30,demo-centroid,Synthetic centroid demo,18.625,73.84,37.71,synthetic,deterministic demo generator,19.17,74.49,1.42,47,0,synthetic,deterministic demo generator
2025-11-29T18:00:00+05:30,demo-centroid,Synthetic centroid demo,18.625,73.84,37.3,synthetic,deterministic demo generator,19.0,75.0,1.42,47,0,synthetic,deterministic demo generator
2025-11-29T19:00:00+05:30,demo-centroid,Synthetic centroid demo,18.625,73.84,37.71,synthetic,deterministic demo generator,19.17,74.49,1.42,47,0,synthetic,deterministic demo generator
2025-11-29T20:00:00+05:30,demo-centroid,Synthetic centroid demo,18.625,73.84,38.91,synthetic,deterministic demo generator,19.67,72.99,1.42,47,0,synthetic,deterministic demo generator
2025-11-29T21:00:00+05:30,demo-centroid,Synthetic centroid demo,18.625,73.84,40.81,synthetic,deterministic demo generator,20.46,70.61,1.42,47,0,synthetic,deterministic demo generator
2025-11-29T22:00:00+05:30,demo-centroid,Synthetic centroid demo,18.625,73.84,43.3,synthetic,deterministic demo generator,21.5,67.5,1.42,47,0,synthetic,deterministic demo generator
2025-11-29T23:00:00+05:30,demo-centroid,Synthetic centroid demo,18.625,73.84,46.19,synthetic,deterministic demo generator,22.71,63.88,1.42,47,0,synthetic,deterministic demo generator
2025-11-30T00:00:00+05:30,demo-centroid,Synthetic centroid demo,18.625,73.84,48.39,synthetic,deterministic demo generator,24.0,60.0,1.24,60,0,synthetic,deterministic demo generator
2025-11-30T01:00:00+05:30,demo-centroid,Synthetic centroid demo,18.625,73.84,51.5,synthetic,deterministic demo generator,25.29,56.12,1.24,60,0,synthetic,deterministic demo generator
2025-11-30T02:00:00+05:30,demo-centroid,Synthetic centroid demo,18.625,73.84,54.39,synthetic,deterministic demo generator,26.5,52.5,1.24,60,0,synthetic,deterministic demo generator
2025-11-30T03:00:00+05:30,demo-centroid,Synthetic centroid demo,18.625,73.84,56.88,synthetic,deterministic demo generator,27.54,49.39,1.24,60,0,synthetic,deterministic demo generator
2025-11-30T04:00:00+05:30,demo-centroid,Synthetic centroid demo,18.625,73.84,58.78,synthetic,deterministic demo generator,28.33,47.01,1.24,60,0,synthetic,deterministic demo generator
2025-11-30T05:00:00+05:30,demo-centroid,Synthetic centroid demo,18.625,73.84,59.98,synthetic,deterministic demo generator,28.83,45.51,1.24,60,0,synthetic,deterministic demo generator
2025-11-30T06:00:00+05:30,demo-centroid,Synthetic centroid demo,18.625,73.84,60.39,synthetic,deterministic demo generator,29.0,45.0,1.24,60,0,synthetic,deterministic demo generator
2025-11-30T07:00:00+05:30,demo-centroid,Synthetic centroid demo,18.625,73.84,59.98,synthetic,deterministic demo generator,28.83,45.51,1.24,60,0,synthetic,deterministic demo generator
2025-11-30T08:00:00+05:30,demo-centroid,Synthetic centroid demo,18.625,73.84,58.78,synthetic,deterministic demo generator,28.33,47.01,1.24,60,0,synthetic,deterministic demo generator
2025-11-30T09:00:00+05:30,demo-centroid,Synthetic centroid demo,18.625,73.84,56.88,synthetic,deterministic demo generator,27.54,49.39,1.24,60,0,synthetic,deterministic demo generator
2025-11-30T10:00:00+05:30,demo-centroid,Synthetic centroid demo,18.625,73.84,54.39,synthetic,deterministic demo generator,26.5,52.5,1.24,60,0,synthetic,deterministic demo generator
2025-11-30T11:00:00+05:30,demo-centroid,Synthetic centroid demo,18.625,73.84,51.5,synthetic,deterministic demo generator,25.29,56.12,1.24,60,0,synthetic,deterministic demo generator
2025-11-30T12:00:00+05:30,demo-centroid,Synthetic centroid demo,18.625,73.84,48.39,synthetic,deterministic demo generator,24.0,60.0,1.24,60,0,synthetic,deterministic demo generator
2025-11-30T13:00:00+05:30,demo-centroid,Synthetic centroid demo,18.625,73.84,45.29,synthetic,deterministic demo generator,22.71,63.88,1.24,60,0,synthetic,deterministic demo generator
2025-11-30T14:00:00+05:30,demo-centroid,Synthetic centroid demo,18.625,73.84,42.39,synthetic,deterministic demo generator,21.5,67.5,1.24,60,0,synthetic,deterministic demo generator
2025-11-30T15:00:00+05:30,demo-centroid,Synthetic centroid demo,18.625,73.84,39.91,synthetic,deterministic demo generator,20.46,70.61,1.24,60,0,synthetic,deterministic demo generator
2025-11-30T16:00:00+05:30,demo-centroid,Synthetic centroid demo,18.625,73.84,38.0,synthetic,deterministic demo generator,19.67,72.99,1.24,60,0,synthetic,deterministic demo generator
2025-11-30T17:00:00+05:30,demo-centroid,Synthetic centroid demo,18.625,73.84,36.8,synthetic,deterministic demo generator,19.17,74.49,1.24,60,0,synthetic,deterministic demo generator
2025-11-30T18:00:00+05:30,demo-centroid,Synthetic centroid demo,18.625,73.84,36.39,synthetic,deterministic demo generator,19.0,75.0,1.24,60,0,synthetic,deterministic demo generator
2025-11-30T19:00:00+05:30,demo-centroid,Synthetic centroid demo,18.625,73.84,36.8,synthetic,deterministic demo generator,19.17,74.49,1.24,60,0,synthetic,deterministic demo generator
2025-11-30T20:00:00+05:30,demo-centroid,Synthetic centroid demo,18.625,73.84,38.0,synthetic,deterministic demo generator,19.67,72.99,1.24,60,0,synthetic,deterministic demo generator
2025-11-30T21:00:00+05:30,demo-centroid,Synthetic centroid demo,18.625,73.84,39.91,synthetic,deterministic demo generator,20.46,70.61,1.24,60,0,synthetic,deterministic demo generator
2025-11-30T22:00:00+05:30,demo-centroid,Synthetic centroid demo,18.625,73.84,42.39,synthetic,deterministic demo generator,21.5,67.5,1.24,60,0,synthetic,deterministic demo generator
2025-11-30T23:00:00+05:30,demo-centroid,Synthetic centroid demo,18.625,73.84,45.29,synthetic,deterministic demo generator,22.71,63.88,1.24,60,0,synthetic,deterministic demo generator
2025-12-01T00:00:00+05:30,demo-centroid,Synthetic centroid demo,18.625,73.84,47.59,synthetic,deterministic demo generator,24.0,60.0,1.1,73,0,synthetic,deterministic demo generator
2025-12-01T01:00:00+05:30,demo-centroid,Synthetic centroid demo,18.625,73.84,50.7,synthetic,deterministic demo generator,25.29,56.12,1.1,73,0,synthetic,deterministic demo generator
2025-12-01T02:00:00+05:30,demo-centroid,Synthetic centroid demo,18.625,73.84,53.59,synthetic,deterministic demo generator,26.5,52.5,1.1,73,0,synthetic,deterministic demo generator
2025-12-01T03:00:00+05:30,demo-centroid,Synthetic centroid demo,18.625,73.84,56.08,synthetic,deterministic demo generator,27.54,49.39,1.1,73,0,synthetic,deterministic demo generator
2025-12-01T04:00:00+05:30,demo-centroid,Synthetic centroid demo,18.625,73.84,57.98,synthetic,deterministic demo generator,28.33,47.01,1.1,73,0,synthetic,deterministic demo generator
2025-12-01T05:00:00+05:30,demo-centroid,Synthetic centroid demo,18.625,73.84,59.18,synthetic,deterministic demo generator,28.83,45.51,1.1,73,0,synthetic,deterministic demo generator
2025-12-01T06:00:00+05:30,demo-centroid,Synthetic centroid demo,18.625,73.84,59.59,synthetic,deterministic demo generator,29.0,45.0,1.1,73,0,synthetic,deterministic demo generator
2025-12-01T07:00:00+05:30,demo-centroid,Synthetic centroid demo,18.625,73.84,59.18,synthetic,deterministic demo generator,28.83,45.51,1.1,73,0,synthetic,deterministic demo generator
2025-12-01T08:00:00+05:30,demo-centroid,Synthetic centroid demo,18.625,73.84,57.98,synthetic,deterministic demo generator,28.33,47.01,1.1,73,0,synthetic,deterministic demo generator
2025-12-01T09:00:00+05:30,demo-centroid,Synthetic centroid demo,18.625,73.84,56.08,synthetic,deterministic demo generator,27.54,49.39,1.1,73,0,synthetic,deterministic demo generator
2025-12-01T10:00:00+05:30,demo-centroid,Synthetic centroid demo,18.625,73.84,53.59,synthetic,deterministic demo generator,26.5,52.5,1.1,73,0,synthetic,deterministic demo generator
2025-12-01T11:00:00+05:30,demo-centroid,Synthetic centroid demo,18.625,73.84,50.7,synthetic,deterministic demo generator,25.29,56.12,1.1,73,0,synthetic,deterministic demo generator
2025-12-01T12:00:00+05:30,demo-centroid,Synthetic centroid demo,18.625,73.84,47.59,synthetic,deterministic demo generator,24.0,60.0,1.1,73,0,synthetic,deterministic demo generator
2025-12-01T13:00:00+05:30,demo-centroid,Synthetic centroid demo,18.625,73.84,44.48,synthetic,deterministic demo generator,22.71,63.88,1.1,73,0,synthetic,deterministic demo generator
2025-12-01T14:00:00+05:30,demo-centroid,Synthetic centroid demo,18.625,73.84,41.59,synthetic,deterministic demo generator,21.5,67.5,1.1,73,0,synthetic,deterministic demo generator
2025-12-01T15:00:00+05:30,demo-centroid,Synthetic centroid demo,18.625,73.84,39.1,synthetic,deterministic demo generator,20.46,70.61,1.1,73,0,synthetic,deterministic demo generator
2025-12-01T16:00:00+05:30,demo-centroid,Synthetic centroid demo,18.625,73.84,37.2,synthetic,deterministic demo generator,19.67,72.99,1.1,73,0,synthetic,deterministic demo generator
2025-12-01T17:00:00+05:30,demo-centroid,Synthetic centroid demo,18.625,73.84,36.0,synthetic,deterministic demo generator,19.17,74.49,1.1,73,0,synthetic,deterministic demo generator
2025-12-01T18:00:00+05:30,demo-centroid,Synthetic centroid demo,18.625,73.84,35.59,synthetic,deterministic demo generator,19.0,75.0,1.1,73,0,synthetic,deterministic demo generator
2025-12-01T19:00:00+05:30,demo-centroid,Synthetic centroid demo,18.625,73.84,36.0,synthetic,deterministic demo generator,19.17,74.49,1.1,73,0,synthetic,deterministic demo generator
2025-12-01T20:00:00+05:30,demo-centroid,Synthetic centroid demo,18.625,73.84,37.2,synthetic,deterministic demo generator,19.67,72.99,1.1,73,0,synthetic,deterministic demo generator
2025-12-01T21:00:00+05:30,demo-centroid,Synthetic centroid demo,18.625,73.84,39.1,synthetic,deterministic demo generator,20.46,70.61,1.1,73,0,synthetic,deterministic demo generator
2025-12-01T22:00:00+05:30,demo-centroid,Synthetic centroid demo,18.625,73.84,41.59,synthetic,deterministic demo generator,21.5,67.5,1.1,73,0,synthetic,deterministic demo generator
2025-12-01T23:00:00+05:30,demo-centroid,Synthetic centroid demo,18.625,73.84,44.48,synthetic,deterministic demo generator,22.71,63.88,1.1,73,0,synthetic,deterministic demo generator
2025-12-02T00:00:00+05:30,demo-centroid,Synthetic centroid demo,18.625,73.84,46.92,synthetic,deterministic demo generator,24.0,60.0,1.02,86,0,synthetic,deterministic demo generator
2025-12-02T01:00:00+05:30,demo-centroid,Synthetic centroid demo,18.625,73.84,50.03,synthetic,deterministic demo generator,25.29,56.12,1.02,86,0,synthetic,deterministic demo generator
2025-12-02T02:00:00+05:30,demo-centroid,Synthetic centroid demo,18.625,73.84,52.92,synthetic,deterministic demo generator,26.5,52.5,1.02,86,0,synthetic,deterministic demo generator
2025-12-02T03:00:00+05:30,demo-centroid,Synthetic centroid demo,18.625,73.84,55.4,synthetic,deterministic demo generator,27.54,49.39,1.02,86,0,synthetic,deterministic demo generator
2025-12-02T04:00:00+05:30,demo-centroid,Synthetic centroid demo,18.625,73.84,57.31,synthetic,deterministic demo generator,28.33,47.01,1.02,86,0,synthetic,deterministic demo generator
2025-12-02T05:00:00+05:30,demo-centroid,Synthetic centroid demo,18.625,73.84,58.51,synthetic,deterministic demo generator,28.83,45.51,1.02,86,0,synthetic,deterministic demo generator
2025-12-02T06:00:00+05:30,demo-centroid,Synthetic centroid demo,18.625,73.84,58.92,synthetic,deterministic demo generator,29.0,45.0,1.02,86,0,synthetic,deterministic demo generator
2025-12-02T07:00:00+05:30,demo-centroid,Synthetic centroid demo,18.625,73.84,58.51,synthetic,deterministic demo generator,28.83,45.51,1.02,86,0,synthetic,deterministic demo generator
2025-12-02T08:00:00+05:30,demo-centroid,Synthetic centroid demo,18.625,73.84,57.31,synthetic,deterministic demo generator,28.33,47.01,1.02,86,0,synthetic,deterministic demo generator
2025-12-02T09:00:00+05:30,demo-centroid,Synthetic centroid demo,18.625,73.84,55.4,synthetic,deterministic demo generator,27.54,49.39,1.02,86,0,synthetic,deterministic demo generator
2025-12-02T10:00:00+05:30,demo-centroid,Synthetic centroid demo,18.625,73.84,52.92,synthetic,deterministic demo generator,26.5,52.5,1.02,86,0,synthetic,deterministic demo generator
2025-12-02T11:00:00+05:30,demo-centroid,Synthetic centroid demo,18.625,73.84,50.03,synthetic,deterministic demo generator,25.29,56.12,1.02,86,0,synthetic,deterministic demo generator
2025-12-02T12:00:00+05:30,demo-centroid,Synthetic centroid demo,18.625,73.84,46.92,synthetic,deterministic demo generator,24.0,60.0,1.02,86,0,synthetic,deterministic demo generator
2025-12-02T13:00:00+05:30,demo-centroid,Synthetic centroid demo,18.625,73.84,43.81,synthetic,deterministic demo generator,22.71,63.88,1.02,86,0,synthetic,deterministic demo generator
2025-12-02T14:00:00+05:30,demo-centroid,Synthetic centroid demo,18.625,73.84,40.92,synthetic,deterministic demo generator,21.5,67.5,1.02,86,0,synthetic,deterministic demo generator
2025-12-02T15:00:00+05:30,demo-centroid,Synthetic centroid demo,18.625,73.84,38.43,synthetic,deterministic demo generator,20.46,70.61,1.02,86,0,synthetic,deterministic demo generator
2025-12-02T16:00:00+05:30,demo-centroid,Synthetic centroid demo,18.625,73.84,36.53,synthetic,deterministic demo generator,19.67,72.99,1.02,86,0,synthetic,deterministic demo generator
2025-12-02T17:00:00+05:30,demo-centroid,Synthetic centroid demo,18.625,73.84,35.33,synthetic,deterministic demo generator,19.17,74.49,1.02,86,0,synthetic,deterministic demo generator
2025-12-02T18:00:00+05:30,demo-centroid,Synthetic centroid demo,18.625,73.84,34.92,synthetic,deterministic demo generator,19.0,75.0,1.02,86,0,synthetic,deterministic demo generator
2025-12-02T19:00:00+05:30,demo-centroid,Synthetic centroid demo,18.625,73.84,35.33,synthetic,deterministic demo generator,19.17,74.49,1.02,86,0,synthetic,deterministic demo generator
2025-12-02T20:00:00+05:30,demo-centroid,Synthetic centroid demo,18.625,73.84,36.53,synthetic,deterministic demo generator,19.67,72.99,1.02,86,0,synthetic,deterministic demo generator
2025-12-02T21:00:00+05:30,demo-centroid,Synthetic centroid demo,18.625,73.84,38.43,synthetic,deterministic demo generator,20.46,70.61,1.02,86,0,synthetic,deterministic demo generator
2025-12-02T22:00:00+05:30,demo-centroid,Synthetic centroid demo,18.625,73.84,40.92,synthetic,deterministic demo generator,21.5,67.5,1.02,86,0,synthetic,deterministic demo generator
2025-12-02T23:00:00+05:30,demo-centroid,Synthetic centroid demo,18.625,73.84,43.81,synthetic,deterministic demo generator,22.71,63.88,1.02,86,0,synthetic,deterministic demo generator
2025-12-03T00:00:00+05:30,demo-centroid,Synthetic centroid demo,18.625,73.84,46.4,synthetic,deterministic demo generator,24.0,60.0,1.0,99,0,synthetic,deterministic demo generator
2025-12-03T01:00:00+05:30,demo-centroid,Synthetic centroid demo,18.625,73.84,49.51,synthetic,deterministic demo generator,25.29,56.12,1.0,99,0,synthetic,deterministic demo generator
2025-12-03T02:00:00+05:30,demo-centroid,Synthetic centroid demo,18.625,73.84,52.4,synthetic,deterministic demo generator,26.5,52.5,1.0,99,0,synthetic,deterministic demo generator
2025-12-03T03:00:00+05:30,demo-centroid,Synthetic centroid demo,18.625,73.84,54.89,synthetic,deterministic demo generator,27.54,49.39,1.0,99,0,synthetic,deterministic demo generator
2025-12-03T04:00:00+05:30,demo-centroid,Synthetic centroid demo,18.625,73.84,56.79,synthetic,deterministic demo generator,28.33,47.01,1.0,99,0,synthetic,deterministic demo generator
2025-12-03T05:00:00+05:30,demo-centroid,Synthetic centroid demo,18.625,73.84,57.99,synthetic,deterministic demo generator,28.83,45.51,1.0,99,0,synthetic,deterministic demo generator
2025-12-03T06:00:00+05:30,demo-centroid,Synthetic centroid demo,18.625,73.84,58.4,synthetic,deterministic demo generator,29.0,45.0,1.0,99,0,synthetic,deterministic demo generator
2025-12-03T07:00:00+05:30,demo-centroid,Synthetic centroid demo,18.625,73.84,57.99,synthetic,deterministic demo generator,28.83,45.51,1.0,99,0,synthetic,deterministic demo generator
2025-12-03T08:00:00+05:30,demo-centroid,Synthetic centroid demo,18.625,73.84,56.79,synthetic,deterministic demo generator,28.33,47.01,1.0,99,0,synthetic,deterministic demo generator
2025-12-03T09:00:00+05:30,demo-centroid,Synthetic centroid demo,18.625,73.84,54.89,synthetic,deterministic demo generator,27.54,49.39,1.0,99,0,synthetic,deterministic demo generator
2025-12-03T10:00:00+05:30,demo-centroid,Synthetic centroid demo,18.625,73.84,52.4,synthetic,deterministic demo generator,26.5,52.5,1.0,99,0,synthetic,deterministic demo generator
2025-12-03T11:00:00+05:30,demo-centroid,Synthetic centroid demo,18.625,73.84,49.51,synthetic,deterministic demo generator,25.29,56.12,1.0,99,0,synthetic,deterministic demo generator
2025-12-03T12:00:00+05:30,demo-centroid,Synthetic centroid demo,18.625,73.84,46.4,synthetic,deterministic demo generator,24.0,60.0,1.0,99,0,synthetic,deterministic demo generator
2025-12-03T13:00:00+05:30,demo-centroid,Synthetic centroid demo,18.625,73.84,43.3,synthetic,deterministic demo generator,22.71,63.88,1.0,99,0,synthetic,deterministic demo generator
2025-12-03T14:00:00+05:30,demo-centroid,Synthetic centroid demo,18.625,73.84,40.4,synthetic,deterministic demo generator,21.5,67.5,1.0,99,0,synthetic,deterministic demo generator
2025-12-03T15:00:00+05:30,demo-centroid,Synthetic centroid demo,18.625,73.84,37.92,synthetic,deterministic demo generator,20.46,70.61,1.0,99,0,synthetic,deterministic demo generator
2025-12-03T16:00:00+05:30,demo-centroid,Synthetic centroid demo,18.625,73.84,36.01,synthetic,deterministic demo generator,19.67,72.99,1.0,99,0,synthetic,deterministic demo generator
2025-12-03T17:00:00+05:30,demo-centroid,Synthetic centroid demo,18.625,73.84,34.81,synthetic,deterministic demo generator,19.17,74.49,1.0,99,0,synthetic,deterministic demo generator
2025-12-03T18:00:00+05:30,demo-centroid,Synthetic centroid demo,18.625,73.84,34.4,synthetic,deterministic demo generator,19.0,75.0,1.0,99,0,synthetic,deterministic demo generator
2025-12-03T19:00:00+05:30,demo-centroid,Synthetic centroid demo,18.625,73.84,34.81,synthetic,deterministic demo generator,19.17,74.49,1.0,99,0,synthetic,deterministic demo generator
2025-12-03T20:00:00+05:30,demo-centroid,Synthetic centroid demo,18.625,73.84,36.01,synthetic,deterministic demo generator,19.67,72.99,1.0,99,0,synthetic,deterministic demo generator
2025-12-03T21:00:00+05:30,demo-centroid,Synthetic centroid demo,18.625,73.84,37.92,synthetic,deterministic demo generator,20.46,70.61,1.0,99,0,synthetic,deterministic demo generator
2025-12-03T22:00:00+05:30,demo-centroid,Synthetic centroid demo,18.625,73.84,40.4,synthetic,deterministic demo generator,21.5,67.5,1.0,99,0,synthetic,deterministic demo generator
2025-12-03T23:00:00+05:30,demo-centroid,Synthetic centroid demo,18.625,73.84,43.3,synthetic,deterministic demo generator,22.71,63.88,1.0,99,0,synthetic,deterministic demo generator
2025-12-04T00:00:00+05:30,demo-centroid,Synthetic centroid demo,18.625,73.84,46.06,synthetic,deterministic demo generator,24.0,60.0,1.04,112,0,synthetic,deterministic demo generator
2025-12-04T01:00:00+05:30,demo-centroid,Synthetic centroid demo,18.625,73.84,49.16,synthetic,deterministic demo generator,25.29,56.12,1.04,112,0,synthetic,deterministic demo generator
2025-12-04T02:00:00+05:30,demo-centroid,Synthetic centroid demo,18.625,73.84,52.06,synthetic,deterministic demo generator,26.5,52.5,1.04,112,0,synthetic,deterministic demo generator
2025-12-04T03:00:00+05:30,demo-centroid,Synthetic centroid demo,18.625,73.84,54.54,synthetic,deterministic demo generator,27.54,49.39,1.04,112,0,synthetic,deterministic demo generator
2025-12-04T04:00:00+05:30,demo-centroid,Synthetic centroid demo,18.625,73.84,56.45,synthetic,deterministic demo generator,28.33,47.01,1.04,112,0,synthetic,deterministic demo generator
2025-12-04T05:00:00+05:30,demo-centroid,Synthetic centroid demo,18.625,73.84,57.65,synthetic,deterministic demo generator,28.83,45.51,1.04,112,0,synthetic,deterministic demo generator
2025-12-04T06:00:00+05:30,demo-centroid,Synthetic centroid demo,18.625,73.84,58.06,synthetic,deterministic demo generator,29.0,45.0,1.04,112,0,synthetic,deterministic demo generator
2025-12-04T07:00:00+05:30,demo-centroid,Synthetic centroid demo,18.625,73.84,57.65,synthetic,deterministic demo generator,28.83,45.51,1.04,112,0,synthetic,deterministic demo generator
2025-12-04T08:00:00+05:30,demo-centroid,Synthetic centroid demo,18.625,73.84,56.45,synthetic,deterministic demo generator,28.33,47.01,1.04,112,0,synthetic,deterministic demo generator
2025-12-04T09:00:00+05:30,demo-centroid,Synthetic centroid demo,18.625,73.84,54.54,synthetic,deterministic demo generator,27.54,49.39,1.04,112,0,synthetic,deterministic demo generator
2025-12-04T10:00:00+05:30,demo-centroid,Synthetic centroid demo,18.625,73.84,52.06,synthetic,deterministic demo generator,26.5,52.5,1.04,112,0,synthetic,deterministic demo generator
2025-12-04T11:00:00+05:30,demo-centroid,Synthetic centroid demo,18.625,73.84,49.16,synthetic,deterministic demo generator,25.29,56.12,1.04,112,0,synthetic,deterministic demo generator
2025-12-04T12:00:00+05:30,demo-centroid,Synthetic centroid demo,18.625,73.84,46.06,synthetic,deterministic demo generator,24.0,60.0,1.04,112,0,synthetic,deterministic demo generator
2025-12-04T13:00:00+05:30,demo-centroid,Synthetic centroid demo,18.625,73.84,42.95,synthetic,deterministic demo generator,22.71,63.88,1.04,112,0,synthetic,deterministic demo generator
2025-12-04T14:00:00+05:30,demo-centroid,Synthetic centroid demo,18.625,73.84,40.06,synthetic,deterministic demo generator,21.5,67.5,1.04,112,0,synthetic,deterministic demo generator
2025-12-04T15:00:00+05:30,demo-centroid,Synthetic centroid demo,18.625,73.84,37.57,synthetic,deterministic demo generator,20.46,70.61,1.04,112,0,synthetic,deterministic demo generator
2025-12-04T16:00:00+05:30,demo-centroid,Synthetic centroid demo,18.625,73.84,35.66,synthetic,deterministic demo generator,19.67,72.99,1.04,112,0,synthetic,deterministic demo generator
2025-12-04T17:00:00+05:30,demo-centroid,Synthetic centroid demo,18.625,73.84,34.46,synthetic,deterministic demo generator,19.17,74.49,1.04,112,0,synthetic,deterministic demo generator
2025-12-04T18:00:00+05:30,demo-centroid,Synthetic centroid demo,18.625,73.84,34.06,synthetic,deterministic demo generator,19.0,75.0,1.04,112,0,synthetic,deterministic demo generator
2025-12-04T19:00:00+05:30,demo-centroid,Synthetic centroid demo,18.625,73.84,34.46,synthetic,deterministic demo generator,19.17,74.49,1.04,112,0,synthetic,deterministic demo generator
2025-12-04T20:00:00+05:30,demo-centroid,Synthetic centroid demo,18.625,73.84,35.66,synthetic,deterministic demo generator,19.67,72.99,1.04,112,0,synthetic,deterministic demo generator
2025-12-04T21:00:00+05:30,demo-centroid,Synthetic centroid demo,18.625,73.84,37.57,synthetic,deterministic demo generator,20.46,70.61,1.04,112,0,synthetic,deterministic demo generator
2025-12-04T22:00:00+05:30,demo-centroid,Synthetic centroid demo,18.625,73.84,40.06,synthetic,deterministic demo generator,21.5,67.5,1.04,112,0,synthetic,deterministic demo generator
2025-12-04T23:00:00+05:30,demo-centroid,Synthetic centroid demo,18.625,73.84,42.95,synthetic,deterministic demo generator,22.71,63.88,1.04,112,0,synthetic,deterministic demo generator
2025-12-05T00:00:00+05:30,demo-centroid,Synthetic centroid demo,18.625,73.84,45.89,synthetic,deterministic demo generator,24.0,60.0,1.14,125,0,synthetic,deterministic demo generator
2025-12-05T01:00:00+05:30,demo-centroid,Synthetic centroid demo,18.625,73.84,49.0,synthetic,deterministic demo generator,25.29,56.12,1.14,125,0,synthetic,deterministic demo generator
2025-12-05T02:00:00+05:30,demo-centroid,Synthetic centroid demo,18.625,73.84,51.89,synthetic,deterministic demo generator,26.5,52.5,1.14,125,0,synthetic,deterministic demo generator
2025-12-05T03:00:00+05:30,demo-centroid,Synthetic centroid demo,18.625,73.84,54.38,synthetic,deterministic demo generator,27.54,49.39,1.14,125,0,synthetic,deterministic demo generator
2025-12-05T04:00:00+05:30,demo-centroid,Synthetic centroid demo,18.625,73.84,56.28,synthetic,deterministic demo generator,28.33,47.01,1.14,125,0,synthetic,deterministic demo generator
2025-12-05T05:00:00+05:30,demo-centroid,Synthetic centroid demo,18.625,73.84,57.48,synthetic,deterministic demo generator,28.83,45.51,1.14,125,0,synthetic,deterministic demo generator
2025-12-05T06:00:00+05:30,demo-centroid,Synthetic centroid demo,18.625,73.84,57.89,synthetic,deterministic demo generator,29.0,45.0,1.14,125,0,synthetic,deterministic demo generator
2025-12-05T07:00:00+05:30,demo-centroid,Synthetic centroid demo,18.625,73.84,57.48,synthetic,deterministic demo generator,28.83,45.51,1.14,125,0,synthetic,deterministic demo generator
2025-12-05T08:00:00+05:30,demo-centroid,Synthetic centroid demo,18.625,73.84,56.28,synthetic,deterministic demo generator,28.33,47.01,1.14,125,0,synthetic,deterministic demo generator
2025-12-05T09:00:00+05:30,demo-centroid,Synthetic centroid demo,18.625,73.84,54.38,synthetic,deterministic demo generator,27.54,49.39,1.14,125,0,synthetic,deterministic demo generator
2025-12-05T10:00:00+05:30,demo-centroid,Synthetic centroid demo,18.625,73.84,51.89,synthetic,deterministic demo generator,26.5,52.5,1.14,125,0,synthetic,deterministic demo generator
2025-12-05T11:00:00+05:30,demo-centroid,Synthetic centroid demo,18.625,73.84,49.0,synthetic,deterministic demo generator,25.29,56.12,1.14,125,0,synthetic,deterministic demo generator
2025-12-05T12:00:00+05:30,demo-centroid,Synthetic centroid demo,18.625,73.84,45.89,synthetic,deterministic demo generator,24.0,60.0,1.14,125,0,synthetic,deterministic demo generator
2025-12-05T13:00:00+05:30,demo-centroid,Synthetic centroid demo,18.625,73.84,42.79,synthetic,deterministic demo generator,22.71,63.88,1.14,125,0,synthetic,deterministic demo generator
2025-12-05T14:00:00+05:30,demo-centroid,Synthetic centroid demo,18.625,73.84,39.89,synthetic,deterministic demo generator,21.5,67.5,1.14,125,0,synthetic,deterministic demo generator
2025-12-05T15:00:00+05:30,demo-centroid,Synthetic centroid demo,18.625,73.84,37.41,synthetic,deterministic demo generator,20.46,70.61,1.14,125,0,synthetic,deterministic demo generator
2025-12-05T16:00:00+05:30,demo-centroid,Synthetic centroid demo,18.625,73.84,35.5,synthetic,deterministic demo generator,19.67,72.99,1.14,125,0,synthetic,deterministic demo generator
2025-12-05T17:00:00+05:30,demo-centroid,Synthetic centroid demo,18.625,73.84,34.3,synthetic,deterministic demo generator,19.17,74.49,1.14,125,0,synthetic,deterministic demo generator
2025-12-05T18:00:00+05:30,demo-centroid,Synthetic centroid demo,18.625,73.84,33.89,synthetic,deterministic demo generator,19.0,75.0,1.14,125,0,synthetic,deterministic demo generator
2025-12-05T19:00:00+05:30,demo-centroid,Synthetic centroid demo,18.625,73.84,34.3,synthetic,deterministic demo generator,19.17,74.49,1.14,125,0,synthetic,deterministic demo generator
2025-12-05T20:00:00+05:30,demo-centroid,Synthetic centroid demo,18.625,73.84,35.5,synthetic,deterministic demo generator,19.67,72.99,1.14,125,0,synthetic,deterministic demo generator
2025-12-05T21:00:00+05:30,demo-centroid,Synthetic centroid demo,18.625,73.84,37.41,synthetic,deterministic demo generator,20.46,70.61,1.14,125,0,synthetic,deterministic demo generator
2025-12-05T22:00:00+05:30,demo-centroid,Synthetic centroid demo,18.625,73.84,39.89,synthetic,deterministic demo generator,21.5,67.5,1.14,125,0,synthetic,deterministic demo generator
2025-12-05T23:00:00+05:30,demo-centroid,Synthetic centroid demo,18.625,73.84,42.79,synthetic,deterministic demo generator,22.71,63.88,1.14,125,0,synthetic,deterministic demo generator
2025-12-06T00:00:00+05:30,demo-centroid,Synthetic centroid demo,18.625,73.84,45.92,synthetic,deterministic demo generator,24.0,60.0,1.3,138,0,synthetic,deterministic demo generator
2025-12-06T01:00:00+05:30,demo-centroid,Synthetic centroid demo,18.625,73.84,49.03,synthetic,deterministic demo generator,25.29,56.12,1.3,138,0,synthetic,deterministic demo generator
2025-12-06T02:00:00+05:30,demo-centroid,Synthetic centroid demo,18.625,73.84,51.92,synthetic,deterministic demo generator,26.5,52.5,1.3,138,0,synthetic,deterministic demo generator
2025-12-06T03:00:00+05:30,demo-centroid,Synthetic centroid demo,18.625,73.84,54.41,synthetic,deterministic demo generator,27.54,49.39,1.3,138,0,synthetic,deterministic demo generator
2025-12-06T04:00:00+05:30,demo-centroid,Synthetic centroid demo,18.625,73.84,56.31,synthetic,deterministic demo generator,28.33,47.01,1.3,138,0,synthetic,deterministic demo generator
2025-12-06T05:00:00+05:30,demo-centroid,Synthetic centroid demo,18.625,73.84,57.51,synthetic,deterministic demo generator,28.83,45.51,1.3,138,0,synthetic,deterministic demo generator
2025-12-06T06:00:00+05:30,demo-centroid,Synthetic centroid demo,18.625,73.84,57.92,synthetic,deterministic demo generator,29.0,45.0,1.3,138,0,synthetic,deterministic demo generator
2025-12-06T07:00:00+05:30,demo-centroid,Synthetic centroid demo,18.625,73.84,57.51,synthetic,deterministic demo generator,28.83,45.51,1.3,138,0,synthetic,deterministic demo generator
2025-12-06T08:00:00+05:30,demo-centroid,Synthetic centroid demo,18.625,73.84,56.31,synthetic,deterministic demo generator,28.33,47.01,1.3,138,0,synthetic,deterministic demo generator
2025-12-06T09:00:00+05:30,demo-centroid,Synthetic centroid demo,18.625,73.84,54.41,synthetic,deterministic demo generator,27.54,49.39,1.3,138,0,synthetic,deterministic demo generator
2025-12-06T10:00:00+05:30,demo-centroid,Synthetic centroid demo,18.625,73.84,51.92,synthetic,deterministic demo generator,26.5,52.5,1.3,138,0,synthetic,deterministic demo generator
2025-12-06T11:00:00+05:30,demo-centroid,Synthetic centroid demo,18.625,73.84,49.03,synthetic,deterministic demo generator,25.29,56.12,1.3,138,0,synthetic,deterministic demo generator
2025-12-06T12:00:00+05:30,demo-centroid,Synthetic centroid demo,18.625,73.84,45.92,synthetic,deterministic demo generator,24.0,60.0,1.3,138,0,synthetic,deterministic demo generator
2025-12-06T13:00:00+05:30,demo-centroid,Synthetic centroid demo,18.625,73.84,42.81,synthetic,deterministic demo generator,22.71,63.88,1.3,138,0,synthetic,deterministic demo generator
2025-12-06T14:00:00+05:30,demo-centroid,Synthetic centroid demo,18.625,73.84,39.92,synthetic,deterministic demo generator,21.5,67.5,1.3,138,0,synthetic,deterministic demo generator
2025-12-06T15:00:00+05:30,demo-centroid,Synthetic centroid demo,18.625,73.84,37.43,synthetic,deterministic demo generator,20.46,70.61,1.3,138,0,synthetic,deterministic demo generator
2025-12-06T16:00:00+05:30,demo-centroid,Synthetic centroid demo,18.625,73.84,35.53,synthetic,deterministic demo generator,19.67,72.99,1.3,138,0,synthetic,deterministic demo generator
2025-12-06T17:00:00+05:30,demo-centroid,Synthetic centroid demo,18.625,73.84,34.33,synthetic,deterministic demo generator,19.17,74.49,1.3,138,0,synthetic,deterministic demo generator
2025-12-06T18:00:00+05:30,demo-centroid,Synthetic centroid demo,18.625,73.84,33.92,synthetic,deterministic demo generator,19.0,75.0,1.3,138,0,synthetic,deterministic demo generator
2025-12-06T19:00:00+05:30,demo-centroid,Synthetic centroid demo,18.625,73.84,34.33,synthetic,deterministic demo generator,19.17,74.49,1.3,138,0,synthetic,deterministic demo generator
2025-12-06T20:00:00+05:30,demo-centroid,Synthetic centroid demo,18.625,73.84,35.53,synthetic,deterministic demo generator,19.67,72.99,1.3,138,0,synthetic,deterministic demo generator
2025-12-06T21:00:00+05:30,demo-centroid,Synthetic centroid demo,18.625,73.84,37.43,synthetic,deterministic demo generator,20.46,70.61,1.3,138,0,synthetic,deterministic demo generator
2025-12-06T22:00:00+05:30,demo-centroid,Synthetic centroid demo,18.625,73.84,39.92,synthetic,deterministic demo generator,21.5,67.5,1.3,138,0,synthetic,deterministic demo generator
2025-12-06T23:00:00+05:30,demo-centroid,Synthetic centroid demo,18.625,73.84,42.81,synthetic,deterministic demo generator,22.71,63.88,1.3,138,0,synthetic,deterministic demo generator
2025-12-07T00:00:00+05:30,demo-centroid,Synthetic centroid demo,18.625,73.84,46.14,synthetic,deterministic demo generator,24.0,60.0,1.5,151,0,synthetic,deterministic demo generator
2025-12-07T01:00:00+05:30,demo-centroid,Synthetic centroid demo,18.625,73.84,49.25,synthetic,deterministic demo generator,25.29,56.12,1.5,151,0,synthetic,deterministic demo generator
2025-12-07T02:00:00+05:30,demo-centroid,Synthetic centroid demo,18.625,73.84,52.14,synthetic,deterministic demo generator,26.5,52.5,1.5,151,0,synthetic,deterministic demo generator
2025-12-07T03:00:00+05:30,demo-centroid,Synthetic centroid demo,18.625,73.84,54.63,synthetic,deterministic demo generator,27.54,49.39,1.5,151,0,synthetic,deterministic demo generator
2025-12-07T04:00:00+05:30,demo-centroid,Synthetic centroid demo,18.625,73.84,56.53,synthetic,deterministic demo generator,28.33,47.01,1.5,151,0,synthetic,deterministic demo generator
2025-12-07T05:00:00+05:30,demo-centroid,Synthetic centroid demo,18.625,73.84,57.73,synthetic,deterministic demo generator,28.83,45.51,1.5,151,0,synthetic,deterministic demo generator
2025-12-07T06:00:00+05:30,demo-centroid,Synthetic centroid demo,18.625,73.84,58.14,synthetic,deterministic demo generator,29.0,45.0,1.5,151,0,synthetic,deterministic demo generator
2025-12-07T07:00:00+05:30,demo-centroid,Synthetic centroid demo,18.625,73.84,57.73,synthetic,deterministic demo generator,28.83,45.51,1.5,151,0,synthetic,deterministic demo generator
2025-12-07T08:00:00+05:30,demo-centroid,Synthetic centroid demo,18.625,73.84,56.53,synthetic,deterministic demo generator,28.33,47.01,1.5,151,0,synthetic,deterministic demo generator
2025-12-07T09:00:00+05:30,demo-centroid,Synthetic centroid demo,18.625,73.84,54.63,synthetic,deterministic demo generator,27.54,49.39,1.5,151,0,synthetic,deterministic demo generator
2025-12-07T10:00:00+05:30,demo-centroid,Synthetic centroid demo,18.625,73.84,52.14,synthetic,deterministic demo generator,26.5,52.5,1.5,151,0,synthetic,deterministic demo generator
2025-12-07T11:00:00+05:30,demo-centroid,Synthetic centroid demo,18.625,73.84,49.25,synthetic,deterministic demo generator,25.29,56.12,1.5,151,0,synthetic,deterministic demo generator
2025-12-07T12:00:00+05:30,demo-centroid,Synthetic centroid demo,18.625,73.84,46.14,synthetic,deterministic demo generator,24.0,60.0,1.5,151,0,synthetic,deterministic demo generator
2025-12-07T13:00:00+05:30,demo-centroid,Synthetic centroid demo,18.625,73.84,43.04,synthetic,deterministic demo generator,22.71,63.88,1.5,151,0,synthetic,deterministic demo generator
2025-12-07T14:00:00+05:30,demo-centroid,Synthetic centroid demo,18.625,73.84,40.14,synthetic,deterministic demo generator,21.5,67.5,1.5,151,0,synthetic,deterministic demo generator
2025-12-07T15:00:00+05:30,demo-centroid,Synthetic centroid demo,18.625,73.84,37.66,synthetic,deterministic demo generator,20.46,70.61,1.5,151,0,synthetic,deterministic demo generator
2025-12-07T16:00:00+05:30,demo-centroid,Synthetic centroid demo,18.625,73.84,35.75,synthetic,deterministic demo generator,19.67,72.99,1.5,151,0,synthetic,deterministic demo generator
2025-12-07T17:00:00+05:30,demo-centroid,Synthetic centroid demo,18.625,73.84,34.55,synthetic,deterministic demo generator,19.17,74.49,1.5,151,0,synthetic,deterministic demo generator
2025-12-07T18:00:00+05:30,demo-centroid,Synthetic centroid demo,18.625,73.84,34.14,synthetic,deterministic demo generator,19.0,75.0,1.5,151,0,synthetic,deterministic demo generator
2025-12-07T19:00:00+05:30,demo-centroid,Synthetic centroid demo,18.625,73.84,34.55,synthetic,deterministic demo generator,19.17,74.49,1.5,151,0,synthetic,deterministic demo generator
2025-12-07T20:00:00+05:30,demo-centroid,Synthetic centroid demo,18.625,73.84,35.75,synthetic,deterministic demo generator,19.67,72.99,1.5,151,0,synthetic,deterministic demo generator
2025-12-07T21:00:00+05:30,demo-centroid,Synthetic centroid demo,18.625,73.84,37.66,synthetic,deterministic demo generator,20.46,70.61,1.5,151,0,synthetic,deterministic demo generator
2025-12-07T22:00:00+05:30,demo-centroid,Synthetic centroid demo,18.625,73.84,40.14,synthetic,deterministic demo generator,21.5,67.5,1.5,151,0,synthetic,deterministic demo generator
2025-12-07T23:00:00+05:30,demo-centroid,Synthetic centroid demo,18.625,73.84,43.04,synthetic,deterministic demo generator,22.71,63.88,1.5,151,0,synthetic,deterministic demo generator
2025-12-08T00:00:00+05:30,demo-centroid,Synthetic centroid demo,18.625,73.84,46.56,synthetic,deterministic demo generator,24.0,60.0,1.72,164,0,synthetic,deterministic demo generator
2025-12-08T01:00:00+05:30,demo-centroid,Synthetic centroid demo,18.625,73.84,49.66,synthetic,deterministic demo generator,25.29,56.12,1.72,164,0,synthetic,deterministic demo generator
2025-12-08T02:00:00+05:30,demo-centroid,Synthetic centroid demo,18.625,73.84,52.56,synthetic,deterministic demo generator,26.5,52.5,1.72,164,0,synthetic,deterministic demo generator
2025-12-08T03:00:00+05:30,demo-centroid,Synthetic centroid demo,18.625,73.84,55.04,synthetic,deterministic demo generator,27.54,49.39,1.72,164,0,synthetic,deterministic demo generator
2025-12-08T04:00:00+05:30,demo-centroid,Synthetic centroid demo,18.625,73.84,56.95,synthetic,deterministic demo generator,28.33,47.01,1.72,164,0,synthetic,deterministic demo generator
2025-12-08T05:00:00+05:30,demo-centroid,Synthetic centroid demo,18.625,73.84,58.15,synthetic,deterministic demo generator,28.83,45.51,1.72,164,0,synthetic,deterministic demo generator
2025-12-08T06:00:00+05:30,demo-centroid,Synthetic centroid demo,18.625,73.84,58.56,synthetic,deterministic demo generator,29.0,45.0,1.72,164,0,synthetic,deterministic demo generator
2025-12-08T07:00:00+05:30,demo-centroid,Synthetic centroid demo,18.625,73.84,58.15,synthetic,deterministic demo generator,28.83,45.51,1.72,164,0,synthetic,deterministic demo generator
2025-12-08T08:00:00+05:30,demo-centroid,Synthetic centroid demo,18.625,73.84,56.95,synthetic,deterministic demo generator,28.33,47.01,1.72,164,0,synthetic,deterministic demo generator
2025-12-08T09:00:00+05:30,demo-centroid,Synthetic centroid demo,18.625,73.84,55.04,synthetic,deterministic demo generator,27.54,49.39,1.72,164,0,synthetic,deterministic demo generator
2025-12-08T10:00:00+05:30,demo-centroid,Synthetic centroid demo,18.625,73.84,52.56,synthetic,deterministic demo generator,26.5,52.5,1.72,164,0,synthetic,deterministic demo generator
2025-12-08T11:00:00+05:30,demo-centroid,Synthetic centroid demo,18.625,73.84,49.66,synthetic,deterministic demo generator,25.29,56.12,1.72,164,0,synthetic,deterministic demo generator
2025-12-08T12:00:00+05:30,demo-centroid,Synthetic centroid demo,18.625,73.84,46.56,synthetic,deterministic demo generator,24.0,60.0,1.72,164,0,synthetic,deterministic demo generator
2025-12-08T13:00:00+05:30,demo-centroid,Synthetic centroid demo,18.625,73.84,43.45,synthetic,deterministic demo generator,22.71,63.88,1.72,164,0,synthetic,deterministic demo generator
2025-12-08T14:00:00+05:30,demo-centroid,Synthetic centroid demo,18.625,73.84,40.56,synthetic,deterministic demo generator,21.5,67.5,1.72,164,0,synthetic,deterministic demo generator
2025-12-08T15:00:00+05:30,demo-centroid,Synthetic centroid demo,18.625,73.84,38.07,synthetic,deterministic demo generator,20.46,70.61,1.72,164,1.2,synthetic,deterministic demo generator
2025-12-08T16:00:00+05:30,demo-centroid,Synthetic centroid demo,18.625,73.84,36.16,synthetic,deterministic demo generator,19.67,72.99,1.72,164,0,synthetic,deterministic demo generator
2025-12-08T17:00:00+05:30,demo-centroid,Synthetic centroid demo,18.625,73.84,34.96,synthetic,deterministic demo generator,19.17,74.49,1.72,164,0,synthetic,deterministic demo generator
2025-12-08T18:00:00+05:30,demo-centroid,Synthetic centroid demo,18.625,73.84,34.56,synthetic,deterministic demo generator,19.0,75.0,1.72,164,0,synthetic,deterministic demo generator
2025-12-08T19:00:00+05:30,demo-centroid,Synthetic centroid demo,18.625,73.84,34.96,synthetic,deterministic demo generator,19.17,74.49,1.72,164,0,synthetic,deterministic demo generator
2025-12-08T20:00:00+05:30,demo-centroid,Synthetic centroid demo,18.625,73.84,36.16,synthetic,deterministic demo generator,19.67,72.99,1.72,164,0,synthetic,deterministic demo generator
2025-12-08T21:00:00+05:30,demo-centroid,Synthetic centroid demo,18.625,73.84,38.07,synthetic,deterministic demo generator,20.46,70.61,1.72,164,0,synthetic,deterministic demo generator
2025-12-08T22:00:00+05:30,demo-centroid,Synthetic centroid demo,18.625,73.84,40.56,synthetic,deterministic demo generator,21.5,67.5,1.72,164,0,synthetic,deterministic demo generator
2025-12-08T23:00:00+05:30,demo-centroid,Synthetic centroid demo,18.625,73.84,43.45,synthetic,deterministic demo generator,22.71,63.88,1.72,164,0,synthetic,deterministic demo generator
2025-12-09T00:00:00+05:30,demo-centroid,Synthetic centroid demo,18.625,73.84,47.15,synthetic,deterministic demo generator,24.0,60.0,1.97,177,0,synthetic,deterministic demo generator
2025-12-09T01:00:00+05:30,demo-centroid,Synthetic centroid demo,18.625,73.84,50.26,synthetic,deterministic demo generator,25.29,56.12,1.97,177,0,synthetic,deterministic demo generator
2025-12-09T02:00:00+05:30,demo-centroid,Synthetic centroid demo,18.625,73.84,53.15,synthetic,deterministic demo generator,26.5,52.5,1.97,177,0,synthetic,deterministic demo generator
2025-12-09T03:00:00+05:30,demo-centroid,Synthetic centroid demo,18.625,73.84,55.64,synthetic,deterministic demo generator,27.54,49.39,1.97,177,0,synthetic,deterministic demo generator
2025-12-09T04:00:00+05:30,demo-centroid,Synthetic centroid demo,18.625,73.84,57.54,synthetic,deterministic demo generator,28.33,47.01,1.97,177,0,synthetic,deterministic demo generator
2025-12-09T05:00:00+05:30,demo-centroid,Synthetic centroid demo,18.625,73.84,58.74,synthetic,deterministic demo generator,28.83,45.51,1.97,177,0,synthetic,deterministic demo generator
2025-12-09T06:00:00+05:30,demo-centroid,Synthetic centroid demo,18.625,73.84,59.15,synthetic,deterministic demo generator,29.0,45.0,1.97,177,0,synthetic,deterministic demo generator
2025-12-09T07:00:00+05:30,demo-centroid,Synthetic centroid demo,18.625,73.84,58.74,synthetic,deterministic demo generator,28.83,45.51,1.97,177,0,synthetic,deterministic demo generator
2025-12-09T08:00:00+05:30,demo-centroid,Synthetic centroid demo,18.625,73.84,57.54,synthetic,deterministic demo generator,28.33,47.01,1.97,177,0,synthetic,deterministic demo generator
2025-12-09T09:00:00+05:30,demo-centroid,Synthetic centroid demo,18.625,73.84,55.64,synthetic,deterministic demo generator,27.54,49.39,1.97,177,0,synthetic,deterministic demo generator
2025-12-09T10:00:00+05:30,demo-centroid,Synthetic centroid demo,18.625,73.84,53.15,synthetic,deterministic demo generator,26.5,52.5,1.97,177,0,synthetic,deterministic demo generator
2025-12-09T11:00:00+05:30,demo-centroid,Synthetic centroid demo,18.625,73.84,50.26,synthetic,deterministic demo generator,25.29,56.12,1.97,177,0,synthetic,deterministic demo generator
2025-12-09T12:00:00+05:30,demo-centroid,Synthetic centroid demo,18.625,73.84,47.15,synthetic,deterministic demo generator,24.0,60.0,1.97,177,0,synthetic,deterministic demo generator
2025-12-09T13:00:00+05:30,demo-centroid,Synthetic centroid demo,18.625,73.84,44.05,synthetic,deterministic demo generator,22.71,63.88,1.97,177,0,synthetic,deterministic demo generator
2025-12-09T14:00:00+05:30,demo-centroid,Synthetic centroid demo,18.625,73.84,41.15,synthetic,deterministic demo generator,21.5,67.5,1.97,177,0,synthetic,deterministic demo generator
2025-12-09T15:00:00+05:30,demo-centroid,Synthetic centroid demo,18.625,73.84,38.67,synthetic,deterministic demo generator,20.46,70.61,1.97,177,0,synthetic,deterministic demo generator
2025-12-09T16:00:00+05:30,demo-centroid,Synthetic centroid demo,18.625,73.84,36.76,synthetic,deterministic demo generator,19.67,72.99,1.97,177,0,synthetic,deterministic demo generator
2025-12-09T17:00:00+05:30,demo-centroid,Synthetic centroid demo,18.625,73.84,35.56,synthetic,deterministic demo generator,19.17,74.49,1.97,177,0,synthetic,deterministic demo generator
2025-12-09T18:00:00+05:30,demo-centroid,Synthetic centroid demo,18.625,73.84,35.15,synthetic,deterministic demo generator,19.0,75.0,1.97,177,0,synthetic,deterministic demo generator
2025-12-09T19:00:00+05:30,demo-centroid,Synthetic centroid demo,18.625,73.84,35.56,synthetic,deterministic demo generator,19.17,74.49,1.97,177,0,synthetic,deterministic demo generator
2025-12-09T20:00:00+05:30,demo-centroid,Synthetic centroid demo,18.625,73.84,36.76,synthetic,deterministic demo generator,19.67,72.99,1.97,177,0,synthetic,deterministic demo generator
2025-12-09T21:00:00+05:30,demo-centroid,Synthetic centroid demo,18.625,73.84,38.67,synthetic,deterministic demo generator,20.46,70.61,1.97,177,0,synthetic,deterministic demo generator
2025-12-09T22:00:00+05:30,demo-centroid,Synthetic centroid demo,18.625,73.84,41.15,synthetic,deterministic demo generator,21.5,67.5,1.97,177,0,synthetic,deterministic demo generator
2025-12-09T23:00:00+05:30,demo-centroid,Synthetic centroid demo,18.625,73.84,44.05,synthetic,deterministic demo generator,22.71,63.88,1.97,177,0,synthetic,deterministic demo generator
2025-12-10T00:00:00+05:30,demo-centroid,Synthetic centroid demo,18.625,73.84,47.92,synthetic,deterministic demo generator,24.0,60.0,2.22,190,0,synthetic,deterministic demo generator
2025-12-10T01:00:00+05:30,demo-centroid,Synthetic centroid demo,18.625,73.84,51.02,synthetic,deterministic demo generator,25.29,56.12,2.22,190,0,synthetic,deterministic demo generator
2025-12-10T02:00:00+05:30,demo-centroid,Synthetic centroid demo,18.625,73.84,53.92,synthetic,deterministic demo generator,26.5,52.5,2.22,190,0,synthetic,deterministic demo generator
2025-12-10T03:00:00+05:30,demo-centroid,Synthetic centroid demo,18.625,73.84,56.4,synthetic,deterministic demo generator,27.54,49.39,2.22,190,0,synthetic,deterministic demo generator
2025-12-10T04:00:00+05:30,demo-centroid,Synthetic centroid demo,18.625,73.84,58.31,synthetic,deterministic demo generator,28.33,47.01,2.22,190,0,synthetic,deterministic demo generator
2025-12-10T05:00:00+05:30,demo-centroid,Synthetic centroid demo,18.625,73.84,59.51,synthetic,deterministic demo generator,28.83,45.51,2.22,190,0,synthetic,deterministic demo generator
2025-12-10T06:00:00+05:30,demo-centroid,Synthetic centroid demo,18.625,73.84,59.92,synthetic,deterministic demo generator,29.0,45.0,2.22,190,0,synthetic,deterministic demo generator
2025-12-10T07:00:00+05:30,demo-centroid,Synthetic centroid demo,18.625,73.84,59.51,synthetic,deterministic demo generator,28.83,45.51,2.22,190,0,synthetic,deterministic demo generator
2025-12-10T08:00:00+05:30,demo-centroid,Synthetic centroid demo,18.625,73.84,58.31,synthetic,deterministic demo generator,28.33,47.01,2.22,190,0,synthetic,deterministic demo generator
2025-12-10T09:00:00+05:30,demo-centroid,Synthetic centroid demo,18.625,73.84,56.4,synthetic,deterministic demo generator,27.54,49.39,2.22,190,0,synthetic,deterministic demo generator
2025-12-10T10:00:00+05:30,demo-centroid,Synthetic centroid demo,18.625,73.84,53.92,synthetic,deterministic demo generator,26.5,52.5,2.22,190,0,synthetic,deterministic demo generator
2025-12-10T11:00:00+05:30,demo-centroid,Synthetic centroid demo,18.625,73.84,51.02,synthetic,deterministic demo generator,25.29,56.12,2.22,190,0,synthetic,deterministic demo generator
2025-12-10T12:00:00+05:30,demo-centroid,Synthetic centroid demo,18.625,73.84,47.92,synthetic,deterministic demo generator,24.0,60.0,2.22,190,0,synthetic,deterministic demo generator
2025-12-10T13:00:00+05:30,demo-centroid,Synthetic centroid demo,18.625,73.84,44.81,synthetic,deterministic demo generator,22.71,63.88,2.22,190,0,synthetic,deterministic demo generator
2025-12-10T14:00:00+05:30,demo-centroid,Synthetic centroid demo,18.625,73.84,41.92,synthetic,deterministic demo generator,21.5,67.5,2.22,190,0,synthetic,deterministic demo generator
2025-12-10T15:00:00+05:30,demo-centroid,Synthetic centroid demo,18.625,73.84,39.43,synthetic,deterministic demo generator,20.46,70.61,2.22,190,0,synthetic,deterministic demo generator
2025-12-10T16:00:00+05:30,demo-centroid,Synthetic centroid demo,18.625,73.84,37.53,synthetic,deterministic demo generator,19.67,72.99,2.22,190,0,synthetic,deterministic demo generator
2025-12-10T17:00:00+05:30,demo-centroid,Synthetic centroid demo,18.625,73.84,36.33,synthetic,deterministic demo generator,19.17,74.49,2.22,190,0,synthetic,deterministic demo generator
2025-12-10T18:00:00+05:30,demo-centroid,Synthetic centroid demo,18.625,73.84,35.92,synthetic,deterministic demo generator,19.0,75.0,2.22,190,0,synthetic,deterministic demo generator
2025-12-10T19:00:00+05:30,demo-centroid,Synthetic centroid demo,18.625,73.84,36.33,synthetic,deterministic demo generator,19.17,74.49,2.22,190,0,synthetic,deterministic demo generator
2025-12-10T20:00:00+05:30,demo-centroid,Synthetic centroid demo,18.625,73.84,37.53,synthetic,deterministic demo generator,19.67,72.99,2.22,190,0,synthetic,deterministic demo generator
2025-12-10T21:00:00+05:30,demo-centroid,Synthetic centroid demo,18.625,73.84,39.43,synthetic,deterministic demo generator,20.46,70.61,2.22,190,0,synthetic,deterministic demo generator
2025-12-10T22:00:00+05:30,demo-centroid,Synthetic centroid demo,18.625,73.84,41.92,synthetic,deterministic demo generator,21.5,67.5,2.22,190,0,synthetic,deterministic demo generator
2025-12-10T23:00:00+05:30,demo-centroid,Synthetic centroid demo,18.625,73.84,44.81,synthetic,deterministic demo generator,22.71,63.88,2.22,190,0,synthetic,deterministic demo generator
2025-12-11T00:00:00+05:30,demo-centroid,Synthetic centroid demo,18.625,73.84,48.84,synthetic,deterministic demo generator,24.0,60.0,2.45,203,0,synthetic,deterministic demo generator
2025-12-11T01:00:00+05:30,demo-centroid,Synthetic centroid demo,18.625,73.84,51.94,synthetic,deterministic demo generator,25.29,56.12,2.45,203,0,synthetic,deterministic demo generator
2025-12-11T02:00:00+05:30,demo-centroid,Synthetic centroid demo,18.625,73.84,54.84,synthetic,deterministic demo generator,26.5,52.5,2.45,203,0,synthetic,deterministic demo generator
2025-12-11T03:00:00+05:30,demo-centroid,Synthetic centroid demo,18.625,73.84,57.32,synthetic,deterministic demo generator,27.54,49.39,2.45,203,0,synthetic,deterministic demo generator
2025-12-11T04:00:00+05:30,demo-centroid,Synthetic centroid demo,18.625,73.84,59.23,synthetic,deterministic demo generator,28.33,47.01,2.45,203,0,synthetic,deterministic demo generator
2025-12-11T05:00:00+05:30,demo-centroid,Synthetic centroid demo,18.625,73.84,60.43,synthetic,deterministic demo generator,28.83,45.51,2.45,203,0,synthetic,deterministic demo generator
2025-12-11T06:00:00+05:30,demo-centroid,Synthetic centroid demo,18.625,73.84,60.84,synthetic,deterministic demo generator,29.0,45.0,2.45,203,0,synthetic,deterministic demo generator
2025-12-11T07:00:00+05:30,demo-centroid,Synthetic centroid demo,18.625,73.84,60.43,synthetic,deterministic demo generator,28.83,45.51,2.45,203,0,synthetic,deterministic demo generator
2025-12-11T08:00:00+05:30,demo-centroid,Synthetic centroid demo,18.625,73.84,59.23,synthetic,deterministic demo generator,28.33,47.01,2.45,203,0,synthetic,deterministic demo generator
2025-12-11T09:00:00+05:30,demo-centroid,Synthetic centroid demo,18.625,73.84,57.32,synthetic,deterministic demo generator,27.54,49.39,2.45,203,0,synthetic,deterministic demo generator
2025-12-11T10:00:00+05:30,demo-centroid,Synthetic centroid demo,18.625,73.84,54.84,synthetic,deterministic demo generator,26.5,52.5,2.45,203,0,synthetic,deterministic demo generator
2025-12-11T11:00:00+05:30,demo-centroid,Synthetic centroid demo,18.625,73.84,51.94,synthetic,deterministic demo generator,25.29,56.12,2.45,203,0,synthetic,deterministic demo generator
2025-12-11T12:00:00+05:30,demo-centroid,Synthetic centroid demo,18.625,73.84,48.84,synthetic,deterministic demo generator,24.0,60.0,2.45,203,0,synthetic,deterministic demo generator
2025-12-11T13:00:00+05:30,demo-centroid,Synthetic centroid demo,18.625,73.84,45.73,synthetic,deterministic demo generator,22.71,63.88,2.45,203,0,synthetic,deterministic demo generator
2025-12-11T14:00:00+05:30,demo-centroid,Synthetic centroid demo,18.625,73.84,42.84,synthetic,deterministic demo generator,21.5,67.5,2.45,203,0,synthetic,deterministic demo generator
2025-12-11T15:00:00+05:30,demo-centroid,Synthetic centroid demo,18.625,73.84,40.35,synthetic,deterministic demo generator,20.46,70.61,2.45,203,0,synthetic,deterministic demo generator
2025-12-11T16:00:00+05:30,demo-centroid,Synthetic centroid demo,18.625,73.84,38.44,synthetic,deterministic demo generator,19.67,72.99,2.45,203,0,synthetic,deterministic demo generator
2025-12-11T17:00:00+05:30,demo-centroid,Synthetic centroid demo,18.625,73.84,37.24,synthetic,deterministic demo generator,19.17,74.49,2.45,203,0,synthetic,deterministic demo generator
2025-12-11T18:00:00+05:30,demo-centroid,Synthetic centroid demo,18.625,73.84,36.84,synthetic,deterministic demo generator,19.0,75.0,2.45,203,0,synthetic,deterministic demo generator
2025-12-11T19:00:00+05:30,demo-centroid,Synthetic centroid demo,18.625,73.84,37.24,synthetic,deterministic demo generator,19.17,74.49,2.45,203,0,synthetic,deterministic demo generator
2025-12-11T20:00:00+05:30,demo-centroid,Synthetic centroid demo,18.625,73.84,38.44,synthetic,deterministic demo generator,19.67,72.99,2.45,203,0,synthetic,deterministic demo generator
2025-12-11T21:00:00+05:30,demo-centroid,Synthetic centroid demo,18.625,73.84,40.35,synthetic,deterministic demo generator,20.46,70.61,2.45,203,0,synthetic,deterministic demo generator
2025-12-11T22:00:00+05:30,demo-centroid,Synthetic centroid demo,18.625,73.84,42.84,synthetic,deterministic demo generator,21.5,67.5,2.45,203,0,synthetic,deterministic demo generator
2025-12-11T23:00:00+05:30,demo-centroid,Synthetic centroid demo,18.625,73.84,45.73,synthetic,deterministic demo generator,22.71,63.88,2.45,203,0,synthetic,deterministic demo generator
2025-12-12T00:00:00+05:30,demo-centroid,Synthetic centroid demo,18.625,73.84,49.88,synthetic,deterministic demo generator,24.0,60.0,2.66,216,0,synthetic,deterministic demo generator
2025-12-12T01:00:00+05:30,demo-centroid,Synthetic centroid demo,18.625,73.84,52.99,synthetic,deterministic demo generator,25.29,56.12,2.66,216,0,synthetic,deterministic demo generator
2025-12-12T02:00:00+05:30,demo-centroid,Synthetic centroid demo,18.625,73.84,55.88,synthetic,deterministic demo generator,26.5,52.5,2.66,216,0,synthetic,deterministic demo generator
2025-12-12T03:00:00+05:30,demo-centroid,Synthetic centroid demo,18.625,73.84,58.37,synthetic,deterministic demo generator,27.54,49.39,2.66,216,0,synthetic,deterministic demo generator
2025-12-12T04:00:00+05:30,demo-centroid,Synthetic centroid demo,18.625,73.84,60.28,synthetic,deterministic demo generator,28.33,47.01,2.66,216,0,synthetic,deterministic demo generator
2025-12-12T05:00:00+05:30,demo-centroid,Synthetic centroid demo,18.625,73.84,61.48,synthetic,deterministic demo generator,28.83,45.51,2.66,216,0,synthetic,deterministic demo generator
2025-12-12T06:00:00+05:30,demo-centroid,Synthetic centroid demo,18.625,73.84,61.88,synthetic,deterministic demo generator,29.0,45.0,2.66,216,0,synthetic,deterministic demo generator
2025-12-12T07:00:00+05:30,demo-centroid,Synthetic centroid demo,18.625,73.84,61.48,synthetic,deterministic demo generator,28.83,45.51,2.66,216,0,synthetic,deterministic demo generator
2025-12-12T08:00:00+05:30,demo-centroid,Synthetic centroid demo,18.625,73.84,60.28,synthetic,deterministic demo generator,28.33,47.01,2.66,216,0,synthetic,deterministic demo generator
2025-12-12T09:00:00+05:30,demo-centroid,Synthetic centroid demo,18.625,73.84,58.37,synthetic,deterministic demo generator,27.54,49.39,2.66,216,0,synthetic,deterministic demo generator
2025-12-12T10:00:00+05:30,demo-centroid,Synthetic centroid demo,18.625,73.84,55.88,synthetic,deterministic demo generator,26.5,52.5,2.66,216,0,synthetic,deterministic demo generator
2025-12-12T11:00:00+05:30,demo-centroid,Synthetic centroid demo,18.625,73.84,52.99,synthetic,deterministic demo generator,25.29,56.12,2.66,216,0,synthetic,deterministic demo generator
2025-12-12T12:00:00+05:30,demo-centroid,Synthetic centroid demo,18.625,73.84,49.88,synthetic,deterministic demo generator,24.0,60.0,2.66,216,0,synthetic,deterministic demo generator
2025-12-12T13:00:00+05:30,demo-centroid,Synthetic centroid demo,18.625,73.84,46.78,synthetic,deterministic demo generator,22.71,63.88,2.66,216,0,synthetic,deterministic demo generator
2025-12-12T14:00:00+05:30,demo-centroid,Synthetic centroid demo,18.625,73.84,43.88,synthetic,deterministic demo generator,21.5,67.5,2.66,216,0,synthetic,deterministic demo generator
2025-12-12T15:00:00+05:30,demo-centroid,Synthetic centroid demo,18.625,73.84,41.4,synthetic,deterministic demo generator,20.46,70.61,2.66,216,0,synthetic,deterministic demo generator
2025-12-12T16:00:00+05:30,demo-centroid,Synthetic centroid demo,18.625,73.84,39.49,synthetic,deterministic demo generator,19.67,72.99,2.66,216,0,synthetic,deterministic demo generator
2025-12-12T17:00:00+05:30,demo-centroid,Synthetic centroid demo,18.625,73.84,38.29,synthetic,deterministic demo generator,19.17,74.49,2.66,216,0,synthetic,deterministic demo generator
2025-12-12T18:00:00+05:30,demo-centroid,Synthetic centroid demo,18.625,73.84,37.88,synthetic,deterministic demo generator,19.0,75.0,2.66,216,0,synthetic,deterministic demo generator
2025-12-12T19:00:00+05:30,demo-centroid,Synthetic centroid demo,18.625,73.84,38.29,synthetic,deterministic demo generator,19.17,74.49,2.66,216,0,synthetic,deterministic demo generator
2025-12-12T20:00:00+05:30,demo-centroid,Synthetic centroid demo,18.625,73.84,39.49,synthetic,deterministic demo generator,19.67,72.99,2.66,216,0,synthetic,deterministic demo generator
2025-12-12T21:00:00+05:30,demo-centroid,Synthetic centroid demo,18.625,73.84,41.4,synthetic,deterministic demo generator,20.46,70.61,2.66,216,0,synthetic,deterministic demo generator
2025-12-12T22:00:00+05:30,demo-centroid,Synthetic centroid demo,18.625,73.84,43.88,synthetic,deterministic demo generator,21.5,67.5,2.66,216,0,synthetic,deterministic demo generator
2025-12-12T23:00:00+05:30,demo-centroid,Synthetic centroid demo,18.625,73.84,46.78,synthetic,deterministic demo generator,22.71,63.88,2.66,216,0,synthetic,deterministic demo generator
2025-12-13T00:00:00+05:30,demo-centroid,Synthetic centroid demo,18.625,73.84,51.04,synthetic,deterministic demo generator,24.0,60.0,2.83,229,0,synthetic,deterministic demo generator
2025-12-13T01:00:00+05:30,demo-centroid,Synthetic centroid demo,18.625,73.84,54.14,synthetic,deterministic demo generator,25.29,56.12,2.83,229,0,synthetic,deterministic demo generator
2025-12-13T02:00:00+05:30,demo-centroid,Synthetic centroid demo,18.625,73.84,57.04,synthetic,deterministic demo generator,26.5,52.5,2.83,229,0,synthetic,deterministic demo generator
2025-12-13T03:00:00+05:30,demo-centroid,Synthetic centroid demo,18.625,73.84,59.52,synthetic,deterministic demo generator,27.54,49.39,2.83,229,0,synthetic,deterministic demo generator
2025-12-13T04:00:00+05:30,demo-centroid,Synthetic centroid demo,18.625,73.84,61.43,synthetic,deterministic demo generator,28.33,47.01,2.83,229,0,synthetic,deterministic demo generator
2025-12-13T05:00:00+05:30,demo-centroid,Synthetic centroid demo,18.625,73.84,62.63,synthetic,deterministic demo generator,28.83,45.51,2.83,229,0,synthetic,deterministic demo generator
2025-12-13T06:00:00+05:30,demo-centroid,Synthetic centroid demo,18.625,73.84,63.04,synthetic,deterministic demo generator,29.0,45.0,2.83,229,0,synthetic,deterministic demo generator
2025-12-13T07:00:00+05:30,demo-centroid,Synthetic centroid demo,18.625,73.84,62.63,synthetic,deterministic demo generator,28.83,45.51,2.83,229,0,synthetic,deterministic demo generator
2025-12-13T08:00:00+05:30,demo-centroid,Synthetic centroid demo,18.625,73.84,61.43,synthetic,deterministic demo generator,28.33,47.01,2.83,229,0,synthetic,deterministic demo generator
2025-12-13T09:00:00+05:30,demo-centroid,Synthetic centroid demo,18.625,73.84,59.52,synthetic,deterministic demo generator,27.54,49.39,2.83,229,0,synthetic,deterministic demo generator
2025-12-13T10:00:00+05:30,demo-centroid,Synthetic centroid demo,18.625,73.84,57.04,synthetic,deterministic demo generator,26.5,52.5,2.83,229,0,synthetic,deterministic demo generator
2025-12-13T11:00:00+05:30,demo-centroid,Synthetic centroid demo,18.625,73.84,54.14,synthetic,deterministic demo generator,25.29,56.12,2.83,229,0,synthetic,deterministic demo generator
2025-12-13T12:00:00+05:30,demo-centroid,Synthetic centroid demo,18.625,73.84,51.04,synthetic,deterministic demo generator,24.0,60.0,2.83,229,0,synthetic,deterministic demo generator
2025-12-13T13:00:00+05:30,demo-centroid,Synthetic centroid demo,18.625,73.84,47.93,synthetic,deterministic demo generator,22.71,63.88,2.83,229,0,synthetic,deterministic demo generator
2025-12-13T14:00:00+05:30,demo-centroid,Synthetic centroid demo,18.625,73.84,45.04,synthetic,deterministic demo generator,21.5,67.5,2.83,229,0,synthetic,deterministic demo generator
2025-12-13T15:00:00+05:30,demo-centroid,Synthetic centroid demo,18.625,73.84,42.55,synthetic,deterministic demo generator,20.46,70.61,2.83,229,0,synthetic,deterministic demo generator
2025-12-13T16:00:00+05:30,demo-centroid,Synthetic centroid demo,18.625,73.84,40.64,synthetic,deterministic demo generator,19.67,72.99,2.83,229,0,synthetic,deterministic demo generator
2025-12-13T17:00:00+05:30,demo-centroid,Synthetic centroid demo,18.625,73.84,39.44,synthetic,deterministic demo generator,19.17,74.49,2.83,229,0,synthetic,deterministic demo generator
2025-12-13T18:00:00+05:30,demo-centroid,Synthetic centroid demo,18.625,73.84,39.04,synthetic,deterministic demo generator,19.0,75.0,2.83,229,0,synthetic,deterministic demo generator
2025-12-13T19:00:00+05:30,demo-centroid,Synthetic centroid demo,18.625,73.84,39.44,synthetic,deterministic demo generator,19.17,74.49,2.83,229,0,synthetic,deterministic demo generator
2025-12-13T20:00:00+05:30,demo-centroid,Synthetic centroid demo,18.625,73.84,40.64,synthetic,deterministic demo generator,19.67,72.99,2.83,229,0,synthetic,deterministic demo generator
2025-12-13T21:00:00+05:30,demo-centroid,Synthetic centroid demo,18.625,73.84,42.55,synthetic,deterministic demo generator,20.46,70.61,2.83,229,0,synthetic,deterministic demo generator
2025-12-13T22:00:00+05:30,demo-centroid,Synthetic centroid demo,18.625,73.84,45.04,synthetic,deterministic demo generator,21.5,67.5,2.83,229,0,synthetic,deterministic demo generator
2025-12-13T23:00:00+05:30,demo-centroid,Synthetic centroid demo,18.625,73.84,47.93,synthetic,deterministic demo generator,22.71,63.88,2.83,229,0,synthetic,deterministic demo generator
2025-12-14T00:00:00+05:30,demo-centroid,Synthetic centroid demo,18.625,73.84,52.26,synthetic,deterministic demo generator,24.0,60.0,2.94,242,0,synthetic,deterministic demo generator
2025-12-14T01:00:00+05:30,demo-centroid,Synthetic centroid demo,18.625,73.84,55.37,synthetic,deterministic demo generator,25.29,56.12,2.94,242,0,synthetic,deterministic demo generator
2025-12-14T02:00:00+05:30,demo-centroid,Synthetic centroid demo,18.625,73.84,58.26,synthetic,deterministic demo generator,26.5,52.5,2.94,242,0,synthetic,deterministic demo generator
2025-12-14T03:00:00+05:30,demo-centroid,Synthetic centroid demo,18.625,73.84,60.75,synthetic,deterministic demo generator,27.54,49.39,2.94,242,0,synthetic,deterministic demo generator
2025-12-14T04:00:00+05:30,demo-centroid,Synthetic centroid demo,18.625,73.84,62.66,synthetic,deterministic demo generator,28.33,47.01,2.94,242,0,synthetic,deterministic demo generator
2025-12-14T05:00:00+05:30,demo-centroid,Synthetic centroid demo,18.625,73.84,63.85,synthetic,deterministic demo generator,28.83,45.51,2.94,242,0,synthetic,deterministic demo generator
2025-12-14T06:00:00+05:30,demo-centroid,Synthetic centroid demo,18.625,73.84,64.26,synthetic,deterministic demo generator,29.0,45.0,2.94,242,0,synthetic,deterministic demo generator
2025-12-14T07:00:00+05:30,demo-centroid,Synthetic centroid demo,18.625,73.84,63.85,synthetic,deterministic demo generator,28.83,45.51,2.94,242,0,synthetic,deterministic demo generator
2025-12-14T08:00:00+05:30,demo-centroid,Synthetic centroid demo,18.625,73.84,62.66,synthetic,deterministic demo generator,28.33,47.01,2.94,242,0,synthetic,deterministic demo generator
2025-12-14T09:00:00+05:30,demo-centroid,Synthetic centroid demo,18.625,73.84,60.75,synthetic,deterministic demo generator,27.54,49.39,2.94,242,0,synthetic,deterministic demo generator
2025-12-14T10:00:00+05:30,demo-centroid,Synthetic centroid demo,18.625,73.84,58.26,synthetic,deterministic demo generator,26.5,52.5,2.94,242,0,synthetic,deterministic demo generator
2025-12-14T11:00:00+05:30,demo-centroid,Synthetic centroid demo,18.625,73.84,55.37,synthetic,deterministic demo generator,25.29,56.12,2.94,242,0,synthetic,deterministic demo generator
2025-12-14T12:00:00+05:30,demo-centroid,Synthetic centroid demo,18.625,73.84,52.26,synthetic,deterministic demo generator,24.0,60.0,2.94,242,0,synthetic,deterministic demo generator
2025-12-14T13:00:00+05:30,demo-centroid,Synthetic centroid demo,18.625,73.84,49.16,synthetic,deterministic demo generator,22.71,63.88,2.94,242,0,synthetic,deterministic demo generator
2025-12-14T14:00:00+05:30,demo-centroid,Synthetic centroid demo,18.625,73.84,46.26,synthetic,deterministic demo generator,21.5,67.5,2.94,242,0,synthetic,deterministic demo generator
2025-12-14T15:00:00+05:30,demo-centroid,Synthetic centroid demo,18.625,73.84,43.78,synthetic,deterministic demo generator,20.46,70.61,2.94,242,0,synthetic,deterministic demo generator
2025-12-14T16:00:00+05:30,demo-centroid,Synthetic centroid demo,18.625,73.84,41.87,synthetic,deterministic demo generator,19.67,72.99,2.94,242,0,synthetic,deterministic demo generator
2025-12-14T17:00:00+05:30,demo-centroid,Synthetic centroid demo,18.625,73.84,40.67,synthetic,deterministic demo generator,19.17,74.49,2.94,242,0,synthetic,deterministic demo generator
2025-12-14T18:00:00+05:30,demo-centroid,Synthetic centroid demo,18.625,73.84,40.26,synthetic,deterministic demo generator,19.0,75.0,2.94,242,0,synthetic,deterministic demo generator
2025-12-14T19:00:00+05:30,demo-centroid,Synthetic centroid demo,18.625,73.84,40.67,synthetic,deterministic demo generator,19.17,74.49,2.94,242,0,synthetic,deterministic demo generator
2025-12-14T20:00:00+05:30,demo-centroid,Synthetic centroid demo,18.625,73.84,41.87,synthetic,deterministic demo generator,19.67,72.99,2.94,242,0,synthetic,deterministic demo generator
2025-12-14T21:00:00+05:30,demo-centroid,Synthetic centroid demo,18.625,73.84,43.78,synthetic,deterministic demo generator,20.46,70.61,2.94,242,0,synthetic,deterministic demo generator
2025-12-14T22:00:00+05:30,demo-centroid,Synthetic centroid demo,18.625,73.84,46.26,synthetic,deterministic demo generator,21.5,67.5,2.94,242,0,synthetic,deterministic demo generator
2025-12-14T23:00:00+05:30,demo-centroid,Synthetic centroid demo,18.625,73.84,49.16,synthetic,deterministic demo generator,22.71,63.88,2.94,242,0,synthetic,deterministic demo generator
2025-12-15T00:00:00+05:30,demo-centroid,Synthetic centroid demo,18.625,73.84,53.54,synthetic,deterministic demo generator,24.0,60.0,3.0,255,0,synthetic,deterministic demo generator
2025-12-15T01:00:00+05:30,demo-centroid,Synthetic centroid demo,18.625,73.84,56.64,synthetic,deterministic demo generator,25.29,56.12,3.0,255,0,synthetic,deterministic demo generator
2025-12-15T02:00:00+05:30,demo-centroid,Synthetic centroid demo,18.625,73.84,59.54,synthetic,deterministic demo generator,26.5,52.5,3.0,255,0,synthetic,deterministic demo generator
2025-12-15T03:00:00+05:30,demo-centroid,Synthetic centroid demo,18.625,73.84,62.02,synthetic,deterministic demo generator,27.54,49.39,3.0,255,0,synthetic,deterministic demo generator
2025-12-15T04:00:00+05:30,demo-centroid,Synthetic centroid demo,18.625,73.84,63.93,synthetic,deterministic demo generator,28.33,47.01,3.0,255,0,synthetic,deterministic demo generator
2025-12-15T05:00:00+05:30,demo-centroid,Synthetic centroid demo,18.625,73.84,65.13,synthetic,deterministic demo generator,28.83,45.51,3.0,255,0,synthetic,deterministic demo generator
2025-12-15T06:00:00+05:30,demo-centroid,Synthetic centroid demo,18.625,73.84,65.54,synthetic,deterministic demo generator,29.0,45.0,3.0,255,0,synthetic,deterministic demo generator
2025-12-15T07:00:00+05:30,demo-centroid,Synthetic centroid demo,18.625,73.84,65.13,synthetic,deterministic demo generator,28.83,45.51,3.0,255,0,synthetic,deterministic demo generator
2025-12-15T08:00:00+05:30,demo-centroid,Synthetic centroid demo,18.625,73.84,63.93,synthetic,deterministic demo generator,28.33,47.01,3.0,255,0,synthetic,deterministic demo generator
2025-12-15T09:00:00+05:30,demo-centroid,Synthetic centroid demo,18.625,73.84,62.02,synthetic,deterministic demo generator,27.54,49.39,3.0,255,0,synthetic,deterministic demo generator
2025-12-15T10:00:00+05:30,demo-centroid,Synthetic centroid demo,18.625,73.84,59.54,synthetic,deterministic demo generator,26.5,52.5,3.0,255,0,synthetic,deterministic demo generator
2025-12-15T11:00:00+05:30,demo-centroid,Synthetic centroid demo,18.625,73.84,56.64,synthetic,deterministic demo generator,25.29,56.12,3.0,255,0,synthetic,deterministic demo generator
2025-12-15T12:00:00+05:30,demo-centroid,Synthetic centroid demo,18.625,73.84,53.54,synthetic,deterministic demo generator,24.0,60.0,3.0,255,0,synthetic,deterministic demo generator
2025-12-15T13:00:00+05:30,demo-centroid,Synthetic centroid demo,18.625,73.84,50.43,synthetic,deterministic demo generator,22.71,63.88,3.0,255,0,synthetic,deterministic demo generator
2025-12-15T14:00:00+05:30,demo-centroid,Synthetic centroid demo,18.625,73.84,47.54,synthetic,deterministic demo generator,21.5,67.5,3.0,255,0,synthetic,deterministic demo generator
2025-12-15T15:00:00+05:30,demo-centroid,Synthetic centroid demo,18.625,73.84,45.05,synthetic,deterministic demo generator,20.46,70.61,3.0,255,0,synthetic,deterministic demo generator
2025-12-15T16:00:00+05:30,demo-centroid,Synthetic centroid demo,18.625,73.84,43.14,synthetic,deterministic demo generator,19.67,72.99,3.0,255,0,synthetic,deterministic demo generator
2025-12-15T17:00:00+05:30,demo-centroid,Synthetic centroid demo,18.625,73.84,41.94,synthetic,deterministic demo generator,19.17,74.49,3.0,255,0,synthetic,deterministic demo generator
2025-12-15T18:00:00+05:30,demo-centroid,Synthetic centroid demo,18.625,73.84,41.54,synthetic,deterministic demo generator,19.0,75.0,3.0,255,0,synthetic,deterministic demo generator
2025-12-15T19:00:00+05:30,demo-centroid,Synthetic centroid demo,18.625,73.84,41.94,synthetic,deterministic demo generator,19.17,74.49,3.0,255,0,synthetic,deterministic demo generator
2025-12-15T20:00:00+05:30,demo-centroid,Synthetic centroid demo,18.625,73.84,43.14,synthetic,deterministic demo generator,19.67,72.99,3.0,255,0,synthetic,deterministic demo generator
2025-12-15T21:00:00+05:30,demo-centroid,Synthetic centroid demo,18.625,73.84,45.05,synthetic,deterministic demo generator,20.46,70.61,3.0,255,0,synthetic,deterministic demo generator
2025-12-15T22:00:00+05:30,demo-centroid,Synthetic centroid demo,18.625,73.84,47.54,synthetic,deterministic demo generator,21.5,67.5,3.0,255,0,synthetic,deterministic demo generator
2025-12-15T23:00:00+05:30,demo-centroid,Synthetic centroid demo,18.625,73.84,50.43,synthetic,deterministic demo generator,22.71,63.88,3.0,255,0,synthetic,deterministic demo generator
2025-12-16T00:00:00+05:30,demo-centroid,Synthetic centroid demo,18.625,73.84,54.82,synthetic,deterministic demo generator,24.0,60.0,2.99,268,0,synthetic,deterministic demo generator
2025-12-16T01:00:00+05:30,demo-centroid,Synthetic centroid demo,18.625,73.84,57.93,synthetic,deterministic demo generator,25.29,56.12,2.99,268,0,synthetic,deterministic demo generator
2025-12-16T02:00:00+05:30,demo-centroid,Synthetic centroid demo,18.625,73.84,60.82,synthetic,deterministic demo generator,26.5,52.5,2.99,268,0,synthetic,deterministic demo generator
2025-12-16T03:00:00+05:30,demo-centroid,Synthetic centroid demo,18.625,73.84,63.31,synthetic,deterministic demo generator,27.54,49.39,2.99,268,0,synthetic,deterministic demo generator
2025-12-16T04:00:00+05:30,demo-centroid,Synthetic centroid demo,18.625,73.84,65.21,synthetic,deterministic demo generator,28.33,47.01,2.99,268,0,synthetic,deterministic demo generator
2025-12-16T05:00:00+05:30,demo-centroid,Synthetic centroid demo,18.625,73.84,66.41,synthetic,deterministic demo generator,28.83,45.51,2.99,268,0,synthetic,deterministic demo generator
2025-12-16T06:00:00+05:30,demo-centroid,Synthetic centroid demo,18.625,73.84,66.82,synthetic,deterministic demo generator,29.0,45.0,2.99,268,0,synthetic,deterministic demo generator
2025-12-16T07:00:00+05:30,demo-centroid,Synthetic centroid demo,18.625,73.84,66.41,synthetic,deterministic demo generator,28.83,45.51,2.99,268,0,synthetic,deterministic demo generator
2025-12-16T08:00:00+05:30,demo-centroid,Synthetic centroid demo,18.625,73.84,65.21,synthetic,deterministic demo generator,28.33,47.01,2.99,268,0,synthetic,deterministic demo generator
2025-12-16T09:00:00+05:30,demo-centroid,Synthetic centroid demo,18.625,73.84,63.31,synthetic,deterministic demo generator,27.54,49.39,2.99,268,0,synthetic,deterministic demo generator
2025-12-16T10:00:00+05:30,demo-centroid,Synthetic centroid demo,18.625,73.84,60.82,synthetic,deterministic demo generator,26.5,52.5,2.99,268,0,synthetic,deterministic demo generator
2025-12-16T11:00:00+05:30,demo-centroid,Synthetic centroid demo,18.625,73.84,57.93,synthetic,deterministic demo generator,25.29,56.12,2.99,268,0,synthetic,deterministic demo generator
2025-12-16T12:00:00+05:30,demo-centroid,Synthetic centroid demo,18.625,73.84,54.82,synthetic,deterministic demo generator,24.0,60.0,2.99,268,0,synthetic,deterministic demo generator
2025-12-16T13:00:00+05:30,demo-centroid,Synthetic centroid demo,18.625,73.84,51.72,synthetic,deterministic demo generator,22.71,63.88,2.99,268,0,synthetic,deterministic demo generator
2025-12-16T14:00:00+05:30,demo-centroid,Synthetic centroid demo,18.625,73.84,48.82,synthetic,deterministic demo generator,21.5,67.5,2.99,268,0,synthetic,deterministic demo generator
2025-12-16T15:00:00+05:30,demo-centroid,Synthetic centroid demo,18.625,73.84,46.34,synthetic,deterministic demo generator,20.46,70.61,2.99,268,0,synthetic,deterministic demo generator
2025-12-16T16:00:00+05:30,demo-centroid,Synthetic centroid demo,18.625,73.84,44.43,synthetic,deterministic demo generator,19.67,72.99,2.99,268,0,synthetic,deterministic demo generator
2025-12-16T17:00:00+05:30,demo-centroid,Synthetic centroid demo,18.625,73.84,43.23,synthetic,deterministic demo generator,19.17,74.49,2.99,268,0,synthetic,deterministic demo generator
2025-12-16T18:00:00+05:30,demo-centroid,Synthetic centroid demo,18.625,73.84,42.82,synthetic,deterministic demo generator,19.0,75.0,2.99,268,0,synthetic,deterministic demo generator
2025-12-16T19:00:00+05:30,demo-centroid,Synthetic centroid demo,18.625,73.84,43.23,synthetic,deterministic demo generator,19.17,74.49,2.99,268,0,synthetic,deterministic demo generator
2025-12-16T20:00:00+05:30,demo-centroid,Synthetic centroid demo,18.625,73.84,44.43,synthetic,deterministic demo generator,19.67,72.99,2.99,268,0,synthetic,deterministic demo generator
2025-12-16T21:00:00+05:30,demo-centroid,Synthetic centroid demo,18.625,73.84,46.34,synthetic,deterministic demo generator,20.46,70.61,2.99,268,0,synthetic,deterministic demo generator
2025-12-16T22:00:00+05:30,demo-centroid,Synthetic centroid demo,18.625,73.84,48.82,synthetic,deterministic demo generator,21.5,67.5,2.99,268,0,synthetic,deterministic demo generator
2025-12-16T23:00:00+05:30,demo-centroid,Synthetic centroid demo,18.625,73.84,51.72,synthetic,deterministic demo generator,22.71,63.88,2.99,268,0,synthetic,deterministic demo generator
2025-12-17T00:00:00+05:30,demo-centroid,Synthetic centroid demo,18.625,73.84,56.09,synthetic,deterministic demo generator,24.0,60.0,2.92,281,0,synthetic,deterministic demo generator
2025-12-17T01:00:00+05:30,demo-centroid,Synthetic centroid demo,18.625,73.84,59.19,synthetic,deterministic demo generator,25.29,56.12,2.92,281,0,synthetic,deterministic demo generator
2025-12-17T02:00:00+05:30,demo-centroid,Synthetic centroid demo,18.625,73.84,62.09,synthetic,deterministic demo generator,26.5,52.5,2.92,281,0,synthetic,deterministic demo generator
2025-12-17T03:00:00+05:30,demo-centroid,Synthetic centroid demo,18.625,73.84,64.57,synthetic,deterministic demo generator,27.54,49.39,2.92,281,0,synthetic,deterministic demo generator
2025-12-17T04:00:00+05:30,demo-centroid,Synthetic centroid demo,18.625,73.84,66.48,synthetic,deterministic demo generator,28.33,47.01,2.92,281,0,synthetic,deterministic demo generator
2025-12-17T05:00:00+05:30,demo-centroid,Synthetic centroid demo,18.625,73.84,67.68,synthetic,deterministic demo generator,28.83,45.51,2.92,281,0,synthetic,deterministic demo generator
2025-12-17T06:00:00+05:30,demo-centroid,Synthetic centroid demo,18.625,73.84,68.09,synthetic,deterministic demo generator,29.0,45.0,2.92,281,0,synthetic,deterministic demo generator
2025-12-17T07:00:00+05:30,demo-centroid,Synthetic centroid demo,18.625,73.84,67.68,synthetic,deterministic demo generator,28.83,45.51,2.92,281,0,synthetic,deterministic demo generator
2025-12-17T08:00:00+05:30,demo-centroid,Synthetic centroid demo,18.625,73.84,66.48,synthetic,deterministic demo generator,28.33,47.01,2.92,281,0,synthetic,deterministic demo generator
2025-12-17T09:00:00+05:30,demo-centroid,Synthetic centroid demo,18.625,73.84,64.57,synthetic,deterministic demo generator,27.54,49.39,2.92,281,0,synthetic,deterministic demo generator
2025-12-17T10:00:00+05:30,demo-centroid,Synthetic centroid demo,18.625,73.84,62.09,synthetic,deterministic demo generator,26.5,52.5,2.92,281,0,synthetic,deterministic demo generator
2025-12-17T11:00:00+05:30,demo-centroid,Synthetic centroid demo,18.625,73.84,59.19,synthetic,deterministic demo generator,25.29,56.12,2.92,281,0,synthetic,deterministic demo generator
2025-12-17T12:00:00+05:30,demo-centroid,Synthetic centroid demo,18.625,73.84,56.09,synthetic,deterministic demo generator,24.0,60.0,2.92,281,0,synthetic,deterministic demo generator
2025-12-17T13:00:00+05:30,demo-centroid,Synthetic centroid demo,18.625,73.84,52.98,synthetic,deterministic demo generator,22.71,63.88,2.92,281,0,synthetic,deterministic demo generator
2025-12-17T14:00:00+05:30,demo-centroid,Synthetic centroid demo,18.625,73.84,50.09,synthetic,deterministic demo generator,21.5,67.5,2.92,281,0,synthetic,deterministic demo generator
2025-12-17T15:00:00+05:30,demo-centroid,Synthetic centroid demo,18.625,73.84,47.6,synthetic,deterministic demo generator,20.46,70.61,2.92,281,0,synthetic,deterministic demo generator
2025-12-17T16:00:00+05:30,demo-centroid,Synthetic centroid demo,18.625,73.84,45.69,synthetic,deterministic demo generator,19.67,72.99,2.92,281,0,synthetic,deterministic demo generator
2025-12-17T17:00:00+05:30,demo-centroid,Synthetic centroid demo,18.625,73.84,44.5,synthetic,deterministic demo generator,19.17,74.49,2.92,281,0,synthetic,deterministic demo generator
2025-12-17T18:00:00+05:30,demo-centroid,Synthetic centroid demo,18.625,73.84,44.09,synthetic,deterministic demo generator,19.0,75.0,2.92,281,0,synthetic,deterministic demo generator
2025-12-17T19:00:00+05:30,demo-centroid,Synthetic centroid demo,18.625,73.84,44.5,synthetic,deterministic demo generator,19.17,74.49,2.92,281,0,synthetic,deterministic demo generator
2025-12-17T20:00:00+05:30,demo-centroid,Synthetic centroid demo,18.625,73.84,45.69,synthetic,deterministic demo generator,19.67,72.99,2.92,281,0,synthetic,deterministic demo generator
2025-12-17T21:00:00+05:30,demo-centroid,Synthetic centroid demo,18.625,73.84,47.6,synthetic,deterministic demo generator,20.46,70.61,2.92,281,0,synthetic,deterministic demo generator
2025-12-17T22:00:00+05:30,demo-centroid,Synthetic centroid demo,18.625,73.84,50.09,synthetic,deterministic demo generator,21.5,67.5,2.92,281,0,synthetic,deterministic demo generator
2025-12-17T23:00:00+05:30,demo-centroid,Synthetic centroid demo,18.625,73.84,52.98,synthetic,deterministic demo generator,22.71,63.88,2.92,281,0,synthetic,deterministic demo generator
2025-12-18T00:00:00+05:30,demo-centroid,Synthetic centroid demo,18.625,73.84,57.3,synthetic,deterministic demo generator,24.0,60.0,2.8,294,0,synthetic,deterministic demo generator
2025-12-18T01:00:00+05:30,demo-centroid,Synthetic centroid demo,18.625,73.84,60.41,synthetic,deterministic demo generator,25.29,56.12,2.8,294,0,synthetic,deterministic demo generator
2025-12-18T02:00:00+05:30,demo-centroid,Synthetic centroid demo,18.625,73.84,63.3,synthetic,deterministic demo generator,26.5,52.5,2.8,294,0,synthetic,deterministic demo generator
2025-12-18T03:00:00+05:30,demo-centroid,Synthetic centroid demo,18.625,73.84,65.79,synthetic,deterministic demo generator,27.54,49.39,2.8,294,0,synthetic,deterministic demo generator
2025-12-18T04:00:00+05:30,demo-centroid,Synthetic centroid demo,18.625,73.84,67.69,synthetic,deterministic demo generator,28.33,47.01,2.8,294,0,synthetic,deterministic demo generator
2025-12-18T05:00:00+05:30,demo-centroid,Synthetic centroid demo,18.625,73.84,68.89,synthetic,deterministic demo generator,28.83,45.51,2.8,294,0,synthetic,deterministic demo generator
2025-12-18T06:00:00+05:30,demo-centroid,Synthetic centroid demo,18.625,73.84,69.3,synthetic,deterministic demo generator,29.0,45.0,2.8,294,0,synthetic,deterministic demo generator
2025-12-18T07:00:00+05:30,demo-centroid,Synthetic centroid demo,18.625,73.84,68.89,synthetic,deterministic demo generator,28.83,45.51,2.8,294,0,synthetic,deterministic demo generator
2025-12-18T08:00:00+05:30,demo-centroid,Synthetic centroid demo,18.625,73.84,67.69,synthetic,deterministic demo generator,28.33,47.01,2.8,294,0,synthetic,deterministic demo generator
2025-12-18T09:00:00+05:30,demo-centroid,Synthetic centroid demo,18.625,73.84,65.79,synthetic,deterministic demo generator,27.54,49.39,2.8,294,0,synthetic,deterministic demo generator
2025-12-18T10:00:00+05:30,demo-centroid,Synthetic centroid demo,18.625,73.84,63.3,synthetic,deterministic demo generator,26.5,52.5,2.8,294,0,synthetic,deterministic demo generator
2025-12-18T11:00:00+05:30,demo-centroid,Synthetic centroid demo,18.625,73.84,60.41,synthetic,deterministic demo generator,25.29,56.12,2.8,294,0,synthetic,deterministic demo generator
2025-12-18T12:00:00+05:30,demo-centroid,Synthetic centroid demo,18.625,73.84,57.3,synthetic,deterministic demo generator,24.0,60.0,2.8,294,0,synthetic,deterministic demo generator
2025-12-18T13:00:00+05:30,demo-centroid,Synthetic centroid demo,18.625,73.84,54.2,synthetic,deterministic demo generator,22.71,63.88,2.8,294,0,synthetic,deterministic demo generator
2025-12-18T14:00:00+05:30,demo-centroid,Synthetic centroid demo,18.625,73.84,51.3,synthetic,deterministic demo generator,21.5,67.5,2.8,294,0,synthetic,deterministic demo generator
2025-12-18T15:00:00+05:30,demo-centroid,Synthetic centroid demo,18.625,73.84,48.82,synthetic,deterministic demo generator,20.46,70.61,2.8,294,0,synthetic,deterministic demo generator
2025-12-18T16:00:00+05:30,demo-centroid,Synthetic centroid demo,18.625,73.84,46.91,synthetic,deterministic demo generator,19.67,72.99,2.8,294,0,synthetic,deterministic demo generator
2025-12-18T17:00:00+05:30,demo-centroid,Synthetic centroid demo,18.625,73.84,45.71,synthetic,deterministic demo generator,19.17,74.49,2.8,294,0,synthetic,deterministic demo generator
2025-12-18T18:00:00+05:30,demo-centroid,Synthetic centroid demo,18.625,73.84,45.3,synthetic,deterministic demo generator,19.0,75.0,2.8,294,0,synthetic,deterministic demo generator
2025-12-18T19:00:00+05:30,demo-centroid,Synthetic centroid demo,18.625,73.84,45.71,synthetic,deterministic demo generator,19.17,74.49,2.8,294,0,synthetic,deterministic demo generator
2025-12-18T20:00:00+05:30,demo-centroid,Synthetic centroid demo,18.625,73.84,46.91,synthetic,deterministic demo generator,19.67,72.99,2.8,294,0,synthetic,deterministic demo generator
2025-12-18T21:00:00+05:30,demo-centroid,Synthetic centroid demo,18.625,73.84,48.82,synthetic,deterministic demo generator,20.46,70.61,2.8,294,0,synthetic,deterministic demo generator
2025-12-18T22:00:00+05:30,demo-centroid,Synthetic centroid demo,18.625,73.84,51.3,synthetic,deterministic demo generator,21.5,67.5,2.8,294,0,synthetic,deterministic demo generator
2025-12-18T23:00:00+05:30,demo-centroid,Synthetic centroid demo,18.625,73.84,54.2,synthetic,deterministic demo generator,22.71,63.88,2.8,294,0,synthetic,deterministic demo generator
2025-12-19T00:00:00+05:30,demo-centroid,Synthetic centroid demo,18.625,73.84,58.43,synthetic,deterministic demo generator,24.0,60.0,2.62,307,0,synthetic,deterministic demo generator
2025-12-19T01:00:00+05:30,demo-centroid,Synthetic centroid demo,18.625,73.84,61.54,synthetic,deterministic demo generator,25.29,56.12,2.62,307,0,synthetic,deterministic demo generator
2025-12-19T02:00:00+05:30,demo-centroid,Synthetic centroid demo,18.625,73.84,64.43,synthetic,deterministic demo generator,26.5,52.5,2.62,307,0,synthetic,deterministic demo generator
2025-12-19T03:00:00+05:30,demo-centroid,Synthetic centroid demo,18.625,73.84,66.92,synthetic,deterministic demo generator,27.54,49.39,2.62,307,0,synthetic,deterministic demo generator
2025-12-19T04:00:00+05:30,demo-centroid,Synthetic centroid demo,18.625,73.84,68.83,synthetic,deterministic demo generator,28.33,47.01,2.62,307,0,synthetic,deterministic demo generator
2025-12-19T05:00:00+05:30,demo-centroid,Synthetic centroid demo,18.625,73.84,70.03,synthetic,deterministic demo generator,28.83,45.51,2.62,307,0,synthetic,deterministic demo generator
2025-12-19T06:00:00+05:30,demo-centroid,Synthetic centroid demo,18.625,73.84,70.43,synthetic,deterministic demo generator,29.0,45.0,2.62,307,0,synthetic,deterministic demo generator
2025-12-19T07:00:00+05:30,demo-centroid,Synthetic centroid demo,18.625,73.84,70.03,synthetic,deterministic demo generator,28.83,45.51,2.62,307,0,synthetic,deterministic demo generator
2025-12-19T08:00:00+05:30,demo-centroid,Synthetic centroid demo,18.625,73.84,68.83,synthetic,deterministic demo generator,28.33,47.01,2.62,307,0,synthetic,deterministic demo generator
2025-12-19T09:00:00+05:30,demo-centroid,Synthetic centroid demo,18.625,73.84,66.92,synthetic,deterministic demo generator,27.54,49.39,2.62,307,0,synthetic,deterministic demo generator
2025-12-19T10:00:00+05:30,demo-centroid,Synthetic centroid demo,18.625,73.84,64.43,synthetic,deterministic demo generator,26.5,52.5,2.62,307,0,synthetic,deterministic demo generator
2025-12-19T11:00:00+05:30,demo-centroid,Synthetic centroid demo,18.625,73.84,61.54,synthetic,deterministic demo generator,25.29,56.12,2.62,307,0,synthetic,deterministic demo generator
2025-12-19T12:00:00+05:30,demo-centroid,Synthetic centroid demo,18.625,73.84,58.43,synthetic,deterministic demo generator,24.0,60.0,2.62,307,0,synthetic,deterministic demo generator
2025-12-19T13:00:00+05:30,demo-centroid,Synthetic centroid demo,18.625,73.84,55.33,synthetic,deterministic demo generator,22.71,63.88,2.62,307,0,synthetic,deterministic demo generator
2025-12-19T14:00:00+05:30,demo-centroid,Synthetic centroid demo,18.625,73.84,52.43,synthetic,deterministic demo generator,21.5,67.5,2.62,307,0,synthetic,deterministic demo generator
2025-12-19T15:00:00+05:30,demo-centroid,Synthetic centroid demo,18.625,73.84,49.95,synthetic,deterministic demo generator,20.46,70.61,2.62,307,0,synthetic,deterministic demo generator
2025-12-19T16:00:00+05:30,demo-centroid,Synthetic centroid demo,18.625,73.84,48.04,synthetic,deterministic demo generator,19.67,72.99,2.62,307,0,synthetic,deterministic demo generator
2025-12-19T17:00:00+05:30,demo-centroid,Synthetic centroid demo,18.625,73.84,46.84,synthetic,deterministic demo generator,19.17,74.49,2.62,307,0,synthetic,deterministic demo generator
2025-12-19T18:00:00+05:30,demo-centroid,Synthetic centroid demo,18.625,73.84,46.43,synthetic,deterministic demo generator,19.0,75.0,2.62,307,0,synthetic,deterministic demo generator
2025-12-19T19:00:00+05:30,demo-centroid,Synthetic centroid demo,18.625,73.84,46.84,synthetic,deterministic demo generator,19.17,74.49,2.62,307,0,synthetic,deterministic demo generator
2025-12-19T20:00:00+05:30,demo-centroid,Synthetic centroid demo,18.625,73.84,48.04,synthetic,deterministic demo generator,19.67,72.99,2.62,307,0,synthetic,deterministic demo generator
2025-12-19T21:00:00+05:30,demo-centroid,Synthetic centroid demo,18.625,73.84,49.95,synthetic,deterministic demo generator,20.46,70.61,2.62,307,0,synthetic,deterministic demo generator
2025-12-19T22:00:00+05:30,demo-centroid,Synthetic centroid demo,18.625,73.84,52.43,synthetic,deterministic demo generator,21.5,67.5,2.62,307,0,synthetic,deterministic demo generator
2025-12-19T23:00:00+05:30,demo-centroid,Synthetic centroid demo,18.625,73.84,55.33,synthetic,deterministic demo generator,22.71,63.88,2.62,307,0,synthetic,deterministic demo generator
2025-12-20T00:00:00+05:30,demo-centroid,Synthetic centroid demo,18.625,73.84,59.46,synthetic,deterministic demo generator,24.0,60.0,2.41,320,0,synthetic,deterministic demo generator
2025-12-20T01:00:00+05:30,demo-centroid,Synthetic centroid demo,18.625,73.84,62.56,synthetic,deterministic demo generator,25.29,56.12,2.41,320,0,synthetic,deterministic demo generator
2025-12-20T02:00:00+05:30,demo-centroid,Synthetic centroid demo,18.625,73.84,65.46,synthetic,deterministic demo generator,26.5,52.5,2.41,320,0,synthetic,deterministic demo generator
2025-12-20T03:00:00+05:30,demo-centroid,Synthetic centroid demo,18.625,73.84,67.94,synthetic,deterministic demo generator,27.54,49.39,2.41,320,0,synthetic,deterministic demo generator
2025-12-20T04:00:00+05:30,demo-centroid,Synthetic centroid demo,18.625,73.84,69.85,synthetic,deterministic demo generator,28.33,47.01,2.41,320,0,synthetic,deterministic demo generator
2025-12-20T05:00:00+05:30,demo-centroid,Synthetic centroid demo,18.625,73.84,71.05,synthetic,deterministic demo generator,28.83,45.51,2.41,320,0,synthetic,deterministic demo generator
2025-12-20T06:00:00+05:30,demo-centroid,Synthetic centroid demo,18.625,73.84,71.46,synthetic,deterministic demo generator,29.0,45.0,2.41,320,0,synthetic,deterministic demo generator
2025-12-20T07:00:00+05:30,demo-centroid,Synthetic centroid demo,18.625,73.84,71.05,synthetic,deterministic demo generator,28.83,45.51,2.41,320,0,synthetic,deterministic demo generator
2025-12-20T08:00:00+05:30,demo-centroid,Synthetic centroid demo,18.625,73.84,69.85,synthetic,deterministic demo generator,28.33,47.01,2.41,320,0,synthetic,deterministic demo generator
2025-12-20T09:00:00+05:30,demo-centroid,Synthetic centroid demo,18.625,73.84,67.94,synthetic,deterministic demo generator,27.54,49.39,2.41,320,0,synthetic,deterministic demo generator
2025-12-20T10:00:00+05:30,demo-centroid,Synthetic centroid demo,18.625,73.84,65.46,synthetic,deterministic demo generator,26.5,52.5,2.41,320,0,synthetic,deterministic demo generator
2025-12-20T11:00:00+05:30,demo-centroid,Synthetic centroid demo,18.625,73.84,62.56,synthetic,deterministic demo generator,25.29,56.12,2.41,320,0,synthetic,deterministic demo generator
2025-12-20T12:00:00+05:30,demo-centroid,Synthetic centroid demo,18.625,73.84,59.46,synthetic,deterministic demo generator,24.0,60.0,2.41,320,0,synthetic,deterministic demo generator
2025-12-20T13:00:00+05:30,demo-centroid,Synthetic centroid demo,18.625,73.84,56.35,synthetic,deterministic demo generator,22.71,63.88,2.41,320,0,synthetic,deterministic demo generator
2025-12-20T14:00:00+05:30,demo-centroid,Synthetic centroid demo,18.625,73.84,53.46,synthetic,deterministic demo generator,21.5,67.5,2.41,320,0,synthetic,deterministic demo generator
2025-12-20T15:00:00+05:30,demo-centroid,Synthetic centroid demo,18.625,73.84,50.97,synthetic,deterministic demo generator,20.46,70.61,2.41,320,0,synthetic,deterministic demo generator
2025-12-20T16:00:00+05:30,demo-centroid,Synthetic centroid demo,18.625,73.84,49.07,synthetic,deterministic demo generator,19.67,72.99,2.41,320,0,synthetic,deterministic demo generator
2025-12-20T17:00:00+05:30,demo-centroid,Synthetic centroid demo,18.625,73.84,47.87,synthetic,deterministic demo generator,19.17,74.49,2.41,320,0,synthetic,deterministic demo generator
2025-12-20T18:00:00+05:30,demo-centroid,Synthetic centroid demo,18.625,73.84,47.46,synthetic,deterministic demo generator,19.0,75.0,2.41,320,0,synthetic,deterministic demo generator
2025-12-20T19:00:00+05:30,demo-centroid,Synthetic centroid demo,18.625,73.84,47.87,synthetic,deterministic demo generator,19.17,74.49,2.41,320,0,synthetic,deterministic demo generator
2025-12-20T20:00:00+05:30,demo-centroid,Synthetic centroid demo,18.625,73.84,49.07,synthetic,deterministic demo generator,19.67,72.99,2.41,320,0,synthetic,deterministic demo generator
2025-12-20T21:00:00+05:30,demo-centroid,Synthetic centroid demo,18.625,73.84,50.97,synthetic,deterministic demo generator,20.46,70.61,2.41,320,0,synthetic,deterministic demo generator
2025-12-20T22:00:00+05:30,demo-centroid,Synthetic centroid demo,18.625,73.84,53.46,synthetic,deterministic demo generator,21.5,67.5,2.41,320,0,synthetic,deterministic demo generator
2025-12-20T23:00:00+05:30,demo-centroid,Synthetic centroid demo,18.625,73.84,56.35,synthetic,deterministic demo generator,22.71,63.88,2.41,320,0,synthetic,deterministic demo generator
2025-12-21T00:00:00+05:30,demo-centroid,Synthetic centroid demo,18.625,73.84,60.35,synthetic,deterministic demo generator,24.0,60.0,2.17,333,0,synthetic,deterministic demo generator
2025-12-21T01:00:00+05:30,demo-centroid,Synthetic centroid demo,18.625,73.84,63.45,synthetic,deterministic demo generator,25.29,56.12,2.17,333,0,synthetic,deterministic demo generator
2025-12-21T02:00:00+05:30,demo-centroid,Synthetic centroid demo,18.625,73.84,66.35,synthetic,deterministic demo generator,26.5,52.5,2.17,333,0,synthetic,deterministic demo generator
2025-12-21T03:00:00+05:30,demo-centroid,Synthetic centroid demo,18.625,73.84,68.83,synthetic,deterministic demo generator,27.54,49.39,2.17,333,0,synthetic,deterministic demo generator
2025-12-21T04:00:00+05:30,demo-centroid,Synthetic centroid demo,18.625,73.84,70.74,synthetic,deterministic demo generator,28.33,47.01,2.17,333,0,synthetic,deterministic demo generator
2025-12-21T05:00:00+05:30,demo-centroid,Synthetic centroid demo,18.625,73.84,71.94,synthetic,deterministic demo generator,28.83,45.51,2.17,333,0,synthetic,deterministic demo generator
2025-12-21T06:00:00+05:30,demo-centroid,Synthetic centroid demo,18.625,73.84,72.35,synthetic,deterministic demo generator,29.0,45.0,2.17,333,0,synthetic,deterministic demo generator
2025-12-21T07:00:00+05:30,demo-centroid,Synthetic centroid demo,18.625,73.84,71.94,synthetic,deterministic demo generator,28.83,45.51,2.17,333,0,synthetic,deterministic demo generator
2025-12-21T08:00:00+05:30,demo-centroid,Synthetic centroid demo,18.625,73.84,70.74,synthetic,deterministic demo generator,28.33,47.01,2.17,333,0,synthetic,deterministic demo generator
2025-12-21T09:00:00+05:30,demo-centroid,Synthetic centroid demo,18.625,73.84,68.83,synthetic,deterministic demo generator,27.54,49.39,2.17,333,0,synthetic,deterministic demo generator
2025-12-21T10:00:00+05:30,demo-centroid,Synthetic centroid demo,18.625,73.84,66.35,synthetic,deterministic demo generator,26.5,52.5,2.17,333,0,synthetic,deterministic demo generator
2025-12-21T11:00:00+05:30,demo-centroid,Synthetic centroid demo,18.625,73.84,63.45,synthetic,deterministic demo generator,25.29,56.12,2.17,333,0,synthetic,deterministic demo generator
2025-12-21T12:00:00+05:30,demo-centroid,Synthetic centroid demo,18.625,73.84,60.35,synthetic,deterministic demo generator,24.0,60.0,2.17,333,0,synthetic,deterministic demo generator
2025-12-21T13:00:00+05:30,demo-centroid,Synthetic centroid demo,18.625,73.84,57.24,synthetic,deterministic demo generator,22.71,63.88,2.17,333,0,synthetic,deterministic demo generator
2025-12-21T14:00:00+05:30,demo-centroid,Synthetic centroid demo,18.625,73.84,54.35,synthetic,deterministic demo generator,21.5,67.5,2.17,333,0,synthetic,deterministic demo generator
2025-12-21T15:00:00+05:30,demo-centroid,Synthetic centroid demo,18.625,73.84,51.86,synthetic,deterministic demo generator,20.46,70.61,2.17,333,0,synthetic,deterministic demo generator
2025-12-21T16:00:00+05:30,demo-centroid,Synthetic centroid demo,18.625,73.84,49.95,synthetic,deterministic demo generator,19.67,72.99,2.17,333,0,synthetic,deterministic demo generator
2025-12-21T17:00:00+05:30,demo-centroid,Synthetic centroid demo,18.625,73.84,48.76,synthetic,deterministic demo generator,19.17,74.49,2.17,333,0,synthetic,deterministic demo generator
2025-12-21T18:00:00+05:30,demo-centroid,Synthetic centroid demo,18.625,73.84,48.35,synthetic,deterministic demo generator,19.0,75.0,2.17,333,0,synthetic,deterministic demo generator
2025-12-21T19:00:00+05:30,demo-centroid,Synthetic centroid demo,18.625,73.84,48.76,synthetic,deterministic demo generator,19.17,74.49,2.17,333,0,synthetic,deterministic demo generator
2025-12-21T20:00:00+05:30,demo-centroid,Synthetic centroid demo,18.625,73.84,49.95,synthetic,deterministic demo generator,19.67,72.99,2.17,333,0,synthetic,deterministic demo generator
2025-12-21T21:00:00+05:30,demo-centroid,Synthetic centroid demo,18.625,73.84,51.86,synthetic,deterministic demo generator,20.46,70.61,2.17,333,0,synthetic,deterministic demo generator
2025-12-21T22:00:00+05:30,demo-centroid,Synthetic centroid demo,18.625,73.84,54.35,synthetic,deterministic demo generator,21.5,67.5,2.17,333,0,synthetic,deterministic demo generator
2025-12-21T23:00:00+05:30,demo-centroid,Synthetic centroid demo,18.625,73.84,57.24,synthetic,deterministic demo generator,22.71,63.88,2.17,333,0,synthetic,deterministic demo generator
2025-12-22T00:00:00+05:30,demo-centroid,Synthetic centroid demo,18.625,73.84,61.08,synthetic,deterministic demo generator,24.0,60.0,1.92,346,0,synthetic,deterministic demo generator
2025-12-22T01:00:00+05:30,demo-centroid,Synthetic centroid demo,18.625,73.84,64.19,synthetic,deterministic demo generator,25.29,56.12,1.92,346,0,synthetic,deterministic demo generator
2025-12-22T02:00:00+05:30,demo-centroid,Synthetic centroid demo,18.625,73.84,67.08,synthetic,deterministic demo generator,26.5,52.5,1.92,346,0,synthetic,deterministic demo generator
2025-12-22T03:00:00+05:30,demo-centroid,Synthetic centroid demo,18.625,73.84,69.56,synthetic,deterministic demo generator,27.54,49.39,1.92,346,0,synthetic,deterministic demo generator
2025-12-22T04:00:00+05:30,demo-centroid,Synthetic centroid demo,18.625,73.84,71.47,synthetic,deterministic demo generator,28.33,47.01,1.92,346,0,synthetic,deterministic demo generator
2025-12-22T05:00:00+05:30,demo-centroid,Synthetic centroid demo,18.625,73.84,72.67,synthetic,deterministic demo generator,28.83,45.51,1.92,346,0,synthetic,deterministic demo generator
2025-12-22T06:00:00+05:30,demo-centroid,Synthetic centroid demo,18.625,73.84,73.08,synthetic,deterministic demo generator,29.0,45.0,1.92,346,0,synthetic,deterministic demo generator
2025-12-22T07:00:00+05:30,demo-centroid,Synthetic centroid demo,18.625,73.84,72.67,synthetic,deterministic demo generator,28.83,45.51,1.92,346,0,synthetic,deterministic demo generator
2025-12-22T08:00:00+05:30,demo-centroid,Synthetic centroid demo,18.625,73.84,71.47,synthetic,deterministic demo generator,28.33,47.01,1.92,346,0,synthetic,deterministic demo generator
2025-12-22T09:00:00+05:30,demo-centroid,Synthetic centroid demo,18.625,73.84,69.56,synthetic,deterministic demo generator,27.54,49.39,1.92,346,0,synthetic,deterministic demo generator
2025-12-22T10:00:00+05:30,demo-centroid,Synthetic centroid demo,18.625,73.84,67.08,synthetic,deterministic demo generator,26.5,52.5,1.92,346,0,synthetic,deterministic demo generator
2025-12-22T11:00:00+05:30,demo-centroid,Synthetic centroid demo,18.625,73.84,64.19,synthetic,deterministic demo generator,25.29,56.12,1.92,346,0,synthetic,deterministic demo generator
2025-12-22T12:00:00+05:30,demo-centroid,Synthetic centroid demo,18.625,73.84,61.08,synthetic,deterministic demo generator,24.0,60.0,1.92,346,0,synthetic,deterministic demo generator
2025-12-22T13:00:00+05:30,demo-centroid,Synthetic centroid demo,18.625,73.84,57.97,synthetic,deterministic demo generator,22.71,63.88,1.92,346,0,synthetic,deterministic demo generator
2025-12-22T14:00:00+05:30,demo-centroid,Synthetic centroid demo,18.625,73.84,55.08,synthetic,deterministic demo generator,21.5,67.5,1.92,346,0,synthetic,deterministic demo generator
2025-12-22T15:00:00+05:30,demo-centroid,Synthetic centroid demo,18.625,73.84,52.59,synthetic,deterministic demo generator,20.46,70.61,1.92,346,0,synthetic,deterministic demo generator
2025-12-22T16:00:00+05:30,demo-centroid,Synthetic centroid demo,18.625,73.84,50.69,synthetic,deterministic demo generator,19.67,72.99,1.92,346,0,synthetic,deterministic demo generator
2025-12-22T17:00:00+05:30,demo-centroid,Synthetic centroid demo,18.625,73.84,49.49,synthetic,deterministic demo generator,19.17,74.49,1.92,346,0,synthetic,deterministic demo generator
2025-12-22T18:00:00+05:30,demo-centroid,Synthetic centroid demo,18.625,73.84,49.08,synthetic,deterministic demo generator,19.0,75.0,1.92,346,0,synthetic,deterministic demo generator
2025-12-22T19:00:00+05:30,demo-centroid,Synthetic centroid demo,18.625,73.84,49.49,synthetic,deterministic demo generator,19.17,74.49,1.92,346,0,synthetic,deterministic demo generator
2025-12-22T20:00:00+05:30,demo-centroid,Synthetic centroid demo,18.625,73.84,50.69,synthetic,deterministic demo generator,19.67,72.99,1.92,346,0,synthetic,deterministic demo generator
2025-12-22T21:00:00+05:30,demo-centroid,Synthetic centroid demo,18.625,73.84,52.59,synthetic,deterministic demo generator,20.46,70.61,1.92,346,0,synthetic,deterministic demo generator
2025-12-22T22:00:00+05:30,demo-centroid,Synthetic centroid demo,18.625,73.84,55.08,synthetic,deterministic demo generator,21.5,67.5,1.92,346,0,synthetic,deterministic demo generator
2025-12-22T23:00:00+05:30,demo-centroid,Synthetic centroid demo,18.625,73.84,57.97,synthetic,deterministic demo generator,22.71,63.88,1.92,346,0,synthetic,deterministic demo generator
2025-12-23T00:00:00+05:30,demo-centroid,Synthetic centroid demo,18.625,73.84,61.64,synthetic,deterministic demo generator,24.0,60.0,1.68,359,0,synthetic,deterministic demo generator
2025-12-23T01:00:00+05:30,demo-centroid,Synthetic centroid demo,18.625,73.84,64.75,synthetic,deterministic demo generator,25.29,56.12,1.68,359,0,synthetic,deterministic demo generator
2025-12-23T02:00:00+05:30,demo-centroid,Synthetic centroid demo,18.625,73.84,67.64,synthetic,deterministic demo generator,26.5,52.5,1.68,359,0,synthetic,deterministic demo generator
2025-12-23T03:00:00+05:30,demo-centroid,Synthetic centroid demo,18.625,73.84,70.12,synthetic,deterministic demo generator,27.54,49.39,1.68,359,0,synthetic,deterministic demo generator
2025-12-23T04:00:00+05:30,demo-centroid,Synthetic centroid demo,18.625,73.84,72.03,synthetic,deterministic demo generator,28.33,47.01,1.68,359,0,synthetic,deterministic demo generator
2025-12-23T05:00:00+05:30,demo-centroid,Synthetic centroid demo,18.625,73.84,73.23,synthetic,deterministic demo generator,28.83,45.51,1.68,359,0,synthetic,deterministic demo generator
2025-12-23T06:00:00+05:30,demo-centroid,Synthetic centroid demo,18.625,73.84,73.64,synthetic,deterministic demo generator,29.0,45.0,1.68,359,0,synthetic,deterministic demo generator
2025-12-23T07:00:00+05:30,demo-centroid,Synthetic centroid demo,18.625,73.84,73.23,synthetic,deterministic demo generator,28.83,45.51,1.68,359,0,synthetic,deterministic demo generator
2025-12-23T08:00:00+05:30,demo-centroid,Synthetic centroid demo,18.625,73.84,72.03,synthetic,deterministic demo generator,28.33,47.01,1.68,359,0,synthetic,deterministic demo generator
2025-12-23T09:00:00+05:30,demo-centroid,Synthetic centroid demo,18.625,73.84,70.12,synthetic,deterministic demo generator,27.54,49.39,1.68,359,0,synthetic,deterministic demo generator
2025-12-23T10:00:00+05:30,demo-centroid,Synthetic centroid demo,18.625,73.84,67.64,synthetic,deterministic demo generator,26.5,52.5,1.68,359,0,synthetic,deterministic demo generator
2025-12-23T11:00:00+05:30,demo-centroid,Synthetic centroid demo,18.625,73.84,64.75,synthetic,deterministic demo generator,25.29,56.12,1.68,359,0,synthetic,deterministic demo generator
2025-12-23T12:00:00+05:30,demo-centroid,Synthetic centroid demo,18.625,73.84,61.64,synthetic,deterministic demo generator,24.0,60.0,1.68,359,0,synthetic,deterministic demo generator
2025-12-23T13:00:00+05:30,demo-centroid,Synthetic centroid demo,18.625,73.84,58.53,synthetic,deterministic demo generator,22.71,63.88,1.68,359,0,synthetic,deterministic demo generator
2025-12-23T14:00:00+05:30,demo-centroid,Synthetic centroid demo,18.625,73.84,55.64,synthetic,deterministic demo generator,21.5,67.5,1.68,359,0,synthetic,deterministic demo generator
2025-12-23T15:00:00+05:30,demo-centroid,Synthetic centroid demo,18.625,73.84,53.15,synthetic,deterministic demo generator,20.46,70.61,1.68,359,0,synthetic,deterministic demo generator
2025-12-23T16:00:00+05:30,demo-centroid,Synthetic centroid demo,18.625,73.84,51.25,synthetic,deterministic demo generator,19.67,72.99,1.68,359,0,synthetic,deterministic demo generator
2025-12-23T17:00:00+05:30,demo-centroid,Synthetic centroid demo,18.625,73.84,50.05,synthetic,deterministic demo generator,19.17,74.49,1.68,359,0,synthetic,deterministic demo generator
2025-12-23T18:00:00+05:30,demo-centroid,Synthetic centroid demo,18.625,73.84,49.64,synthetic,deterministic demo generator,19.0,75.0,1.68,359,0,synthetic,deterministic demo generator
2025-12-23T19:00:00+05:30,demo-centroid,Synthetic centroid demo,18.625,73.84,50.05,synthetic,deterministic demo generator,19.17,74.49,1.68,359,0,synthetic,deterministic demo generator
2025-12-23T20:00:00+05:30,demo-centroid,Synthetic centroid demo,18.625,73.84,51.25,synthetic,deterministic demo generator,19.67,72.99,1.68,359,0,synthetic,deterministic demo generator
2025-12-23T21:00:00+05:30,demo-centroid,Synthetic centroid demo,18.625,73.84,53.15,synthetic,deterministic demo generator,20.46,70.61,1.68,359,0,synthetic,deterministic demo generator
2025-12-23T22:00:00+05:30,demo-centroid,Synthetic centroid demo,18.625,73.84,55.64,synthetic,deterministic demo generator,21.5,67.5,1.68,359,0,synthetic,deterministic demo generator
2025-12-23T23:00:00+05:30,demo-centroid,Synthetic centroid demo,18.625,73.84,58.53,synthetic,deterministic demo generator,22.71,63.88,1.68,359,0,synthetic,deterministic demo generator
2025-12-24T00:00:00+05:30,demo-centroid,Synthetic centroid demo,18.625,73.84,62.01,synthetic,deterministic demo generator,24.0,60.0,1.45,12,0,synthetic,deterministic demo generator
2025-12-24T01:00:00+05:30,demo-centroid,Synthetic centroid demo,18.625,73.84,65.12,synthetic,deterministic demo generator,25.29,56.12,1.45,12,0,synthetic,deterministic demo generator
2025-12-24T02:00:00+05:30,demo-centroid,Synthetic centroid demo,18.625,73.84,68.01,synthetic,deterministic demo generator,26.5,52.5,1.45,12,0,synthetic,deterministic demo generator
2025-12-24T03:00:00+05:30,demo-centroid,Synthetic centroid demo,18.625,73.84,70.5,synthetic,deterministic demo generator,27.54,49.39,1.45,12,0,synthetic,deterministic demo generator
2025-12-24T04:00:00+05:30,demo-centroid,Synthetic centroid demo,18.625,73.84,72.41,synthetic,deterministic demo generator,28.33,47.01,1.45,12,0,synthetic,deterministic demo generator
2025-12-24T05:00:00+05:30,demo-centroid,Synthetic centroid demo,18.625,73.84,73.61,synthetic,deterministic demo generator,28.83,45.51,1.45,12,0,synthetic,deterministic demo generator
2025-12-24T06:00:00+05:30,demo-centroid,Synthetic centroid demo,18.625,73.84,74.01,synthetic,deterministic demo generator,29.0,45.0,1.45,12,0,synthetic,deterministic demo generator
2025-12-24T07:00:00+05:30,demo-centroid,Synthetic centroid demo,18.625,73.84,73.61,synthetic,deterministic demo generator,28.83,45.51,1.45,12,0,synthetic,deterministic demo generator
2025-12-24T08:00:00+05:30,demo-centroid,Synthetic centroid demo,18.625,73.84,72.41,synthetic,deterministic demo generator,28.33,47.01,1.45,12,0,synthetic,deterministic demo generator
2025-12-24T09:00:00+05:30,demo-centroid,Synthetic centroid demo,18.625,73.84,70.5,synthetic,deterministic demo generator,27.54,49.39,1.45,12,0,synthetic,deterministic demo generator
2025-12-24T10:00:00+05:30,demo-centroid,Synthetic centroid demo,18.625,73.84,68.01,synthetic,deterministic demo generator,26.5,52.5,1.45,12,0,synthetic,deterministic demo generator
2025-12-24T11:00:00+05:30,demo-centroid,Synthetic centroid demo,18.625,73.84,65.12,synthetic,deterministic demo generator,25.29,56.12,1.45,12,0,synthetic,deterministic demo generator
2025-12-24T12:00:00+05:30,demo-centroid,Synthetic centroid demo,18.625,73.84,62.01,synthetic,deterministic demo generator,24.0,60.0,1.45,12,0,synthetic,deterministic demo generator
2025-12-24T13:00:00+05:30,demo-centroid,Synthetic centroid demo,18.625,73.84,58.91,synthetic,deterministic demo generator,22.71,63.88,1.45,12,0,synthetic,deterministic demo generator
2025-12-24T14:00:00+05:30,demo-centroid,Synthetic centroid demo,18.625,73.84,56.01,synthetic,deterministic demo generator,21.5,67.5,1.45,12,0,synthetic,deterministic demo generator
2025-12-24T15:00:00+05:30,demo-centroid,Synthetic centroid demo,18.625,73.84,53.53,synthetic,deterministic demo generator,20.46,70.61,1.45,12,0,synthetic,deterministic demo generator
2025-12-24T16:00:00+05:30,demo-centroid,Synthetic centroid demo,18.625,73.84,51.62,synthetic,deterministic demo generator,19.67,72.99,1.45,12,0,synthetic,deterministic demo generator
2025-12-24T17:00:00+05:30,demo-centroid,Synthetic centroid demo,18.625,73.84,50.42,synthetic,deterministic demo generator,19.17,74.49,1.45,12,0,synthetic,deterministic demo generator
2025-12-24T18:00:00+05:30,demo-centroid,Synthetic centroid demo,18.625,73.84,50.01,synthetic,deterministic demo generator,19.0,75.0,1.45,12,0,synthetic,deterministic demo generator
2025-12-24T19:00:00+05:30,demo-centroid,Synthetic centroid demo,18.625,73.84,50.42,synthetic,deterministic demo generator,19.17,74.49,1.45,12,0,synthetic,deterministic demo generator
2025-12-24T20:00:00+05:30,demo-centroid,Synthetic centroid demo,18.625,73.84,51.62,synthetic,deterministic demo generator,19.67,72.99,1.45,12,0,synthetic,deterministic demo generator
2025-12-24T21:00:00+05:30,demo-centroid,Synthetic centroid demo,18.625,73.84,53.53,synthetic,deterministic demo generator,20.46,70.61,1.45,12,0,synthetic,deterministic demo generator
2025-12-24T22:00:00+05:30,demo-centroid,Synthetic centroid demo,18.625,73.84,56.01,synthetic,deterministic demo generator,21.5,67.5,1.45,12,0,synthetic,deterministic demo generator
2025-12-24T23:00:00+05:30,demo-centroid,Synthetic centroid demo,18.625,73.84,58.91,synthetic,deterministic demo generator,22.71,63.88,1.45,12,0,synthetic,deterministic demo generator
2025-12-25T00:00:00+05:30,demo-centroid,Synthetic centroid demo,18.625,73.84,62.2,synthetic,deterministic demo generator,24.0,60.0,1.26,25,0,synthetic,deterministic demo generator
2025-12-25T01:00:00+05:30,demo-centroid,Synthetic centroid demo,18.625,73.84,65.3,synthetic,deterministic demo generator,25.29,56.12,1.26,25,0,synthetic,deterministic demo generator
2025-12-25T02:00:00+05:30,demo-centroid,Synthetic centroid demo,18.625,73.84,68.2,synthetic,deterministic demo generator,26.5,52.5,1.26,25,0,synthetic,deterministic demo generator
2025-12-25T03:00:00+05:30,demo-centroid,Synthetic centroid demo,18.625,73.84,70.68,synthetic,deterministic demo generator,27.54,49.39,1.26,25,0,synthetic,deterministic demo generator
2025-12-25T04:00:00+05:30,demo-centroid,Synthetic centroid demo,18.625,73.84,72.59,synthetic,deterministic demo generator,28.33,47.01,1.26,25,0,synthetic,deterministic demo generator
2025-12-25T05:00:00+05:30,demo-centroid,Synthetic centroid demo,18.625,73.84,73.79,synthetic,deterministic demo generator,28.83,45.51,1.26,25,0,synthetic,deterministic demo generator
2025-12-25T06:00:00+05:30,demo-centroid,Synthetic centroid demo,18.625,73.84,74.2,synthetic,deterministic demo generator,29.0,45.0,1.26,25,0,synthetic,deterministic demo generator
2025-12-25T07:00:00+05:30,demo-centroid,Synthetic centroid demo,18.625,73.84,73.79,synthetic,deterministic demo generator,28.83,45.51,1.26,25,0,synthetic,deterministic demo generator
2025-12-25T08:00:00+05:30,demo-centroid,Synthetic centroid demo,18.625,73.84,72.59,synthetic,deterministic demo generator,28.33,47.01,1.26,25,0,synthetic,deterministic demo generator
2025-12-25T09:00:00+05:30,demo-centroid,Synthetic centroid demo,18.625,73.84,70.68,synthetic,deterministic demo generator,27.54,49.39,1.26,25,0,synthetic,deterministic demo generator
2025-12-25T10:00:00+05:30,demo-centroid,Synthetic centroid demo,18.625,73.84,68.2,synthetic,deterministic demo generator,26.5,52.5,1.26,25,0,synthetic,deterministic demo generator
2025-12-25T11:00:00+05:30,demo-centroid,Synthetic centroid demo,18.625,73.84,65.3,synthetic,deterministic demo generator,25.29,56.12,1.26,25,0,synthetic,deterministic demo generator
2025-12-25T12:00:00+05:30,demo-centroid,Synthetic centroid demo,18.625,73.84,62.2,synthetic,deterministic demo generator,24.0,60.0,1.26,25,0,synthetic,deterministic demo generator
2025-12-25T13:00:00+05:30,demo-centroid,Synthetic centroid demo,18.625,73.84,59.09,synthetic,deterministic demo generator,22.71,63.88,1.26,25,0,synthetic,deterministic demo generator
2025-12-25T14:00:00+05:30,demo-centroid,Synthetic centroid demo,18.625,73.84,56.2,synthetic,deterministic demo generator,21.5,67.5,1.26,25,0,synthetic,deterministic demo generator
2025-12-25T15:00:00+05:30,demo-centroid,Synthetic centroid demo,18.625,73.84,53.71,synthetic,deterministic demo generator,20.46,70.61,1.26,25,1.2,synthetic,deterministic demo generator
2025-12-25T16:00:00+05:30,demo-centroid,Synthetic centroid demo,18.625,73.84,51.8,synthetic,deterministic demo generator,19.67,72.99,1.26,25,0,synthetic,deterministic demo generator
2025-12-25T17:00:00+05:30,demo-centroid,Synthetic centroid demo,18.625,73.84,50.61,synthetic,deterministic demo generator,19.17,74.49,1.26,25,0,synthetic,deterministic demo generator
2025-12-25T18:00:00+05:30,demo-centroid,Synthetic centroid demo,18.625,73.84,50.2,synthetic,deterministic demo generator,19.0,75.0,1.26,25,0,synthetic,deterministic demo generator
2025-12-25T19:00:00+05:30,demo-centroid,Synthetic centroid demo,18.625,73.84,50.61,synthetic,deterministic demo generator,19.17,74.49,1.26,25,0,synthetic,deterministic demo generator
2025-12-25T20:00:00+05:30,demo-centroid,Synthetic centroid demo,18.625,73.84,51.8,synthetic,deterministic demo generator,19.67,72.99,1.26,25,0,synthetic,deterministic demo generator
2025-12-25T21:00:00+05:30,demo-centroid,Synthetic centroid demo,18.625,73.84,53.71,synthetic,deterministic demo generator,20.46,70.61,1.26,25,0,synthetic,deterministic demo generator
2025-12-25T22:00:00+05:30,demo-centroid,Synthetic centroid demo,18.625,73.84,56.2,synthetic,deterministic demo generator,21.5,67.5,1.26,25,0,synthetic,deterministic demo generator
2025-12-25T23:00:00+05:30,demo-centroid,Synthetic centroid demo,18.625,73.84,59.09,synthetic,deterministic demo generator,22.71,63.88,1.26,25,0,synthetic,deterministic demo generator
2025-12-26T00:00:00+05:30,demo-centroid,Synthetic centroid demo,18.625,73.84,62.19,synthetic,deterministic demo generator,24.0,60.0,1.12,38,0,synthetic,deterministic demo generator
2025-12-26T01:00:00+05:30,demo-centroid,Synthetic centroid demo,18.625,73.84,65.29,synthetic,deterministic demo generator,25.29,56.12,1.12,38,0,synthetic,deterministic demo generator
2025-12-26T02:00:00+05:30,demo-centroid,Synthetic centroid demo,18.625,73.84,68.19,synthetic,deterministic demo generator,26.5,52.5,1.12,38,0,synthetic,deterministic demo generator
2025-12-26T03:00:00+05:30,demo-centroid,Synthetic centroid demo,18.625,73.84,70.67,synthetic,deterministic demo generator,27.54,49.39,1.12,38,0,synthetic,deterministic demo generator
2025-12-26T04:00:00+05:30,demo-centroid,Synthetic centroid demo,18.625,73.84,72.58,synthetic,deterministic demo generator,28.33,47.01,1.12,38,0,synthetic,deterministic demo generator
2025-12-26T05:00:00+05:30,demo-centroid,Synthetic centroid demo,18.625,73.84,73.78,synthetic,deterministic demo generator,28.83,45.51,1.12,38,0,synthetic,deterministic demo generator
2025-12-26T06:00:00+05:30,demo-centroid,Synthetic centroid demo,18.625,73.84,74.19,synthetic,deterministic demo generator,29.0,45.0,1.12,38,0,synthetic,deterministic demo generator
2025-12-26T07:00:00+05:30,demo-centroid,Synthetic centroid demo,18.625,73.84,73.78,synthetic,deterministic demo generator,28.83,45.51,1.12,38,0,synthetic,deterministic demo generator
2025-12-26T08:00:00+05:30,demo-centroid,Synthetic centroid demo,18.625,73.84,72.58,synthetic,deterministic demo generator,28.33,47.01,1.12,38,0,synthetic,deterministic demo generator
2025-12-26T09:00:00+05:30,demo-centroid,Synthetic centroid demo,18.625,73.84,70.67,synthetic,deterministic demo generator,27.54,49.39,1.12,38,0,synthetic,deterministic demo generator
2025-12-26T10:00:00+05:30,demo-centroid,Synthetic centroid demo,18.625,73.84,68.19,synthetic,deterministic demo generator,26.5,52.5,1.12,38,0,synthetic,deterministic demo generator
2025-12-26T11:00:00+05:30,demo-centroid,Synthetic centroid demo,18.625,73.84,65.29,synthetic,deterministic demo generator,25.29,56.12,1.12,38,0,synthetic,deterministic demo generator
2025-12-26T12:00:00+05:30,demo-centroid,Synthetic centroid demo,18.625,73.84,62.19,synthetic,deterministic demo generator,24.0,60.0,1.12,38,0,synthetic,deterministic demo generator
2025-12-26T13:00:00+05:30,demo-centroid,Synthetic centroid demo,18.625,73.84,59.08,synthetic,deterministic demo generator,22.71,63.88,1.12,38,0,synthetic,deterministic demo generator
2025-12-26T14:00:00+05:30,demo-centroid,Synthetic centroid demo,18.625,73.84,56.19,synthetic,deterministic demo generator,21.5,67.5,1.12,38,0,synthetic,deterministic demo generator
2025-12-26T15:00:00+05:30,demo-centroid,Synthetic centroid demo,18.625,73.84,53.7,synthetic,deterministic demo generator,20.46,70.61,1.12,38,0,synthetic,deterministic demo generator
2025-12-26T16:00:00+05:30,demo-centroid,Synthetic centroid demo,18.625,73.84,51.79,synthetic,deterministic demo generator,19.67,72.99,1.12,38,0,synthetic,deterministic demo generator
2025-12-26T17:00:00+05:30,demo-centroid,Synthetic centroid demo,18.625,73.84,50.59,synthetic,deterministic demo generator,19.17,74.49,1.12,38,0,synthetic,deterministic demo generator
2025-12-26T18:00:00+05:30,demo-centroid,Synthetic centroid demo,18.625,73.84,50.19,synthetic,deterministic demo generator,19.0,75.0,1.12,38,0,synthetic,deterministic demo generator
2025-12-26T19:00:00+05:30,demo-centroid,Synthetic centroid demo,18.625,73.84,50.59,synthetic,deterministic demo generator,19.17,74.49,1.12,38,0,synthetic,deterministic demo generator
2025-12-26T20:00:00+05:30,demo-centroid,Synthetic centroid demo,18.625,73.84,51.79,synthetic,deterministic demo generator,19.67,72.99,1.12,38,0,synthetic,deterministic demo generator
2025-12-26T21:00:00+05:30,demo-centroid,Synthetic centroid demo,18.625,73.84,53.7,synthetic,deterministic demo generator,20.46,70.61,1.12,38,0,synthetic,deterministic demo generator
2025-12-26T22:00:00+05:30,demo-centroid,Synthetic centroid demo,18.625,73.84,56.19,synthetic,deterministic demo generator,21.5,67.5,1.12,38,0,synthetic,deterministic demo generator
2025-12-26T23:00:00+05:30,demo-centroid,Synthetic centroid demo,18.625,73.84,59.08,synthetic,deterministic demo generator,22.71,63.88,1.12,38,0,synthetic,deterministic demo generator
2025-12-27T00:00:00+05:30,demo-centroid,Synthetic centroid demo,18.625,73.84,61.98,synthetic,deterministic demo generator,24.0,60.0,1.03,51,0,synthetic,deterministic demo generator
2025-12-27T01:00:00+05:30,demo-centroid,Synthetic centroid demo,18.625,73.84,65.09,synthetic,deterministic demo generator,25.29,56.12,1.03,51,0,synthetic,deterministic demo generator
2025-12-27T02:00:00+05:30,demo-centroid,Synthetic centroid demo,18.625,73.84,67.98,synthetic,deterministic demo generator,26.5,52.5,1.03,51,0,synthetic,deterministic demo generator
2025-12-27T03:00:00+05:30,demo-centroid,Synthetic centroid demo,18.625,73.84,70.47,synthetic,deterministic demo generator,27.54,49.39,1.03,51,0,synthetic,deterministic demo generator
2025-12-27T04:00:00+05:30,demo-centroid,Synthetic centroid demo,18.625,73.84,72.38,synthetic,deterministic demo generator,28.33,47.01,1.03,51,0,synthetic,deterministic demo generator
2025-12-27T05:00:00+05:30,demo-centroid,Synthetic centroid demo,18.625,73.84,73.58,synthetic,deterministic demo generator,28.83,45.51,1.03,51,0,synthetic,deterministic demo generator
2025-12-27T06:00:00+05:30,demo-centroid,Synthetic centroid demo,18.625,73.84,73.98,synthetic,deterministic demo generator,29.0,45.0,1.03,51,0,synthetic,deterministic demo generator
2025-12-27T07:00:00+05:30,demo-centroid,Synthetic centroid demo,18.625,73.84,73.58,synthetic,deterministic demo generator,28.83,45.51,1.03,51,0,synthetic,deterministic demo generator
2025-12-27T08:00:00+05:30,demo-centroid,Synthetic centroid demo,18.625,73.84,72.38,synthetic,deterministic demo generator,28.33,47.01,1.03,51,0,synthetic,deterministic demo generator
2025-12-27T09:00:00+05:30,demo-centroid,Synthetic centroid demo,18.625,73.84,70.47,synthetic,deterministic demo generator,27.54,49.39,1.03,51,0,synthetic,deterministic demo generator
2025-12-27T10:00:00+05:30,demo-centroid,Synthetic centroid demo,18.625,73.84,67.98,synthetic,deterministic demo generator,26.5,52.5,1.03,51,0,synthetic,deterministic demo generator
2025-12-27T11:00:00+05:30,demo-centroid,Synthetic centroid demo,18.625,73.84,65.09,synthetic,deterministic demo generator,25.29,56.12,1.03,51,0,synthetic,deterministic demo generator
2025-12-27T12:00:00+05:30,demo-centroid,Synthetic centroid demo,18.625,73.84,61.98,synthetic,deterministic demo generator,24.0,60.0,1.03,51,0,synthetic,deterministic demo generator
2025-12-27T13:00:00+05:30,demo-centroid,Synthetic centroid demo,18.625,73.84,58.88,synthetic,deterministic demo generator,22.71,63.88,1.03,51,0,synthetic,deterministic demo generator
2025-12-27T14:00:00+05:30,demo-centroid,Synthetic centroid demo,18.625,73.84,55.98,synthetic,deterministic demo generator,21.5,67.5,1.03,51,0,synthetic,deterministic demo generator
2025-12-27T15:00:00+05:30,demo-centroid,Synthetic centroid demo,18.625,73.84,53.5,synthetic,deterministic demo generator,20.46,70.61,1.03,51,0,synthetic,deterministic demo generator
2025-12-27T16:00:00+05:30,demo-centroid,Synthetic centroid demo,18.625,73.84,51.59,synthetic,deterministic demo generator,19.67,72.99,1.03,51,0,synthetic,deterministic demo generator
2025-12-27T17:00:00+05:30,demo-centroid,Synthetic centroid demo,18.625,73.84,50.39,synthetic,deterministic demo generator,19.17,74.49,1.03,51,0,synthetic,deterministic demo generator
2025-12-27T18:00:00+05:30,demo-centroid,Synthetic centroid demo,18.625,73.84,49.98,synthetic,deterministic demo generator,19.0,75.0,1.03,51,0,synthetic,deterministic demo generator
2025-12-27T19:00:00+05:30,demo-centroid,Synthetic centroid demo,18.625,73.84,50.39,synthetic,deterministic demo generator,19.17,74.49,1.03,51,0,synthetic,deterministic demo generator
2025-12-27T20:00:00+05:30,demo-centroid,Synthetic centroid demo,18.625,73.84,51.59,synthetic,deterministic demo generator,19.67,72.99,1.03,51,0,synthetic,deterministic demo generator
2025-12-27T21:00:00+05:30,demo-centroid,Synthetic centroid demo,18.625,73.84,53.5,synthetic,deterministic demo generator,20.46,70.61,1.03,51,0,synthetic,deterministic demo generator
2025-12-27T22:00:00+05:30,demo-centroid,Synthetic centroid demo,18.625,73.84,55.98,synthetic,deterministic demo generator,21.5,67.5,1.03,51,0,synthetic,deterministic demo generator
2025-12-27T23:00:00+05:30,demo-centroid,Synthetic centroid demo,18.625,73.84,58.88,synthetic,deterministic demo generator,22.71,63.88,1.03,51,0,synthetic,deterministic demo generator
2025-12-28T00:00:00+05:30,demo-centroid,Synthetic centroid demo,18.625,73.84,61.6,synthetic,deterministic demo generator,24.0,60.0,1.0,64,0,synthetic,deterministic demo generator
2025-12-28T01:00:00+05:30,demo-centroid,Synthetic centroid demo,18.625,73.84,64.71,synthetic,deterministic demo generator,25.29,56.12,1.0,64,0,synthetic,deterministic demo generator
2025-12-28T02:00:00+05:30,demo-centroid,Synthetic centroid demo,18.625,73.84,67.6,synthetic,deterministic demo generator,26.5,52.5,1.0,64,0,synthetic,deterministic demo generator
2025-12-28T03:00:00+05:30,demo-centroid,Synthetic centroid demo,18.625,73.84,70.09,synthetic,deterministic demo generator,27.54,49.39,1.0,64,0,synthetic,deterministic demo generator
2025-12-28T04:00:00+05:30,demo-centroid,Synthetic centroid demo,18.625,73.84,71.99,synthetic,deterministic demo generator,28.33,47.01,1.0,64,0,synthetic,deterministic demo generator
2025-12-28T05:00:00+05:30,demo-centroid,Synthetic centroid demo,18.625,73.84,73.19,synthetic,deterministic demo generator,28.83,45.51,1.0,64,0,synthetic,deterministic demo generator
2025-12-28T06:00:00+05:30,demo-centroid,Synthetic centroid demo,18.625,73.84,73.6,synthetic,deterministic demo generator,29.0,45.0,1.0,64,0,synthetic,deterministic demo generator
2025-12-28T07:00:00+05:30,demo-centroid,Synthetic centroid demo,18.625,73.84,73.19,synthetic,deterministic demo generator,28.83,45.51,1.0,64,0,synthetic,deterministic demo generator
2025-12-28T08:00:00+05:30,demo-centroid,Synthetic centroid demo,18.625,73.84,71.99,synthetic,deterministic demo generator,28.33,47.01,1.0,64,0,synthetic,deterministic demo generator
2025-12-28T09:00:00+05:30,demo-centroid,Synthetic centroid demo,18.625,73.84,70.09,synthetic,deterministic demo generator,27.54,49.39,1.0,64,0,synthetic,deterministic demo generator
2025-12-28T10:00:00+05:30,demo-centroid,Synthetic centroid demo,18.625,73.84,67.6,synthetic,deterministic demo generator,26.5,52.5,1.0,64,0,synthetic,deterministic demo generator
2025-12-28T11:00:00+05:30,demo-centroid,Synthetic centroid demo,18.625,73.84,64.71,synthetic,deterministic demo generator,25.29,56.12,1.0,64,0,synthetic,deterministic demo generator
2025-12-28T12:00:00+05:30,demo-centroid,Synthetic centroid demo,18.625,73.84,61.6,synthetic,deterministic demo generator,24.0,60.0,1.0,64,0,synthetic,deterministic demo generator
2025-12-28T13:00:00+05:30,demo-centroid,Synthetic centroid demo,18.625,73.84,58.5,synthetic,deterministic demo generator,22.71,63.88,1.0,64,0,synthetic,deterministic demo generator
2025-12-28T14:00:00+05:30,demo-centroid,Synthetic centroid demo,18.625,73.84,55.6,synthetic,deterministic demo generator,21.5,67.5,1.0,64,0,synthetic,deterministic demo generator
2025-12-28T15:00:00+05:30,demo-centroid,Synthetic centroid demo,18.625,73.84,53.12,synthetic,deterministic demo generator,20.46,70.61,1.0,64,0,synthetic,deterministic demo generator
2025-12-28T16:00:00+05:30,demo-centroid,Synthetic centroid demo,18.625,73.84,51.21,synthetic,deterministic demo generator,19.67,72.99,1.0,64,0,synthetic,deterministic demo generator
2025-12-28T17:00:00+05:30,demo-centroid,Synthetic centroid demo,18.625,73.84,50.01,synthetic,deterministic demo generator,19.17,74.49,1.0,64,0,synthetic,deterministic demo generator
2025-12-28T18:00:00+05:30,demo-centroid,Synthetic centroid demo,18.625,73.84,49.6,synthetic,deterministic demo generator,19.0,75.0,1.0,64,0,synthetic,deterministic demo generator
2025-12-28T19:00:00+05:30,demo-centroid,Synthetic centroid demo,18.625,73.84,50.01,synthetic,deterministic demo generator,19.17,74.49,1.0,64,0,synthetic,deterministic demo generator
2025-12-28T20:00:00+05:30,demo-centroid,Synthetic centroid demo,18.625,73.84,51.21,synthetic,deterministic demo generator,19.67,72.99,1.0,64,0,synthetic,deterministic demo generator
2025-12-28T21:00:00+05:30,demo-centroid,Synthetic centroid demo,18.625,73.84,53.12,synthetic,deterministic demo generator,20.46,70.61,1.0,64,0,synthetic,deterministic demo generator
2025-12-28T22:00:00+05:30,demo-centroid,Synthetic centroid demo,18.625,73.84,55.6,synthetic,deterministic demo generator,21.5,67.5,1.0,64,0,synthetic,deterministic demo generator
2025-12-28T23:00:00+05:30,demo-centroid,Synthetic centroid demo,18.625,73.84,58.5,synthetic,deterministic demo generator,22.71,63.88,1.0,64,0,synthetic,deterministic demo generator
2025-12-29T00:00:00+05:30,demo-centroid,Synthetic centroid demo,18.625,73.84,61.05,synthetic,deterministic demo generator,24.0,60.0,1.03,77,0,synthetic,deterministic demo generator
2025-12-29T01:00:00+05:30,demo-centroid,Synthetic centroid demo,18.625,73.84,64.16,synthetic,deterministic demo generator,25.29,56.12,1.03,77,0,synthetic,deterministic demo generator
2025-12-29T02:00:00+05:30,demo-centroid,Synthetic centroid demo,18.625,73.84,67.05,synthetic,deterministic demo generator,26.5,52.5,1.03,77,0,synthetic,deterministic demo generator
2025-12-29T03:00:00+05:30,demo-centroid,Synthetic centroid demo,18.625,73.84,69.54,synthetic,deterministic demo generator,27.54,49.39,1.03,77,0,synthetic,deterministic demo generator
2025-12-29T04:00:00+05:30,demo-centroid,Synthetic centroid demo,18.625,73.84,71.44,synthetic,deterministic demo generator,28.33,47.01,1.03,77,0,synthetic,deterministic demo generator
2025-12-29T05:00:00+05:30,demo-centroid,Synthetic centroid demo,18.625,73.84,72.64,synthetic,deterministic demo generator,28.83,45.51,1.03,77,0,synthetic,deterministic demo generator
2025-12-29T06:00:00+05:30,demo-centroid,Synthetic centroid demo,18.625,73.84,73.05,synthetic,deterministic demo generator,29.0,45.0,1.03,77,0,synthetic,deterministic demo generator
2025-12-29T07:00:00+05:30,demo-centroid,Synthetic centroid demo,18.625,73.84,72.64,synthetic,deterministic demo generator,28.83,45.51,1.03,77,0,synthetic,deterministic demo generator
2025-12-29T08:00:00+05:30,demo-centroid,Synthetic centroid demo,18.625,73.84,71.44,synthetic,deterministic demo generator,28.33,47.01,1.03,77,0,synthetic,deterministic demo generator
2025-12-29T09:00:00+05:30,demo-centroid,Synthetic centroid demo,18.625,73.84,69.54,synthetic,deterministic demo generator,27.54,49.39,1.03,77,0,synthetic,deterministic demo generator
2025-12-29T10:00:00+05:30,demo-centroid,Synthetic centroid demo,18.625,73.84,67.05,synthetic,deterministic demo generator,26.5,52.5,1.03,77,0,synthetic,deterministic demo generator
2025-12-29T11:00:00+05:30,demo-centroid,Synthetic centroid demo,18.625,73.84,64.16,synthetic,deterministic demo generator,25.29,56.12,1.03,77,0,synthetic,deterministic demo generator
2025-12-29T12:00:00+05:30,demo-centroid,Synthetic centroid demo,18.625,73.84,61.05,synthetic,deterministic demo generator,24.0,60.0,1.03,77,0,synthetic,deterministic demo generator
2025-12-29T13:00:00+05:30,demo-centroid,Synthetic centroid demo,18.625,73.84,57.95,synthetic,deterministic demo generator,22.71,63.88,1.03,77,0,synthetic,deterministic demo generator
2025-12-29T14:00:00+05:30,demo-centroid,Synthetic centroid demo,18.625,73.84,55.05,synthetic,deterministic demo generator,21.5,67.5,1.03,77,0,synthetic,deterministic demo generator
2025-12-29T15:00:00+05:30,demo-centroid,Synthetic centroid demo,18.625,73.84,52.57,synthetic,deterministic demo generator,20.46,70.61,1.03,77,0,synthetic,deterministic demo generator
2025-12-29T16:00:00+05:30,demo-centroid,Synthetic centroid demo,18.625,73.84,50.66,synthetic,deterministic demo generator,19.67,72.99,1.03,77,0,synthetic,deterministic demo generator
2025-12-29T17:00:00+05:30,demo-centroid,Synthetic centroid demo,18.625,73.84,49.46,synthetic,deterministic demo generator,19.17,74.49,1.03,77,0,synthetic,deterministic demo generator
2025-12-29T18:00:00+05:30,demo-centroid,Synthetic centroid demo,18.625,73.84,49.05,synthetic,deterministic demo generator,19.0,75.0,1.03,77,0,synthetic,deterministic demo generator
2025-12-29T19:00:00+05:30,demo-centroid,Synthetic centroid demo,18.625,73.84,49.46,synthetic,deterministic demo generator,19.17,74.49,1.03,77,0,synthetic,deterministic demo generator
2025-12-29T20:00:00+05:30,demo-centroid,Synthetic centroid demo,18.625,73.84,50.66,synthetic,deterministic demo generator,19.67,72.99,1.03,77,0,synthetic,deterministic demo generator
2025-12-29T21:00:00+05:30,demo-centroid,Synthetic centroid demo,18.625,73.84,52.57,synthetic,deterministic demo generator,20.46,70.61,1.03,77,0,synthetic,deterministic demo generator
2025-12-29T22:00:00+05:30,demo-centroid,Synthetic centroid demo,18.625,73.84,55.05,synthetic,deterministic demo generator,21.5,67.5,1.03,77,0,synthetic,deterministic demo generator
2025-12-29T23:00:00+05:30,demo-centroid,Synthetic centroid demo,18.625,73.84,57.95,synthetic,deterministic demo generator,22.71,63.88,1.03,77,0,synthetic,deterministic demo generator
2025-12-30T00:00:00+05:30,demo-centroid,Synthetic centroid demo,18.625,73.84,60.35,synthetic,deterministic demo generator,24.0,60.0,1.13,90,0,synthetic,deterministic demo generator
2025-12-30T01:00:00+05:30,demo-centroid,Synthetic centroid demo,18.625,73.84,63.46,synthetic,deterministic demo generator,25.29,56.12,1.13,90,0,synthetic,deterministic demo generator
2025-12-30T02:00:00+05:30,demo-centroid,Synthetic centroid demo,18.625,73.84,66.35,synthetic,deterministic demo generator,26.5,52.5,1.13,90,0,synthetic,deterministic demo generator
2025-12-30T03:00:00+05:30,demo-centroid,Synthetic centroid demo,18.625,73.84,68.84,synthetic,deterministic demo generator,27.54,49.39,1.13,90,0,synthetic,deterministic demo generator
2025-12-30T04:00:00+05:30,demo-centroid,Synthetic centroid demo,18.625,73.84,70.74,synthetic,deterministic demo generator,28.33,47.01,1.13,90,0,synthetic,deterministic demo generator
2025-12-30T05:00:00+05:30,demo-centroid,Synthetic centroid demo,18.625,73.84,71.94,synthetic,deterministic demo generator,28.83,45.51,1.13,90,0,synthetic,deterministic demo generator
2025-12-30T06:00:00+05:30,demo-centroid,Synthetic centroid demo,18.625,73.84,72.35,synthetic,deterministic demo generator,29.0,45.0,1.13,90,0,synthetic,deterministic demo generator
2025-12-30T07:00:00+05:30,demo-centroid,Synthetic centroid demo,18.625,73.84,71.94,synthetic,deterministic demo generator,28.83,45.51,1.13,90,0,synthetic,deterministic demo generator
2025-12-30T08:00:00+05:30,demo-centroid,Synthetic centroid demo,18.625,73.84,70.74,synthetic,deterministic demo generator,28.33,47.01,1.13,90,0,synthetic,deterministic demo generator
2025-12-30T09:00:00+05:30,demo-centroid,Synthetic centroid demo,18.625,73.84,68.84,synthetic,deterministic demo generator,27.54,49.39,1.13,90,0,synthetic,deterministic demo generator
2025-12-30T10:00:00+05:30,demo-centroid,Synthetic centroid demo,18.625,73.84,66.35,synthetic,deterministic demo generator,26.5,52.5,1.13,90,0,synthetic,deterministic demo generator
2025-12-30T11:00:00+05:30,demo-centroid,Synthetic centroid demo,18.625,73.84,63.46,synthetic,deterministic demo generator,25.29,56.12,1.13,90,0,synthetic,deterministic demo generator
2025-12-30T12:00:00+05:30,demo-centroid,Synthetic centroid demo,18.625,73.84,60.35,synthetic,deterministic demo generator,24.0,60.0,1.13,90,0,synthetic,deterministic demo generator
2025-12-30T13:00:00+05:30,demo-centroid,Synthetic centroid demo,18.625,73.84,57.25,synthetic,deterministic demo generator,22.71,63.88,1.13,90,0,synthetic,deterministic demo generator
2025-12-30T14:00:00+05:30,demo-centroid,Synthetic centroid demo,18.625,73.84,54.35,synthetic,deterministic demo generator,21.5,67.5,1.13,90,0,synthetic,deterministic demo generator
2025-12-30T15:00:00+05:30,demo-centroid,Synthetic centroid demo,18.625,73.84,51.87,synthetic,deterministic demo generator,20.46,70.61,1.13,90,0,synthetic,deterministic demo generator
2025-12-30T16:00:00+05:30,demo-centroid,Synthetic centroid demo,18.625,73.84,49.96,synthetic,deterministic demo generator,19.67,72.99,1.13,90,0,synthetic,deterministic demo generator
2025-12-30T17:00:00+05:30,demo-centroid,Synthetic centroid demo,18.625,73.84,48.76,synthetic,deterministic demo generator,19.17,74.49,1.13,90,0,synthetic,deterministic demo generator
2025-12-30T18:00:00+05:30,demo-centroid,Synthetic centroid demo,18.625,73.84,48.35,synthetic,deterministic demo generator,19.0,75.0,1.13,90,0,synthetic,deterministic demo generator
2025-12-30T19:00:00+05:30,demo-centroid,Synthetic centroid demo,18.625,73.84,48.76,synthetic,deterministic demo generator,19.17,74.49,1.13,90,0,synthetic,deterministic demo generator
2025-12-30T20:00:00+05:30,demo-centroid,Synthetic centroid demo,18.625,73.84,49.96,synthetic,deterministic demo generator,19.67,72.99,1.13,90,0,synthetic,deterministic demo generator
2025-12-30T21:00:00+05:30,demo-centroid,Synthetic centroid demo,18.625,73.84,51.87,synthetic,deterministic demo generator,20.46,70.61,1.13,90,0,synthetic,deterministic demo generator
2025-12-30T22:00:00+05:30,demo-centroid,Synthetic centroid demo,18.625,73.84,54.35,synthetic,deterministic demo generator,21.5,67.5,1.13,90,0,synthetic,deterministic demo generator
2025-12-30T23:00:00+05:30,demo-centroid,Synthetic centroid demo,18.625,73.84,57.25,synthetic,deterministic demo generator,22.71,63.88,1.13,90,0,synthetic,deterministic demo generator
2025-12-31T00:00:00+05:30,demo-centroid,Synthetic centroid demo,18.625,73.84,59.53,synthetic,deterministic demo generator,24.0,60.0,1.27,103,0,synthetic,deterministic demo generator
2025-12-31T01:00:00+05:30,demo-centroid,Synthetic centroid demo,18.625,73.84,62.63,synthetic,deterministic demo generator,25.29,56.12,1.27,103,0,synthetic,deterministic demo generator
2025-12-31T02:00:00+05:30,demo-centroid,Synthetic centroid demo,18.625,73.84,65.53,synthetic,deterministic demo generator,26.5,52.5,1.27,103,0,synthetic,deterministic demo generator
2025-12-31T03:00:00+05:30,demo-centroid,Synthetic centroid demo,18.625,73.84,68.01,synthetic,deterministic demo generator,27.54,49.39,1.27,103,0,synthetic,deterministic demo generator
2025-12-31T04:00:00+05:30,demo-centroid,Synthetic centroid demo,18.625,73.84,69.92,synthetic,deterministic demo generator,28.33,47.01,1.27,103,0,synthetic,deterministic demo generator
2025-12-31T05:00:00+05:30,demo-centroid,Synthetic centroid demo,18.625,73.84,71.12,synthetic,deterministic demo generator,28.83,45.51,1.27,103,0,synthetic,deterministic demo generator
2025-12-31T06:00:00+05:30,demo-centroid,Synthetic centroid demo,18.625,73.84,71.53,synthetic,deterministic demo generator,29.0,45.0,1.27,103,0,synthetic,deterministic demo generator
2025-12-31T07:00:00+05:30,demo-centroid,Synthetic centroid demo,18.625,73.84,71.12,synthetic,deterministic demo generator,28.83,45.51,1.27,103,0,synthetic,deterministic demo generator
2025-12-31T08:00:00+05:30,demo-centroid,Synthetic centroid demo,18.625,73.84,69.92,synthetic,deterministic demo generator,28.33,47.01,1.27,103,0,synthetic,deterministic demo generator
2025-12-31T09:00:00+05:30,demo-centroid,Synthetic centroid demo,18.625,73.84,68.01,synthetic,deterministic demo generator,27.54,49.39,1.27,103,0,synthetic,deterministic demo generator
2025-12-31T10:00:00+05:30,demo-centroid,Synthetic centroid demo,18.625,73.84,65.53,synthetic,deterministic demo generator,26.5,52.5,1.27,103,0,synthetic,deterministic demo generator
2025-12-31T11:00:00+05:30,demo-centroid,Synthetic centroid demo,18.625,73.84,62.63,synthetic,deterministic demo generator,25.29,56.12,1.27,103,0,synthetic,deterministic demo generator
2025-12-31T12:00:00+05:30,demo-centroid,Synthetic centroid demo,18.625,73.84,59.53,synthetic,deterministic demo generator,24.0,60.0,1.27,103,0,synthetic,deterministic demo generator
2025-12-31T13:00:00+05:30,demo-centroid,Synthetic centroid demo,18.625,73.84,56.42,synthetic,deterministic demo generator,22.71,63.88,1.27,103,0,synthetic,deterministic demo generator
2025-12-31T14:00:00+05:30,demo-centroid,Synthetic centroid demo,18.625,73.84,53.53,synthetic,deterministic demo generator,21.5,67.5,1.27,103,0,synthetic,deterministic demo generator
2025-12-31T15:00:00+05:30,demo-centroid,Synthetic centroid demo,18.625,73.84,51.04,synthetic,deterministic demo generator,20.46,70.61,1.27,103,0,synthetic,deterministic demo generator
2025-12-31T16:00:00+05:30,demo-centroid,Synthetic centroid demo,18.625,73.84,49.13,synthetic,deterministic demo generator,19.67,72.99,1.27,103,0,synthetic,deterministic demo generator
2025-12-31T17:00:00+05:30,demo-centroid,Synthetic centroid demo,18.625,73.84,47.94,synthetic,deterministic demo generator,19.17,74.49,1.27,103,0,synthetic,deterministic demo generator
2025-12-31T18:00:00+05:30,demo-centroid,Synthetic centroid demo,18.625,73.84,47.53,synthetic,deterministic demo generator,19.0,75.0,1.27,103,0,synthetic,deterministic demo generator
2025-12-31T19:00:00+05:30,demo-centroid,Synthetic centroid demo,18.625,73.84,47.94,synthetic,deterministic demo generator,19.17,74.49,1.27,103,0,synthetic,deterministic demo generator
2025-12-31T20:00:00+05:30,demo-centroid,Synthetic centroid demo,18.625,73.84,49.13,synthetic,deterministic demo generator,19.67,72.99,1.27,103,0,synthetic,deterministic demo generator
2025-12-31T21:00:00+05:30,demo-centroid,Synthetic centroid demo,18.625,73.84,51.04,synthetic,deterministic demo generator,20.46,70.61,1.27,103,0,synthetic,deterministic demo generator
2025-12-31T22:00:00+05:30,demo-centroid,Synthetic centroid demo,18.625,73.84,53.53,synthetic,deterministic demo generator,21.5,67.5,1.27,103,0,synthetic,deterministic demo generator
2025-12-31T23:00:00+05:30,demo-centroid,Synthetic centroid demo,18.625,73.84,56.42,synthetic,deterministic demo generator,22.71,63.88,1.27,103,0,synthetic,deterministic demo generator
2026-01-01T00:00:00+05:30,demo-centroid,Synthetic centroid demo,18.625,73.84,58.6,synthetic,deterministic demo generator,24.0,60.0,1.47,116,0,synthetic,deterministic demo generator
2026-01-01T01:00:00+05:30,demo-centroid,Synthetic centroid demo,18.625,73.84,61.71,synthetic,deterministic demo generator,25.29,56.12,1.47,116,0,synthetic,deterministic demo generator
2026-01-01T02:00:00+05:30,demo-centroid,Synthetic centroid demo,18.625,73.84,64.6,synthetic,deterministic demo generator,26.5,52.5,1.47,116,0,synthetic,deterministic demo generator
2026-01-01T03:00:00+05:30,demo-centroid,Synthetic centroid demo,18.625,73.84,67.09,synthetic,deterministic demo generator,27.54,49.39,1.47,116,0,synthetic,deterministic demo generator
2026-01-01T04:00:00+05:30,demo-centroid,Synthetic centroid demo,18.625,73.84,68.99,synthetic,deterministic demo generator,28.33,47.01,1.47,116,0,synthetic,deterministic demo generator
2026-01-01T05:00:00+05:30,demo-centroid,Synthetic centroid demo,18.625,73.84,70.19,synthetic,deterministic demo generator,28.83,45.51,1.47,116,0,synthetic,deterministic demo generator
2026-01-01T06:00:00+05:30,demo-centroid,Synthetic centroid demo,18.625,73.84,70.6,synthetic,deterministic demo generator,29.0,45.0,1.47,116,0,synthetic,deterministic demo generator
2026-01-01T07:00:00+05:30,demo-centroid,Synthetic centroid demo,18.625,73.84,70.19,synthetic,deterministic demo generator,28.83,45.51,1.47,116,0,synthetic,deterministic demo generator
2026-01-01T08:00:00+05:30,demo-centroid,Synthetic centroid demo,18.625,73.84,68.99,synthetic,deterministic demo generator,28.33,47.01,1.47,116,0,synthetic,deterministic demo generator
2026-01-01T09:00:00+05:30,demo-centroid,Synthetic centroid demo,18.625,73.84,67.09,synthetic,deterministic demo generator,27.54,49.39,1.47,116,0,synthetic,deterministic demo generator
2026-01-01T10:00:00+05:30,demo-centroid,Synthetic centroid demo,18.625,73.84,64.6,synthetic,deterministic demo generator,26.5,52.5,1.47,116,0,synthetic,deterministic demo generator
2026-01-01T11:00:00+05:30,demo-centroid,Synthetic centroid demo,18.625,73.84,61.71,synthetic,deterministic demo generator,25.29,56.12,1.47,116,0,synthetic,deterministic demo generator
2026-01-01T12:00:00+05:30,demo-centroid,Synthetic centroid demo,18.625,73.84,58.6,synthetic,deterministic demo generator,24.0,60.0,1.47,116,0,synthetic,deterministic demo generator
2026-01-01T13:00:00+05:30,demo-centroid,Synthetic centroid demo,18.625,73.84,55.5,synthetic,deterministic demo generator,22.71,63.88,1.47,116,0,synthetic,deterministic demo generator
2026-01-01T14:00:00+05:30,demo-centroid,Synthetic centroid demo,18.625,73.84,52.6,synthetic,deterministic demo generator,21.5,67.5,1.47,116,0,synthetic,deterministic demo generator
2026-01-01T15:00:00+05:30,demo-centroid,Synthetic centroid demo,18.625,73.84,50.12,synthetic,deterministic demo generator,20.46,70.61,1.47,116,0,synthetic,deterministic demo generator
2026-01-01T16:00:00+05:30,demo-centroid,Synthetic centroid demo,18.625,73.84,48.21,synthetic,deterministic demo generator,19.67,72.99,1.47,116,0,synthetic,deterministic demo generator
2026-01-01T17:00:00+05:30,demo-centroid,Synthetic centroid demo,18.625,73.84,47.01,synthetic,deterministic demo generator,19.17,74.49,1.47,116,0,synthetic,deterministic demo generator
2026-01-01T18:00:00+05:30,demo-centroid,Synthetic centroid demo,18.625,73.84,46.6,synthetic,deterministic demo generator,19.0,75.0,1.47,116,0,synthetic,deterministic demo generator
2026-01-01T19:00:00+05:30,demo-centroid,Synthetic centroid demo,18.625,73.84,47.01,synthetic,deterministic demo generator,19.17,74.49,1.47,116,0,synthetic,deterministic demo generator
2026-01-01T20:00:00+05:30,demo-centroid,Synthetic centroid demo,18.625,73.84,48.21,synthetic,deterministic demo generator,19.67,72.99,1.47,116,0,synthetic,deterministic demo generator
2026-01-01T21:00:00+05:30,demo-centroid,Synthetic centroid demo,18.625,73.84,50.12,synthetic,deterministic demo generator,20.46,70.61,1.47,116,0,synthetic,deterministic demo generator
2026-01-01T22:00:00+05:30,demo-centroid,Synthetic centroid demo,18.625,73.84,52.6,synthetic,deterministic demo generator,21.5,67.5,1.47,116,0,synthetic,deterministic demo generator
2026-01-01T23:00:00+05:30,demo-centroid,Synthetic centroid demo,18.625,73.84,55.5,synthetic,deterministic demo generator,22.71,63.88,1.47,116,0,synthetic,deterministic demo generator
2026-01-02T00:00:00+05:30,demo-centroid,Synthetic centroid demo,18.625,73.84,57.61,synthetic,deterministic demo generator,24.0,60.0,1.69,129,0,synthetic,deterministic demo generator
2026-01-02T01:00:00+05:30,demo-centroid,Synthetic centroid demo,18.625,73.84,60.71,synthetic,deterministic demo generator,25.29,56.12,1.69,129,0,synthetic,deterministic demo generator
2026-01-02T02:00:00+05:30,demo-centroid,Synthetic centroid demo,18.625,73.84,63.61,synthetic,deterministic demo generator,26.5,52.5,1.69,129,0,synthetic,deterministic demo generator
2026-01-02T03:00:00+05:30,demo-centroid,Synthetic centroid demo,18.625,73.84,66.09,synthetic,deterministic demo generator,27.54,49.39,1.69,129,0,synthetic,deterministic demo generator
2026-01-02T04:00:00+05:30,demo-centroid,Synthetic centroid demo,18.625,73.84,68.0,synthetic,deterministic demo generator,28.33,47.01,1.69,129,0,synthetic,deterministic demo generator
2026-01-02T05:00:00+05:30,demo-centroid,Synthetic centroid demo,18.625,73.84,69.2,synthetic,deterministic demo generator,28.83,45.51,1.69,129,0,synthetic,deterministic demo generator
2026-01-02T06:00:00+05:30,demo-centroid,Synthetic centroid demo,18.625,73.84,69.61,synthetic,deterministic demo generator,29.0,45.0,1.69,129,0,synthetic,deterministic demo generator
2026-01-02T07:00:00+05:30,demo-centroid,Synthetic centroid demo,18.625,73.84,69.2,synthetic,deterministic demo generator,28.83,45.51,1.69,129,0,synthetic,deterministic demo generator
2026-01-02T08:00:00+05:30,demo-centroid,Synthetic centroid demo,18.625,73.84,68.0,synthetic,deterministic demo generator,28.33,47.01,1.69,129,0,synthetic,deterministic demo generator
2026-01-02T09:00:00+05:30,demo-centroid,Synthetic centroid demo,18.625,73.84,66.09,synthetic,deterministic demo generator,27.54,49.39,1.69,129,0,synthetic,deterministic demo generator
2026-01-02T10:00:00+05:30,demo-centroid,Synthetic centroid demo,18.625,73.84,63.61,synthetic,deterministic demo generator,26.5,52.5,1.69,129,0,synthetic,deterministic demo generator
2026-01-02T11:00:00+05:30,demo-centroid,Synthetic centroid demo,18.625,73.84,60.71,synthetic,deterministic demo generator,25.29,56.12,1.69,129,0,synthetic,deterministic demo generator
2026-01-02T12:00:00+05:30,demo-centroid,Synthetic centroid demo,18.625,73.84,57.61,synthetic,deterministic demo generator,24.0,60.0,1.69,129,0,synthetic,deterministic demo generator
2026-01-02T13:00:00+05:30,demo-centroid,Synthetic centroid demo,18.625,73.84,54.5,synthetic,deterministic demo generator,22.71,63.88,1.69,129,0,synthetic,deterministic demo generator
2026-01-02T14:00:00+05:30,demo-centroid,Synthetic centroid demo,18.625,73.84,51.61,synthetic,deterministic demo generator,21.5,67.5,1.69,129,0,synthetic,deterministic demo generator
2026-01-02T15:00:00+05:30,demo-centroid,Synthetic centroid demo,18.625,73.84,49.12,synthetic,deterministic demo generator,20.46,70.61,1.69,129,0,synthetic,deterministic demo generator
2026-01-02T16:00:00+05:30,demo-centroid,Synthetic centroid demo,18.625,73.84,47.21,synthetic,deterministic demo generator,19.67,72.99,1.69,129,0,synthetic,deterministic demo generator
2026-01-02T17:00:00+05:30,demo-centroid,Synthetic centroid demo,18.625,73.84,46.01,synthetic,deterministic demo generator,19.17,74.49,1.69,129,0,synthetic,deterministic demo generator
2026-01-02T18:00:00+05:30,demo-centroid,Synthetic centroid demo,18.625,73.84,45.61,synthetic,deterministic demo generator,19.0,75.0,1.69,129,0,synthetic,deterministic demo generator
2026-01-02T19:00:00+05:30,demo-centroid,Synthetic centroid demo,18.625,73.84,46.01,synthetic,deterministic demo generator,19.17,74.49,1.69,129,0,synthetic,deterministic demo generator
2026-01-02T20:00:00+05:30,demo-centroid,Synthetic centroid demo,18.625,73.84,47.21,synthetic,deterministic demo generator,19.67,72.99,1.69,129,0,synthetic,deterministic demo generator
2026-01-02T21:00:00+05:30,demo-centroid,Synthetic centroid demo,18.625,73.84,49.12,synthetic,deterministic demo generator,20.46,70.61,1.69,129,0,synthetic,deterministic demo generator
2026-01-02T22:00:00+05:30,demo-centroid,Synthetic centroid demo,18.625,73.84,51.61,synthetic,deterministic demo generator,21.5,67.5,1.69,129,0,synthetic,deterministic demo generator
2026-01-02T23:00:00+05:30,demo-centroid,Synthetic centroid demo,18.625,73.84,54.5,synthetic,deterministic demo generator,22.71,63.88,1.69,129,0,synthetic,deterministic demo generator
2026-01-03T00:00:00+05:30,demo-centroid,Synthetic centroid demo,18.625,73.84,56.57,synthetic,deterministic demo generator,24.0,60.0,1.94,142,0,synthetic,deterministic demo generator
2026-01-03T01:00:00+05:30,demo-centroid,Synthetic centroid demo,18.625,73.84,59.67,synthetic,deterministic demo generator,25.29,56.12,1.94,142,0,synthetic,deterministic demo generator
2026-01-03T02:00:00+05:30,demo-centroid,Synthetic centroid demo,18.625,73.84,62.57,synthetic,deterministic demo generator,26.5,52.5,1.94,142,0,synthetic,deterministic demo generator
2026-01-03T03:00:00+05:30,demo-centroid,Synthetic centroid demo,18.625,73.84,65.05,synthetic,deterministic demo generator,27.54,49.39,1.94,142,0,synthetic,deterministic demo generator
2026-01-03T04:00:00+05:30,demo-centroid,Synthetic centroid demo,18.625,73.84,66.96,synthetic,deterministic demo generator,28.33,47.01,1.94,142,0,synthetic,deterministic demo generator
2026-01-03T05:00:00+05:30,demo-centroid,Synthetic centroid demo,18.625,73.84,68.16,synthetic,deterministic demo generator,28.83,45.51,1.94,142,0,synthetic,deterministic demo generator
2026-01-03T06:00:00+05:30,demo-centroid,Synthetic centroid demo,18.625,73.84,68.57,synthetic,deterministic demo generator,29.0,45.0,1.94,142,0,synthetic,deterministic demo generator
2026-01-03T07:00:00+05:30,demo-centroid,Synthetic centroid demo,18.625,73.84,68.16,synthetic,deterministic demo generator,28.83,45.51,1.94,142,0,synthetic,deterministic demo generator
2026-01-03T08:00:00+05:30,demo-centroid,Synthetic centroid demo,18.625,73.84,66.96,synthetic,deterministic demo generator,28.33,47.01,1.94,142,0,synthetic,deterministic demo generator
2026-01-03T09:00:00+05:30,demo-centroid,Synthetic centroid demo,18.625,73.84,65.05,synthetic,deterministic demo generator,27.54,49.39,1.94,142,0,synthetic,deterministic demo generator
2026-01-03T10:00:00+05:30,demo-centroid,Synthetic centroid demo,18.625,73.84,62.57,synthetic,deterministic demo generator,26.5,52.5,1.94,142,0,synthetic,deterministic demo generator
2026-01-03T11:00:00+05:30,demo-centroid,Synthetic centroid demo,18.625,73.84,59.67,synthetic,deterministic demo generator,25.29,56.12,1.94,142,0,synthetic,deterministic demo generator
2026-01-03T12:00:00+05:30,demo-centroid,Synthetic centroid demo,18.625,73.84,56.57,synthetic,deterministic demo generator,24.0,60.0,1.94,142,0,synthetic,deterministic demo generator
2026-01-03T13:00:00+05:30,demo-centroid,Synthetic centroid demo,18.625,73.84,53.46,synthetic,deterministic demo generator,22.71,63.88,1.94,142,0,synthetic,deterministic demo generator
2026-01-03T14:00:00+05:30,demo-centroid,Synthetic centroid demo,18.625,73.84,50.57,synthetic,deterministic demo generator,21.5,67.5,1.94,142,0,synthetic,deterministic demo generator
2026-01-03T15:00:00+05:30,demo-centroid,Synthetic centroid demo,18.625,73.84,48.08,synthetic,deterministic demo generator,20.46,70.61,1.94,142,0,synthetic,deterministic demo generator
2026-01-03T16:00:00+05:30,demo-centroid,Synthetic centroid demo,18.625,73.84,46.18,synthetic,deterministic demo generator,19.67,72.99,1.94,142,0,synthetic,deterministic demo generator
2026-01-03T17:00:00+05:30,demo-centroid,Synthetic centroid demo,18.625,73.84,44.98,synthetic,deterministic demo generator,19.17,74.49,1.94,142,0,synthetic,deterministic demo generator
2026-01-03T18:00:00+05:30,demo-centroid,Synthetic centroid demo,18.625,73.84,44.57,synthetic,deterministic demo generator,19.0,75.0,1.94,142,0,synthetic,deterministic demo generator
2026-01-03T19:00:00+05:30,demo-centroid,Synthetic centroid demo,18.625,73.84,44.98,synthetic,deterministic demo generator,19.17,74.49,1.94,142,0,synthetic,deterministic demo generator
2026-01-03T20:00:00+05:30,demo-centroid,Synthetic centroid demo,18.625,73.84,46.18,synthetic,deterministic demo generator,19.67,72.99,1.94,142,0,synthetic,deterministic demo generator
2026-01-03T21:00:00+05:30,demo-centroid,Synthetic centroid demo,18.625,73.84,48.08,synthetic,deterministic demo generator,20.46,70.61,1.94,142,0,synthetic,deterministic demo generator
2026-01-03T22:00:00+05:30,demo-centroid,Synthetic centroid demo,18.625,73.84,50.57,synthetic,deterministic demo generator,21.5,67.5,1.94,142,0,synthetic,deterministic demo generator
2026-01-03T23:00:00+05:30,demo-centroid,Synthetic centroid demo,18.625,73.84,53.46,synthetic,deterministic demo generator,22.71,63.88,1.94,142,0,synthetic,deterministic demo generator
2026-01-04T00:00:00+05:30,demo-centroid,Synthetic centroid demo,18.625,73.84,55.52,synthetic,deterministic demo generator,24.0,60.0,2.19,155,0,synthetic,deterministic demo generator
2026-01-04T01:00:00+05:30,demo-centroid,Synthetic centroid demo,18.625,73.84,58.63,synthetic,deterministic demo generator,25.29,56.12,2.19,155,0,synthetic,deterministic demo generator
2026-01-04T02:00:00+05:30,demo-centroid,Synthetic centroid demo,18.625,73.84,61.52,synthetic,deterministic demo generator,26.5,52.5,2.19,155,0,synthetic,deterministic demo generator
2026-01-04T03:00:00+05:30,demo-centroid,Synthetic centroid demo,18.625,73.84,64.01,synthetic,deterministic demo generator,27.54,49.39,2.19,155,0,synthetic,deterministic demo generator
2026-01-04T04:00:00+05:30,demo-centroid,Synthetic centroid demo,18.625,73.84,65.92,synthetic,deterministic demo generator,28.33,47.01,2.19,155,0,synthetic,deterministic demo generator
2026-01-04T05:00:00+05:30,demo-centroid,Synthetic centroid demo,18.625,73.84,67.12,synthetic,deterministic demo generator,28.83,45.51,2.19,155,0,synthetic,deterministic demo generator
2026-01-04T06:00:00+05:30,demo-centroid,Synthetic centroid demo,18.625,73.84,67.52,synthetic,deterministic demo generator,29.0,45.0,2.19,155,0,synthetic,deterministic demo generator
2026-01-04T07:00:00+05:30,demo-centroid,Synthetic centroid demo,18.625,73.84,67.12,synthetic,deterministic demo generator,28.83,45.51,2.19,155,0,synthetic,deterministic demo generator
2026-01-04T08:00:00+05:30,demo-centroid,Synthetic centroid demo,18.625,73.84,65.92,synthetic,deterministic demo generator,28.33,47.01,2.19,155,0,synthetic,deterministic demo generator
2026-01-04T09:00:00+05:30,demo-centroid,Synthetic centroid demo,18.625,73.84,64.01,synthetic,deterministic demo generator,27.54,49.39,2.19,155,0,synthetic,deterministic demo generator
2026-01-04T10:00:00+05:30,demo-centroid,Synthetic centroid demo,18.625,73.84,61.52,synthetic,deterministic demo generator,26.5,52.5,2.19,155,0,synthetic,deterministic demo generator
2026-01-04T11:00:00+05:30,demo-centroid,Synthetic centroid demo,18.625,73.84,58.63,synthetic,deterministic demo generator,25.29,56.12,2.19,155,0,synthetic,deterministic demo generator
2026-01-04T12:00:00+05:30,demo-centroid,Synthetic centroid demo,18.625,73.84,55.52,synthetic,deterministic demo generator,24.0,60.0,2.19,155,0,synthetic,deterministic demo generator
2026-01-04T13:00:00+05:30,demo-centroid,Synthetic centroid demo,18.625,73.84,52.42,synthetic,deterministic demo generator,22.71,63.88,2.19,155,0,synthetic,deterministic demo generator
2026-01-04T14:00:00+05:30,demo-centroid,Synthetic centroid demo,18.625,73.84,49.52,synthetic,deterministic demo generator,21.5,67.5,2.19,155,0,synthetic,deterministic demo generator
2026-01-04T15:00:00+05:30,demo-centroid,Synthetic centroid demo,18.625,73.84,47.04,synthetic,deterministic demo generator,20.46,70.61,2.19,155,0,synthetic,deterministic demo generator
2026-01-04T16:00:00+05:30,demo-centroid,Synthetic centroid demo,18.625,73.84,45.13,synthetic,deterministic demo generator,19.67,72.99,2.19,155,0,synthetic,deterministic demo generator
2026-01-04T17:00:00+05:30,demo-centroid,Synthetic centroid demo,18.625,73.84,43.93,synthetic,deterministic demo generator,19.17,74.49,2.19,155,0,synthetic,deterministic demo generator
2026-01-04T18:00:00+05:30,demo-centroid,Synthetic centroid demo,18.625,73.84,43.52,synthetic,deterministic demo generator,19.0,75.0,2.19,155,0,synthetic,deterministic demo generator
2026-01-04T19:00:00+05:30,demo-centroid,Synthetic centroid demo,18.625,73.84,43.93,synthetic,deterministic demo generator,19.17,74.49,2.19,155,0,synthetic,deterministic demo generator
2026-01-04T20:00:00+05:30,demo-centroid,Synthetic centroid demo,18.625,73.84,45.13,synthetic,deterministic demo generator,19.67,72.99,2.19,155,0,synthetic,deterministic demo generator
2026-01-04T21:00:00+05:30,demo-centroid,Synthetic centroid demo,18.625,73.84,47.04,synthetic,deterministic demo generator,20.46,70.61,2.19,155,0,synthetic,deterministic demo generator
2026-01-04T22:00:00+05:30,demo-centroid,Synthetic centroid demo,18.625,73.84,49.52,synthetic,deterministic demo generator,21.5,67.5,2.19,155,0,synthetic,deterministic demo generator
2026-01-04T23:00:00+05:30,demo-centroid,Synthetic centroid demo,18.625,73.84,52.42,synthetic,deterministic demo generator,22.71,63.88,2.19,155,0,synthetic,deterministic demo generator
2026-01-05T00:00:00+05:30,demo-centroid,Synthetic centroid demo,18.625,73.84,54.5,synthetic,deterministic demo generator,24.0,60.0,2.42,168,0,synthetic,deterministic demo generator
2026-01-05T01:00:00+05:30,demo-centroid,Synthetic centroid demo,18.625,73.84,57.61,synthetic,deterministic demo generator,25.29,56.12,2.42,168,0,synthetic,deterministic demo generator
2026-01-05T02:00:00+05:30,demo-centroid,Synthetic centroid demo,18.625,73.84,60.5,synthetic,deterministic demo generator,26.5,52.5,2.42,168,0,synthetic,deterministic demo generator
2026-01-05T03:00:00+05:30,demo-centroid,Synthetic centroid demo,18.625,73.84,62.99,synthetic,deterministic demo generator,27.54,49.39,2.42,168,0,synthetic,deterministic demo generator
2026-01-05T04:00:00+05:30,demo-centroid,Synthetic centroid demo,18.625,73.84,64.9,synthetic,deterministic demo generator,28.33,47.01,2.42,168,0,synthetic,deterministic demo generator
2026-01-05T05:00:00+05:30,demo-centroid,Synthetic centroid demo,18.625,73.84,66.1,synthetic,deterministic demo generator,28.83,45.51,2.42,168,0,synthetic,deterministic demo generator
2026-01-05T06:00:00+05:30,demo-centroid,Synthetic centroid demo,18.625,73.84,66.5,synthetic,deterministic demo generator,29.0,45.0,2.42,168,0,synthetic,deterministic demo generator
2026-01-05T07:00:00+05:30,demo-centroid,Synthetic centroid demo,18.625,73.84,66.1,synthetic,deterministic demo generator,28.83,45.51,2.42,168,0,synthetic,deterministic demo generator
2026-01-05T08:00:00+05:30,demo-centroid,Synthetic centroid demo,18.625,73.84,64.9,synthetic,deterministic demo generator,28.33,47.01,2.42,168,0,synthetic,deterministic demo generator
2026-01-05T09:00:00+05:30,demo-centroid,Synthetic centroid demo,18.625,73.84,62.99,synthetic,deterministic demo generator,27.54,49.39,2.42,168,0,synthetic,deterministic demo generator
2026-01-05T10:00:00+05:30,demo-centroid,Synthetic centroid demo,18.625,73.84,60.5,synthetic,deterministic demo generator,26.5,52.5,2.42,168,0,synthetic,deterministic demo generator
2026-01-05T11:00:00+05:30,demo-centroid,Synthetic centroid demo,18.625,73.84,57.61,synthetic,deterministic demo generator,25.29,56.12,2.42,168,0,synthetic,deterministic demo generator
2026-01-05T12:00:00+05:30,demo-centroid,Synthetic centroid demo,18.625,73.84,54.5,synthetic,deterministic demo generator,24.0,60.0,2.42,168,0,synthetic,deterministic demo generator
2026-01-05T13:00:00+05:30,demo-centroid,Synthetic centroid demo,18.625,73.84,51.4,synthetic,deterministic demo generator,22.71,63.88,2.42,168,0,synthetic,deterministic demo generator
2026-01-05T14:00:00+05:30,demo-centroid,Synthetic centroid demo,18.625,73.84,48.5,synthetic,deterministic demo generator,21.5,67.5,2.42,168,0,synthetic,deterministic demo generator
2026-01-05T15:00:00+05:30,demo-centroid,Synthetic centroid demo,18.625,73.84,46.02,synthetic,deterministic demo generator,20.46,70.61,2.42,168,0,synthetic,deterministic demo generator
2026-01-05T16:00:00+05:30,demo-centroid,Synthetic centroid demo,18.625,73.84,44.11,synthetic,deterministic demo generator,19.67,72.99,2.42,168,0,synthetic,deterministic demo generator
2026-01-05T17:00:00+05:30,demo-centroid,Synthetic centroid demo,18.625,73.84,42.91,synthetic,deterministic demo generator,19.17,74.49,2.42,168,0,synthetic,deterministic demo generator
2026-01-05T18:00:00+05:30,demo-centroid,Synthetic centroid demo,18.625,73.84,42.5,synthetic,deterministic demo generator,19.0,75.0,2.42,168,0,synthetic,deterministic demo generator
2026-01-05T19:00:00+05:30,demo-centroid,Synthetic centroid demo,18.625,73.84,42.91,synthetic,deterministic demo generator,19.17,74.49,2.42,168,0,synthetic,deterministic demo generator
2026-01-05T20:00:00+05:30,demo-centroid,Synthetic centroid demo,18.625,73.84,44.11,synthetic,deterministic demo generator,19.67,72.99,2.42,168,0,synthetic,deterministic demo generator
2026-01-05T21:00:00+05:30,demo-centroid,Synthetic centroid demo,18.625,73.84,46.02,synthetic,deterministic demo generator,20.46,70.61,2.42,168,0,synthetic,deterministic demo generator
2026-01-05T22:00:00+05:30,demo-centroid,Synthetic centroid demo,18.625,73.84,48.5,synthetic,deterministic demo generator,21.5,67.5,2.42,168,0,synthetic,deterministic demo generator
2026-01-05T23:00:00+05:30,demo-centroid,Synthetic centroid demo,18.625,73.84,51.4,synthetic,deterministic demo generator,22.71,63.88,2.42,168,0,synthetic,deterministic demo generator
2026-01-06T00:00:00+05:30,demo-centroid,Synthetic centroid demo,18.625,73.84,53.54,synthetic,deterministic demo generator,24.0,60.0,2.64,181,0,synthetic,deterministic demo generator
2026-01-06T01:00:00+05:30,demo-centroid,Synthetic centroid demo,18.625,73.84,56.65,synthetic,deterministic demo generator,25.29,56.12,2.64,181,0,synthetic,deterministic demo generator
2026-01-06T02:00:00+05:30,demo-centroid,Synthetic centroid demo,18.625,73.84,59.54,synthetic,deterministic demo generator,26.5,52.5,2.64,181,0,synthetic,deterministic demo generator
2026-01-06T03:00:00+05:30,demo-centroid,Synthetic centroid demo,18.625,73.84,62.03,synthetic,deterministic demo generator,27.54,49.39,2.64,181,0,synthetic,deterministic demo generator
2026-01-06T04:00:00+05:30,demo-centroid,Synthetic centroid demo,18.625,73.84,63.93,synthetic,deterministic demo generator,28.33,47.01,2.64,181,0,synthetic,deterministic demo generator
2026-01-06T05:00:00+05:30,demo-centroid,Synthetic centroid demo,18.625,73.84,65.13,synthetic,deterministic demo generator,28.83,45.51,2.64,181,0,synthetic,deterministic demo generator
2026-01-06T06:00:00+05:30,demo-centroid,Synthetic centroid demo,18.625,73.84,65.54,synthetic,deterministic demo generator,29.0,45.0,2.64,181,0,synthetic,deterministic demo generator
2026-01-06T07:00:00+05:30,demo-centroid,Synthetic centroid demo,18.625,73.84,65.13,synthetic,deterministic demo generator,28.83,45.51,2.64,181,0,synthetic,deterministic demo generator
2026-01-06T08:00:00+05:30,demo-centroid,Synthetic centroid demo,18.625,73.84,63.93,synthetic,deterministic demo generator,28.33,47.01,2.64,181,0,synthetic,deterministic demo generator
2026-01-06T09:00:00+05:30,demo-centroid,Synthetic centroid demo,18.625,73.84,62.03,synthetic,deterministic demo generator,27.54,49.39,2.64,181,0,synthetic,deterministic demo generator
2026-01-06T10:00:00+05:30,demo-centroid,Synthetic centroid demo,18.625,73.84,59.54,synthetic,deterministic demo generator,26.5,52.5,2.64,181,0,synthetic,deterministic demo generator
2026-01-06T11:00:00+05:30,demo-centroid,Synthetic centroid demo,18.625,73.84,56.65,synthetic,deterministic demo generator,25.29,56.12,2.64,181,0,synthetic,deterministic demo generator
2026-01-06T12:00:00+05:30,demo-centroid,Synthetic centroid demo,18.625,73.84,53.54,synthetic,deterministic demo generator,24.0,60.0,2.64,181,0,synthetic,deterministic demo generator
2026-01-06T13:00:00+05:30,demo-centroid,Synthetic centroid demo,18.625,73.84,50.43,synthetic,deterministic demo generator,22.71,63.88,2.64,181,0,synthetic,deterministic demo generator
2026-01-06T14:00:00+05:30,demo-centroid,Synthetic centroid demo,18.625,73.84,47.54,synthetic,deterministic demo generator,21.5,67.5,2.64,181,0,synthetic,deterministic demo generator
2026-01-06T15:00:00+05:30,demo-centroid,Synthetic centroid demo,18.625,73.84,45.06,synthetic,deterministic demo generator,20.46,70.61,2.64,181,0,synthetic,deterministic demo generator
2026-01-06T16:00:00+05:30,demo-centroid,Synthetic centroid demo,18.625,73.84,43.15,synthetic,deterministic demo generator,19.67,72.99,2.64,181,0,synthetic,deterministic demo generator
2026-01-06T17:00:00+05:30,demo-centroid,Synthetic centroid demo,18.625,73.84,41.95,synthetic,deterministic demo generator,19.17,74.49,2.64,181,0,synthetic,deterministic demo generator
2026-01-06T18:00:00+05:30,demo-centroid,Synthetic centroid demo,18.625,73.84,41.54,synthetic,deterministic demo generator,19.0,75.0,2.64,181,0,synthetic,deterministic demo generator
2026-01-06T19:00:00+05:30,demo-centroid,Synthetic centroid demo,18.625,73.84,41.95,synthetic,deterministic demo generator,19.17,74.49,2.64,181,0,synthetic,deterministic demo generator
2026-01-06T20:00:00+05:30,demo-centroid,Synthetic centroid demo,18.625,73.84,43.15,synthetic,deterministic demo generator,19.67,72.99,2.64,181,0,synthetic,deterministic demo generator
2026-01-06T21:00:00+05:30,demo-centroid,Synthetic centroid demo,18.625,73.84,45.06,synthetic,deterministic demo generator,20.46,70.61,2.64,181,0,synthetic,deterministic demo generator
2026-01-06T22:00:00+05:30,demo-centroid,Synthetic centroid demo,18.625,73.84,47.54,synthetic,deterministic demo generator,21.5,67.5,2.64,181,0,synthetic,deterministic demo generator
2026-01-06T23:00:00+05:30,demo-centroid,Synthetic centroid demo,18.625,73.84,50.43,synthetic,deterministic demo generator,22.71,63.88,2.64,181,0,synthetic,deterministic demo generator
2026-01-07T00:00:00+05:30,demo-centroid,Synthetic centroid demo,18.625,73.84,52.66,synthetic,deterministic demo generator,24.0,60.0,2.81,194,0,synthetic,deterministic demo generator
2026-01-07T01:00:00+05:30,demo-centroid,Synthetic centroid demo,18.625,73.84,55.77,synthetic,deterministic demo generator,25.29,56.12,2.81,194,0,synthetic,deterministic demo generator
2026-01-07T02:00:00+05:30,demo-centroid,Synthetic centroid demo,18.625,73.84,58.66,synthetic,deterministic demo generator,26.5,52.5,2.81,194,0,synthetic,deterministic demo generator
2026-01-07T03:00:00+05:30,demo-centroid,Synthetic centroid demo,18.625,73.84,61.15,synthetic,deterministic demo generator,27.54,49.39,2.81,194,0,synthetic,deterministic demo generator
2026-01-07T04:00:00+05:30,demo-centroid,Synthetic centroid demo,18.625,73.84,63.05,synthetic,deterministic demo generator,28.33,47.01,2.81,194,0,synthetic,deterministic demo generator
2026-01-07T05:00:00+05:30,demo-centroid,Synthetic centroid demo,18.625,73.84,64.25,synthetic,deterministic demo generator,28.83,45.51,2.81,194,0,synthetic,deterministic demo generator
2026-01-07T06:00:00+05:30,demo-centroid,Synthetic centroid demo,18.625,73.84,64.66,synthetic,deterministic demo generator,29.0,45.0,2.81,194,0,synthetic,deterministic demo generator
2026-01-07T07:00:00+05:30,demo-centroid,Synthetic centroid demo,18.625,73.84,64.25,synthetic,deterministic demo generator,28.83,45.51,2.81,194,0,synthetic,deterministic demo generator
2026-01-07T08:00:00+05:30,demo-centroid,Synthetic centroid demo,18.625,73.84,63.05,synthetic,deterministic demo generator,28.33,47.01,2.81,194,0,synthetic,deterministic demo generator
2026-01-07T09:00:00+05:30,demo-centroid,Synthetic centroid demo,18.625,73.84,61.15,synthetic,deterministic demo generator,27.54,49.39,2.81,194,0,synthetic,deterministic demo generator
2026-01-07T10:00:00+05:30,demo-centroid,Synthetic centroid demo,18.625,73.84,58.66,synthetic,deterministic demo generator,26.5,52.5,2.81,194,0,synthetic,deterministic demo generator
2026-01-07T11:00:00+05:30,demo-centroid,Synthetic centroid demo,18.625,73.84,55.77,synthetic,deterministic demo generator,25.29,56.12,2.81,194,0,synthetic,deterministic demo generator
2026-01-07T12:00:00+05:30,demo-centroid,Synthetic centroid demo,18.625,73.84,52.66,synthetic,deterministic demo generator,24.0,60.0,2.81,194,0,synthetic,deterministic demo generator
2026-01-07T13:00:00+05:30,demo-centroid,Synthetic centroid demo,18.625,73.84,49.56,synthetic,deterministic demo generator,22.71,63.88,2.81,194,0,synthetic,deterministic demo generator
2026-01-07T14:00:00+05:30,demo-centroid,Synthetic centroid demo,18.625,73.84,46.66,synthetic,deterministic demo generator,21.5,67.5,2.81,194,0,synthetic,deterministic demo generator
2026-01-07T15:00:00+05:30,demo-centroid,Synthetic centroid demo,18.625,73.84,44.18,synthetic,deterministic demo generator,20.46,70.61,2.81,194,0,synthetic,deterministic demo generator
2026-01-07T16:00:00+05:30,demo-centroid,Synthetic centroid demo,18.625,73.84,42.27,synthetic,deterministic demo generator,19.67,72.99,2.81,194,0,synthetic,deterministic demo generator
2026-01-07T17:00:00+05:30,demo-centroid,Synthetic centroid demo,18.625,73.84,41.07,synthetic,deterministic demo generator,19.17,74.49,2.81,194,0,synthetic,deterministic demo generator
2026-01-07T18:00:00+05:30,demo-centroid,Synthetic centroid demo,18.625,73.84,40.66,synthetic,deterministic demo generator,19.0,75.0,2.81,194,0,synthetic,deterministic demo generator
2026-01-07T19:00:00+05:30,demo-centroid,Synthetic centroid demo,18.625,73.84,41.07,synthetic,deterministic demo generator,19.17,74.49,2.81,194,0,synthetic,deterministic demo generator
2026-01-07T20:00:00+05:30,demo-centroid,Synthetic centroid demo,18.625,73.84,42.27,synthetic,deterministic demo generator,19.67,72.99,2.81,194,0,synthetic,deterministic demo generator
2026-01-07T21:00:00+05:30,demo-centroid,Synthetic centroid demo,18.625,73.84,44.18,synthetic,deterministic demo generator,20.46,70.61,2.81,194,0,synthetic,deterministic demo generator
2026-01-07T22:00:00+05:30,demo-centroid,Synthetic centroid demo,18.625,73.84,46.66,synthetic,deterministic demo generator,21.5,67.5,2.81,194,0,synthetic,deterministic demo generator
2026-01-07T23:00:00+05:30,demo-centroid,Synthetic centroid demo,18.625,73.84,49.56,synthetic,deterministic demo generator,22.71,63.88,2.81,194,0,synthetic,deterministic demo generator
2026-01-08T00:00:00+05:30,demo-centroid,Synthetic centroid demo,18.625,73.84,51.9,synthetic,deterministic demo generator,24.0,60.0,2.93,207,0,synthetic,deterministic demo generator
2026-01-08T01:00:00+05:30,demo-centroid,Synthetic centroid demo,18.625,73.84,55.0,synthetic,deterministic demo generator,25.29,56.12,2.93,207,0,synthetic,deterministic demo generator
2026-01-08T02:00:00+05:30,demo-centroid,Synthetic centroid demo,18.625,73.84,57.9,synthetic,deterministic demo generator,26.5,52.5,2.93,207,0,synthetic,deterministic demo generator
2026-01-08T03:00:00+05:30,demo-centroid,Synthetic centroid demo,18.625,73.84,60.38,synthetic,deterministic demo generator,27.54,49.39,2.93,207,0,synthetic,deterministic demo generator
2026-01-08T04:00:00+05:30,demo-centroid,Synthetic centroid demo,18.625,73.84,62.29,synthetic,deterministic demo generator,28.33,47.01,2.93,207,0,synthetic,deterministic demo generator
2026-01-08T05:00:00+05:30,demo-centroid,Synthetic centroid demo,18.625,73.84,63.49,synthetic,deterministic demo generator,28.83,45.51,2.93,207,0,synthetic,deterministic demo generator
2026-01-08T06:00:00+05:30,demo-centroid,Synthetic centroid demo,18.625,73.84,63.9,synthetic,deterministic demo generator,29.0,45.0,2.93,207,0,synthetic,deterministic demo generator
2026-01-08T07:00:00+05:30,demo-centroid,Synthetic centroid demo,18.625,73.84,63.49,synthetic,deterministic demo generator,28.83,45.51,2.93,207,0,synthetic,deterministic demo generator
2026-01-08T08:00:00+05:30,demo-centroid,Synthetic centroid demo,18.625,73.84,62.29,synthetic,deterministic demo generator,28.33,47.01,2.93,207,0,synthetic,deterministic demo generator
2026-01-08T09:00:00+05:30,demo-centroid,Synthetic centroid demo,18.625,73.84,60.38,synthetic,deterministic demo generator,27.54,49.39,2.93,207,0,synthetic,deterministic demo generator
2026-01-08T10:00:00+05:30,demo-centroid,Synthetic centroid demo,18.625,73.84,57.9,synthetic,deterministic demo generator,26.5,52.5,2.93,207,0,synthetic,deterministic demo generator
2026-01-08T11:00:00+05:30,demo-centroid,Synthetic centroid demo,18.625,73.84,55.0,synthetic,deterministic demo generator,25.29,56.12,2.93,207,0,synthetic,deterministic demo generator
2026-01-08T12:00:00+05:30,demo-centroid,Synthetic centroid demo,18.625,73.84,51.9,synthetic,deterministic demo generator,24.0,60.0,2.93,207,0,synthetic,deterministic demo generator
2026-01-08T13:00:00+05:30,demo-centroid,Synthetic centroid demo,18.625,73.84,48.79,synthetic,deterministic demo generator,22.71,63.88,2.93,207,0,synthetic,deterministic demo generator
2026-01-08T14:00:00+05:30,demo-centroid,Synthetic centroid demo,18.625,73.84,45.9,synthetic,deterministic demo generator,21.5,67.5,2.93,207,0,synthetic,deterministic demo generator
2026-01-08T15:00:00+05:30,demo-centroid,Synthetic centroid demo,18.625,73.84,43.41,synthetic,deterministic demo generator,20.46,70.61,2.93,207,0,synthetic,deterministic demo generator
2026-01-08T16:00:00+05:30,demo-centroid,Synthetic centroid demo,18.625,73.84,41.51,synthetic,deterministic demo generator,19.67,72.99,2.93,207,0,synthetic,deterministic demo generator
2026-01-08T17:00:00+05:30,demo-centroid,Synthetic centroid demo,18.625,73.84,40.31,synthetic,deterministic demo generator,19.17,74.49,2.93,207,0,synthetic,deterministic demo generator
2026-01-08T18:00:00+05:30,demo-centroid,Synthetic centroid demo,18.625,73.84,39.9,synthetic,deterministic demo generator,19.0,75.0,2.93,207,0,synthetic,deterministic demo generator
2026-01-08T19:00:00+05:30,demo-centroid,Synthetic centroid demo,18.625,73.84,40.31,synthetic,deterministic demo generator,19.17,74.49,2.93,207,0,synthetic,deterministic demo generator
2026-01-08T20:00:00+05:30,demo-centroid,Synthetic centroid demo,18.625,73.84,41.51,synthetic,deterministic demo generator,19.67,72.99,2.93,207,0,synthetic,deterministic demo generator
2026-01-08T21:00:00+05:30,demo-centroid,Synthetic centroid demo,18.625,73.84,43.41,synthetic,deterministic demo generator,20.46,70.61,2.93,207,0,synthetic,deterministic demo generator
2026-01-08T22:00:00+05:30,demo-centroid,Synthetic centroid demo,18.625,73.84,45.9,synthetic,deterministic demo generator,21.5,67.5,2.93,207,0,synthetic,deterministic demo generator
2026-01-08T23:00:00+05:30,demo-centroid,Synthetic centroid demo,18.625,73.84,48.79,synthetic,deterministic demo generator,22.71,63.88,2.93,207,0,synthetic,deterministic demo generator
2026-01-09T00:00:00+05:30,demo-centroid,Synthetic centroid demo,18.625,73.84,51.27,synthetic,deterministic demo generator,24.0,60.0,2.99,220,0,synthetic,deterministic demo generator
2026-01-09T01:00:00+05:30,demo-centroid,Synthetic centroid demo,18.625,73.84,54.38,synthetic,deterministic demo generator,25.29,56.12,2.99,220,0,synthetic,deterministic demo generator
2026-01-09T02:00:00+05:30,demo-centroid,Synthetic centroid demo,18.625,73.84,57.27,synthetic,deterministic demo generator,26.5,52.5,2.99,220,0,synthetic,deterministic demo generator
2026-01-09T03:00:00+05:30,demo-centroid,Synthetic centroid demo,18.625,73.84,59.76,synthetic,deterministic demo generator,27.54,49.39,2.99,220,0,synthetic,deterministic demo generator
2026-01-09T04:00:00+05:30,demo-centroid,Synthetic centroid demo,18.625,73.84,61.66,synthetic,deterministic demo generator,28.33,47.01,2.99,220,0,synthetic,deterministic demo generator
2026-01-09T05:00:00+05:30,demo-centroid,Synthetic centroid demo,18.625,73.84,62.86,synthetic,deterministic demo generator,28.83,45.51,2.99,220,0,synthetic,deterministic demo generator
2026-01-09T06:00:00+05:30,demo-centroid,Synthetic centroid demo,18.625,73.84,63.27,synthetic,deterministic demo generator,29.0,45.0,2.99,220,0,synthetic,deterministic demo generator
2026-01-09T07:00:00+05:30,demo-centroid,Synthetic centroid demo,18.625,73.84,62.86,synthetic,deterministic demo generator,28.83,45.51,2.99,220,0,synthetic,deterministic demo generator
2026-01-09T08:00:00+05:30,demo-centroid,Synthetic centroid demo,18.625,73.84,61.66,synthetic,deterministic demo generator,28.33,47.01,2.99,220,0,synthetic,deterministic demo generator
2026-01-09T09:00:00+05:30,demo-centroid,Synthetic centroid demo,18.625,73.84,59.76,synthetic,deterministic demo generator,27.54,49.39,2.99,220,0,synthetic,deterministic demo generator
2026-01-09T10:00:00+05:30,demo-centroid,Synthetic centroid demo,18.625,73.84,57.27,synthetic,deterministic demo generator,26.5,52.5,2.99,220,0,synthetic,deterministic demo generator
2026-01-09T11:00:00+05:30,demo-centroid,Synthetic centroid demo,18.625,73.84,54.38,synthetic,deterministic demo generator,25.29,56.12,2.99,220,0,synthetic,deterministic demo generator
2026-01-09T12:00:00+05:30,demo-centroid,Synthetic centroid demo,18.625,73.84,51.27,synthetic,deterministic demo generator,24.0,60.0,2.99,220,0,synthetic,deterministic demo generator
2026-01-09T13:00:00+05:30,demo-centroid,Synthetic centroid demo,18.625,73.84,48.17,synthetic,deterministic demo generator,22.71,63.88,2.99,220,0,synthetic,deterministic demo generator
2026-01-09T14:00:00+05:30,demo-centroid,Synthetic centroid demo,18.625,73.84,45.27,synthetic,deterministic demo generator,21.5,67.5,2.99,220,0,synthetic,deterministic demo generator
2026-01-09T15:00:00+05:30,demo-centroid,Synthetic centroid demo,18.625,73.84,42.79,synthetic,deterministic demo generator,20.46,70.61,2.99,220,0,synthetic,deterministic demo generator
2026-01-09T16:00:00+05:30,demo-centroid,Synthetic centroid demo,18.625,73.84,40.88,synthetic,deterministic demo generator,19.67,72.99,2.99,220,0,synthetic,deterministic demo generator
2026-01-09T17:00:00+05:30,demo-centroid,Synthetic centroid demo,18.625,73.84,39.68,synthetic,deterministic demo generator,19.17,74.49,2.99,220,0,synthetic,deterministic demo generator
2026-01-09T18:00:00+05:30,demo-centroid,Synthetic centroid demo,18.625,73.84,39.27,synthetic,deterministic demo generator,19.0,75.0,2.99,220,0,synthetic,deterministic demo generator
2026-01-09T19:00:00+05:30,demo-centroid,Synthetic centroid demo,18.625,73.84,39.68,synthetic,deterministic demo generator,19.17,74.49,2.99,220,0,synthetic,deterministic demo generator
2026-01-09T20:00:00+05:30,demo-centroid,Synthetic centroid demo,18.625,73.84,40.88,synthetic,deterministic demo generator,19.67,72.99,2.99,220,0,synthetic,deterministic demo generator
2026-01-09T21:00:00+05:30,demo-centroid,Synthetic centroid demo,18.625,73.84,42.79,synthetic,deterministic demo generator,20.46,70.61,2.99,220,0,synthetic,deterministic demo generator
2026-01-09T22:00:00+05:30,demo-centroid,Synthetic centroid demo,18.625,73.84,45.27,synthetic,deterministic demo generator,21.5,67.5,2.99,220,0,synthetic,deterministic demo generator
2026-01-09T23:00:00+05:30,demo-centroid,Synthetic centroid demo,18.625,73.84,48.17,synthetic,deterministic demo generator,22.71,63.88,2.99,220,0,synthetic,deterministic demo generator
2026-01-10T00:00:00+05:30,demo-centroid,Synthetic centroid demo,18.625,73.84,50.8,synthetic,deterministic demo generator,24.0,60.0,2.99,233,0,synthetic,deterministic demo generator
2026-01-10T01:00:00+05:30,demo-centroid,Synthetic centroid demo,18.625,73.84,53.91,synthetic,deterministic demo generator,25.29,56.12,2.99,233,0,synthetic,deterministic demo generator
2026-01-10T02:00:00+05:30,demo-centroid,Synthetic centroid demo,18.625,73.84,56.8,synthetic,deterministic demo generator,26.5,52.5,2.99,233,0,synthetic,deterministic demo generator
2026-01-10T03:00:00+05:30,demo-centroid,Synthetic centroid demo,18.625,73.84,59.29,synthetic,deterministic demo generator,27.54,49.39,2.99,233,0,synthetic,deterministic demo generator
2026-01-10T04:00:00+05:30,demo-centroid,Synthetic centroid demo,18.625,73.84,61.2,synthetic,deterministic demo generator,28.33,47.01,2.99,233,0,synthetic,deterministic demo generator
2026-01-10T05:00:00+05:30,demo-centroid,Synthetic centroid demo,18.625,73.84,62.39,synthetic,deterministic demo generator,28.83,45.51,2.99,233,0,synthetic,deterministic demo generator
2026-01-10T06:00:00+05:30,demo-centroid,Synthetic centroid demo,18.625,73.84,62.8,synthetic,deterministic demo generator,29.0,45.0,2.99,233,0,synthetic,deterministic demo generator
2026-01-10T07:00:00+05:30,demo-centroid,Synthetic centroid demo,18.625,73.84,62.39,synthetic,deterministic demo generator,28.83,45.51,2.99,233,0,synthetic,deterministic demo generator
2026-01-10T08:00:00+05:30,demo-centroid,Synthetic centroid demo,18.625,73.84,61.2,synthetic,deterministic demo generator,28.33,47.01,2.99,233,0,synthetic,deterministic demo generator
2026-01-10T09:00:00+05:30,demo-centroid,Synthetic centroid demo,18.625,73.84,59.29,synthetic,deterministic demo generator,27.54,49.39,2.99,233,0,synthetic,deterministic demo generator
2026-01-10T10:00:00+05:30,demo-centroid,Synthetic centroid demo,18.625,73.84,56.8,synthetic,deterministic demo generator,26.5,52.5,2.99,233,0,synthetic,deterministic demo generator
2026-01-10T11:00:00+05:30,demo-centroid,Synthetic centroid demo,18.625,73.84,53.91,synthetic,deterministic demo generator,25.29,56.12,2.99,233,0,synthetic,deterministic demo generator
2026-01-10T12:00:00+05:30,demo-centroid,Synthetic centroid demo,18.625,73.84,50.8,synthetic,deterministic demo generator,24.0,60.0,2.99,233,0,synthetic,deterministic demo generator
2026-01-10T13:00:00+05:30,demo-centroid,Synthetic centroid demo,18.625,73.84,47.7,synthetic,deterministic demo generator,22.71,63.88,2.99,233,0,synthetic,deterministic demo generator
2026-01-10T14:00:00+05:30,demo-centroid,Synthetic centroid demo,18.625,73.84,44.8,synthetic,deterministic demo generator,21.5,67.5,2.99,233,0,synthetic,deterministic demo generator
2026-01-10T15:00:00+05:30,demo-centroid,Synthetic centroid demo,18.625,73.84,42.32,synthetic,deterministic demo generator,20.46,70.61,2.99,233,0,synthetic,deterministic demo generator
2026-01-10T16:00:00+05:30,demo-centroid,Synthetic centroid demo,18.625,73.84,40.41,synthetic,deterministic demo generator,19.67,72.99,2.99,233,0,synthetic,deterministic demo generator
2026-01-10T17:00:00+05:30,demo-centroid,Synthetic centroid demo,18.625,73.84,39.21,synthetic,deterministic demo generator,19.17,74.49,2.99,233,0,synthetic,deterministic demo generator
2026-01-10T18:00:00+05:30,demo-centroid,Synthetic centroid demo,18.625,73.84,38.8,synthetic,deterministic demo generator,19.0,75.0,2.99,233,0,synthetic,deterministic demo generator
2026-01-10T19:00:00+05:30,demo-centroid,Synthetic centroid demo,18.625,73.84,39.21,synthetic,deterministic demo generator,19.17,74.49,2.99,233,0,synthetic,deterministic demo generator
2026-01-10T20:00:00+05:30,demo-centroid,Synthetic centroid demo,18.625,73.84,40.41,synthetic,deterministic demo generator,19.67,72.99,2.99,233,0,synthetic,deterministic demo generator
2026-01-10T21:00:00+05:30,demo-centroid,Synthetic centroid demo,18.625,73.84,42.32,synthetic,deterministic demo generator,20.46,70.61,2.99,233,0,synthetic,deterministic demo generator
2026-01-10T22:00:00+05:30,demo-centroid,Synthetic centroid demo,18.625,73.84,44.8,synthetic,deterministic demo generator,21.5,67.5,2.99,233,0,synthetic,deterministic demo generator
2026-01-10T23:00:00+05:30,demo-centroid,Synthetic centroid demo,18.625,73.84,47.7,synthetic,deterministic demo generator,22.71,63.88,2.99,233,0,synthetic,deterministic demo generator
2026-01-11T00:00:00+05:30,demo-centroid,Synthetic centroid demo,18.625,73.84,50.51,synthetic,deterministic demo generator,24.0,60.0,2.93,246,0,synthetic,deterministic demo generator
2026-01-11T01:00:00+05:30,demo-centroid,Synthetic centroid demo,18.625,73.84,53.62,synthetic,deterministic demo generator,25.29,56.12,2.93,246,0,synthetic,deterministic demo generator
2026-01-11T02:00:00+05:30,demo-centroid,Synthetic centroid demo,18.625,73.84,56.51,synthetic,deterministic demo generator,26.5,52.5,2.93,246,0,synthetic,deterministic demo generator
2026-01-11T03:00:00+05:30,demo-centroid,Synthetic centroid demo,18.625,73.84,59.0,synthetic,deterministic demo generator,27.54,49.39,2.93,246,0,synthetic,deterministic demo generator
2026-01-11T04:00:00+05:30,demo-centroid,Synthetic centroid demo,18.625,73.84,60.9,synthetic,deterministic demo generator,28.33,47.01,2.93,246,0,synthetic,deterministic demo generator
2026-01-11T05:00:00+05:30,demo-centroid,Synthetic centroid demo,18.625,73.84,62.1,synthetic,deterministic demo generator,28.83,45.51,2.93,246,0,synthetic,deterministic demo generator
2026-01-11T06:00:00+05:30,demo-centroid,Synthetic centroid demo,18.625,73.84,62.51,synthetic,deterministic demo generator,29.0,45.0,2.93,246,0,synthetic,deterministic demo generator
2026-01-11T07:00:00+05:30,demo-centroid,Synthetic centroid demo,18.625,73.84,62.1,synthetic,deterministic demo generator,28.83,45.51,2.93,246,0,synthetic,deterministic demo generator
2026-01-11T08:00:00+05:30,demo-centroid,Synthetic centroid demo,18.625,73.84,60.9,synthetic,deterministic demo generator,28.33,47.01,2.93,246,0,synthetic,deterministic demo generator
2026-01-11T09:00:00+05:30,demo-centroid,Synthetic centroid demo,18.625,73.84,59.0,synthetic,deterministic demo generator,27.54,49.39,2.93,246,0,synthetic,deterministic demo generator
2026-01-11T10:00:00+05:30,demo-centroid,Synthetic centroid demo,18.625,73.84,56.51,synthetic,deterministic demo generator,26.5,52.5,2.93,246,0,synthetic,deterministic demo generator
2026-01-11T11:00:00+05:30,demo-centroid,Synthetic centroid demo,18.625,73.84,53.62,synthetic,deterministic demo generator,25.29,56.12,2.93,246,0,synthetic,deterministic demo generator
2026-01-11T12:00:00+05:30,demo-centroid,Synthetic centroid demo,18.625,73.84,50.51,synthetic,deterministic demo generator,24.0,60.0,2.93,246,0,synthetic,deterministic demo generator
2026-01-11T13:00:00+05:30,demo-centroid,Synthetic centroid demo,18.625,73.84,47.4,synthetic,deterministic demo generator,22.71,63.88,2.93,246,0,synthetic,deterministic demo generator
2026-01-11T14:00:00+05:30,demo-centroid,Synthetic centroid demo,18.625,73.84,44.51,synthetic,deterministic demo generator,21.5,67.5,2.93,246,0,synthetic,deterministic demo generator
2026-01-11T15:00:00+05:30,demo-centroid,Synthetic centroid demo,18.625,73.84,42.02,synthetic,deterministic demo generator,20.46,70.61,2.93,246,1.2,synthetic,deterministic demo generator
2026-01-11T16:00:00+05:30,demo-centroid,Synthetic centroid demo,18.625,73.84,40.12,synthetic,deterministic demo generator,19.67,72.99,2.93,246,0,synthetic,deterministic demo generator
2026-01-11T17:00:00+05:30,demo-centroid,Synthetic centroid demo,18.625,73.84,38.92,synthetic,deterministic demo generator,19.17,74.49,2.93,246,0,synthetic,deterministic demo generator
2026-01-11T18:00:00+05:30,demo-centroid,Synthetic centroid demo,18.625,73.84,38.51,synthetic,deterministic demo generator,19.0,75.0,2.93,246,0,synthetic,deterministic demo generator
2026-01-11T19:00:00+05:30,demo-centroid,Synthetic centroid demo,18.625,73.84,38.92,synthetic,deterministic demo generator,19.17,74.49,2.93,246,0,synthetic,deterministic demo generator
2026-01-11T20:00:00+05:30,demo-centroid,Synthetic centroid demo,18.625,73.84,40.12,synthetic,deterministic demo generator,19.67,72.99,2.93,246,0,synthetic,deterministic demo generator
2026-01-11T21:00:00+05:30,demo-centroid,Synthetic centroid demo,18.625,73.84,42.02,synthetic,deterministic demo generator,20.46,70.61,2.93,246,0,synthetic,deterministic demo generator
2026-01-11T22:00:00+05:30,demo-centroid,Synthetic centroid demo,18.625,73.84,44.51,synthetic,deterministic demo generator,21.5,67.5,2.93,246,0,synthetic,deterministic demo generator
2026-01-11T23:00:00+05:30,demo-centroid,Synthetic centroid demo,18.625,73.84,47.4,synthetic,deterministic demo generator,22.71,63.88,2.93,246,0,synthetic,deterministic demo generator
2026-01-12T00:00:00+05:30,demo-centroid,Synthetic centroid demo,18.625,73.84,50.4,synthetic,deterministic demo generator,24.0,60.0,2.82,259,0,synthetic,deterministic demo generator
2026-01-12T01:00:00+05:30,demo-centroid,Synthetic centroid demo,18.625,73.84,53.51,synthetic,deterministic demo generator,25.29,56.12,2.82,259,0,synthetic,deterministic demo generator
2026-01-12T02:00:00+05:30,demo-centroid,Synthetic centroid demo,18.625,73.84,56.4,synthetic,deterministic demo generator,26.5,52.5,2.82,259,0,synthetic,deterministic demo generator
2026-01-12T03:00:00+05:30,demo-centroid,Synthetic centroid demo,18.625,73.84,58.89,synthetic,deterministic demo generator,27.54,49.39,2.82,259,0,synthetic,deterministic demo generator
2026-01-12T04:00:00+05:30,demo-centroid,Synthetic centroid demo,18.625,73.84,60.8,synthetic,deterministic demo generator,28.33,47.01,2.82,259,0,synthetic,deterministic demo generator
2026-01-12T05:00:00+05:30,demo-centroid,Synthetic centroid demo,18.625,73.84,62.0,synthetic,deterministic demo generator,28.83,45.51,2.82,259,0,synthetic,deterministic demo generator
2026-01-12T06:00:00+05:30,demo-centroid,Synthetic centroid demo,18.625,73.84,62.4,synthetic,deterministic demo generator,29.0,45.0,2.82,259,0,synthetic,deterministic demo generator
2026-01-12T07:00:00+05:30,demo-centroid,Synthetic centroid demo,18.625,73.84,62.0,synthetic,deterministic demo generator,28.83,45.51,2.82,259,0,synthetic,deterministic demo generator
2026-01-12T08:00:00+05:30,demo-centroid,Synthetic centroid demo,18.625,73.84,60.8,synthetic,deterministic demo generator,28.33,47.01,2.82,259,0,synthetic,deterministic demo generator
2026-01-12T09:00:00+05:30,demo-centroid,Synthetic centroid demo,18.625,73.84,58.89,synthetic,deterministic demo generator,27.54,49.39,2.82,259,0,synthetic,deterministic demo generator
2026-01-12T10:00:00+05:30,demo-centroid,Synthetic centroid demo,18.625,73.84,56.4,synthetic,deterministic demo generator,26.5,52.5,2.82,259,0,synthetic,deterministic demo generator
2026-01-12T11:00:00+05:30,demo-centroid,Synthetic centroid demo,18.625,73.84,53.51,synthetic,deterministic demo generator,25.29,56.12,2.82,259,0,synthetic,deterministic demo generator
2026-01-12T12:00:00+05:30,demo-centroid,Synthetic centroid demo,18.625,73.84,50.4,synthetic,deterministic demo generator,24.0,60.0,2.82,259,0,synthetic,deterministic demo generator
2026-01-12T13:00:00+05:30,demo-centroid,Synthetic centroid demo,18.625,73.84,47.3,synthetic,deterministic demo generator,22.71,63.88,2.82,259,0,synthetic,deterministic demo generator
2026-01-12T14:00:00+05:30,demo-centroid,Synthetic centroid demo,18.625,73.84,44.4,synthetic,deterministic demo generator,21.5,67.5,2.82,259,0,synthetic,deterministic demo generator
2026-01-12T15:00:00+05:30,demo-centroid,Synthetic centroid demo,18.625,73.84,41.92,synthetic,deterministic demo generator,20.46,70.61,2.82,259,0,synthetic,deterministic demo generator
2026-01-12T16:00:00+05:30,demo-centroid,Synthetic centroid demo,18.625,73.84,40.01,synthetic,deterministic demo generator,19.67,72.99,2.82,259,0,synthetic,deterministic demo generator
2026-01-12T17:00:00+05:30,demo-centroid,Synthetic centroid demo,18.625,73.84,38.81,synthetic,deterministic demo generator,19.17,74.49,2.82,259,0,synthetic,deterministic demo generator
2026-01-12T18:00:00+05:30,demo-centroid,Synthetic centroid demo,18.625,73.84,38.4,synthetic,deterministic demo generator,19.0,75.0,2.82,259,0,synthetic,deterministic demo generator
2026-01-12T19:00:00+05:30,demo-centroid,Synthetic centroid demo,18.625,73.84,38.81,synthetic,deterministic demo generator,19.17,74.49,2.82,259,0,synthetic,deterministic demo generator
2026-01-12T20:00:00+05:30,demo-centroid,Synthetic centroid demo,18.625,73.84,40.01,synthetic,deterministic demo generator,19.67,72.99,2.82,259,0,synthetic,deterministic demo generator
2026-01-12T21:00:00+05:30,demo-centroid,Synthetic centroid demo,18.625,73.84,41.92,synthetic,deterministic demo generator,20.46,70.61,2.82,259,0,synthetic,deterministic demo generator
2026-01-12T22:00:00+05:30,demo-centroid,Synthetic centroid demo,18.625,73.84,44.4,synthetic,deterministic demo generator,21.5,67.5,2.82,259,0,synthetic,deterministic demo generator
2026-01-12T23:00:00+05:30,demo-centroid,Synthetic centroid demo,18.625,73.84,47.3,synthetic,deterministic demo generator,22.71,63.88,2.82,259,0,synthetic,deterministic demo generator
2026-01-13T00:00:00+05:30,demo-centroid,Synthetic centroid demo,18.625,73.84,50.49,synthetic,deterministic demo generator,24.0,60.0,2.65,272,0,synthetic,deterministic demo generator
2026-01-13T01:00:00+05:30,demo-centroid,Synthetic centroid demo,18.625,73.84,53.6,synthetic,deterministic demo generator,25.29,56.12,2.65,272,0,synthetic,deterministic demo generator
2026-01-13T02:00:00+05:30,demo-centroid,Synthetic centroid demo,18.625,73.84,56.49,synthetic,deterministic demo generator,26.5,52.5,2.65,272,0,synthetic,deterministic demo generator
2026-01-13T03:00:00+05:30,demo-centroid,Synthetic centroid demo,18.625,73.84,58.98,synthetic,deterministic demo generator,27.54,49.39,2.65,272,0,synthetic,deterministic demo generator
2026-01-13T04:00:00+05:30,demo-centroid,Synthetic centroid demo,18.625,73.84,60.88,synthetic,deterministic demo generator,28.33,47.01,2.65,272,0,synthetic,deterministic demo generator
2026-01-13T05:00:00+05:30,demo-centroid,Synthetic centroid demo,18.625,73.84,62.08,synthetic,deterministic demo generator,28.83,45.51,2.65,272,0,synthetic,deterministic demo generator
2026-01-13T06:00:00+05:30,demo-centroid,Synthetic centroid demo,18.625,73.84,62.49,synthetic,deterministic demo generator,29.0,45.0,2.65,272,0,synthetic,deterministic demo generator
2026-01-13T07:00:00+05:30,demo-centroid,Synthetic centroid demo,18.625,73.84,62.08,synthetic,deterministic demo generator,28.83,45.51,2.65,272,0,synthetic,deterministic demo generator
2026-01-13T08:00:00+05:30,demo-centroid,Synthetic centroid demo,18.625,73.84,60.88,synthetic,deterministic demo generator,28.33,47.01,2.65,272,0,synthetic,deterministic demo generator
2026-01-13T09:00:00+05:30,demo-centroid,Synthetic centroid demo,18.625,73.84,58.98,synthetic,deterministic demo generator,27.54,49.39,2.65,272,0,synthetic,deterministic demo generator
2026-01-13T10:00:00+05:30,demo-centroid,Synthetic centroid demo,18.625,73.84,56.49,synthetic,deterministic demo generator,26.5,52.5,2.65,272,0,synthetic,deterministic demo generator
2026-01-13T11:00:00+05:30,demo-centroid,Synthetic centroid demo,18.625,73.84,53.6,synthetic,deterministic demo generator,25.29,56.12,2.65,272,0,synthetic,deterministic demo generator
2026-01-13T12:00:00+05:30,demo-centroid,Synthetic centroid demo,18.625,73.84,50.49,synthetic,deterministic demo generator,24.0,60.0,2.65,272,0,synthetic,deterministic demo generator
2026-01-13T13:00:00+05:30,demo-centroid,Synthetic centroid demo,18.625,73.84,47.38,synthetic,deterministic demo generator,22.71,63.88,2.65,272,0,synthetic,deterministic demo generator
2026-01-13T14:00:00+05:30,demo-centroid,Synthetic centroid demo,18.625,73.84,44.49,synthetic,deterministic demo generator,21.5,67.5,2.65,272,0,synthetic,deterministic demo generator
2026-01-13T15:00:00+05:30,demo-centroid,Synthetic centroid demo,18.625,73.84,42.01,synthetic,deterministic demo generator,20.46,70.61,2.65,272,0,synthetic,deterministic demo generator
2026-01-13T16:00:00+05:30,demo-centroid,Synthetic centroid demo,18.625,73.84,40.1,synthetic,deterministic demo generator,19.67,72.99,2.65,272,0,synthetic,deterministic demo generator
2026-01-13T17:00:00+05:30,demo-centroid,Synthetic centroid demo,18.625,73.84,38.9,synthetic,deterministic demo generator,19.17,74.49,2.65,272,0,synthetic,deterministic demo generator
2026-01-13T18:00:00+05:30,demo-centroid,Synthetic centroid demo,18.625,73.84,38.49,synthetic,deterministic demo generator,19.0,75.0,2.65,272,0,synthetic,deterministic demo generator
2026-01-13T19:00:00+05:30,demo-centroid,Synthetic centroid demo,18.625,73.84,38.9,synthetic,deterministic demo generator,19.17,74.49,2.65,272,0,synthetic,deterministic demo generator
2026-01-13T20:00:00+05:30,demo-centroid,Synthetic centroid demo,18.625,73.84,40.1,synthetic,deterministic demo generator,19.67,72.99,2.65,272,0,synthetic,deterministic demo generator
2026-01-13T21:00:00+05:30,demo-centroid,Synthetic centroid demo,18.625,73.84,42.01,synthetic,deterministic demo generator,20.46,70.61,2.65,272,0,synthetic,deterministic demo generator
2026-01-13T22:00:00+05:30,demo-centroid,Synthetic centroid demo,18.625,73.84,44.49,synthetic,deterministic demo generator,21.5,67.5,2.65,272,0,synthetic,deterministic demo generator
2026-01-13T23:00:00+05:30,demo-centroid,Synthetic centroid demo,18.625,73.84,47.38,synthetic,deterministic demo generator,22.71,63.88,2.65,272,0,synthetic,deterministic demo generator
2026-01-14T00:00:00+05:30,demo-centroid,Synthetic centroid demo,18.625,73.84,50.77,synthetic,deterministic demo generator,24.0,60.0,2.44,285,0,synthetic,deterministic demo generator
2026-01-14T01:00:00+05:30,demo-centroid,Synthetic centroid demo,18.625,73.84,53.88,synthetic,deterministic demo generator,25.29,56.12,2.44,285,0,synthetic,deterministic demo generator
2026-01-14T02:00:00+05:30,demo-centroid,Synthetic centroid demo,18.625,73.84,56.77,synthetic,deterministic demo generator,26.5,52.5,2.44,285,0,synthetic,deterministic demo generator
2026-01-14T03:00:00+05:30,demo-centroid,Synthetic centroid demo,18.625,73.84,59.26,synthetic,deterministic demo generator,27.54,49.39,2.44,285,0,synthetic,deterministic demo generator
2026-01-14T04:00:00+05:30,demo-centroid,Synthetic centroid demo,18.625,73.84,61.16,synthetic,deterministic demo generator,28.33,47.01,2.44,285,0,synthetic,deterministic demo generator
2026-01-14T05:00:00+05:30,demo-centroid,Synthetic centroid demo,18.625,73.84,62.36,synthetic,deterministic demo generator,28.83,45.51,2.44,285,0,synthetic,deterministic demo generator
2026-01-14T06:00:00+05:30,demo-centroid,Synthetic centroid demo,18.625,73.84,62.77,synthetic,deterministic demo generator,29.0,45.0,2.44,285,0,synthetic,deterministic demo generator
2026-01-14T07:00:00+05:30,demo-centroid,Synthetic centroid demo,18.625,73.84,62.36,synthetic,deterministic demo generator,28.83,45.51,2.44,285,0,synthetic,deterministic demo generator
2026-01-14T08:00:00+05:30,demo-centroid,Synthetic centroid demo,18.625,73.84,61.16,synthetic,deterministic demo generator,28.33,47.01,2.44,285,0,synthetic,deterministic demo generator
2026-01-14T09:00:00+05:30,demo-centroid,Synthetic centroid demo,18.625,73.84,59.26,synthetic,deterministic demo generator,27.54,49.39,2.44,285,0,synthetic,deterministic demo generator
2026-01-14T10:00:00+05:30,demo-centroid,Synthetic centroid demo,18.625,73.84,56.77,synthetic,deterministic demo generator,26.5,52.5,2.44,285,0,synthetic,deterministic demo generator
2026-01-14T11:00:00+05:30,demo-centroid,Synthetic centroid demo,18.625,73.84,53.88,synthetic,deterministic demo generator,25.29,56.12,2.44,285,0,synthetic,deterministic demo generator
2026-01-14T12:00:00+05:30,demo-centroid,Synthetic centroid demo,18.625,73.84,50.77,synthetic,deterministic demo generator,24.0,60.0,2.44,285,0,synthetic,deterministic demo generator
2026-01-14T13:00:00+05:30,demo-centroid,Synthetic centroid demo,18.625,73.84,47.66,synthetic,deterministic demo generator,22.71,63.88,2.44,285,0,synthetic,deterministic demo generator
2026-01-14T14:00:00+05:30,demo-centroid,Synthetic centroid demo,18.625,73.84,44.77,synthetic,deterministic demo generator,21.5,67.5,2.44,285,0,synthetic,deterministic demo generator
2026-01-14T15:00:00+05:30,demo-centroid,Synthetic centroid demo,18.625,73.84,42.29,synthetic,deterministic demo generator,20.46,70.61,2.44,285,0,synthetic,deterministic demo generator
2026-01-14T16:00:00+05:30,demo-centroid,Synthetic centroid demo,18.625,73.84,40.38,synthetic,deterministic demo generator,19.67,72.99,2.44,285,0,synthetic,deterministic demo generator
2026-01-14T17:00:00+05:30,demo-centroid,Synthetic centroid demo,18.625,73.84,39.18,synthetic,deterministic demo generator,19.17,74.49,2.44,285,0,synthetic,deterministic demo generator
2026-01-14T18:00:00+05:30,demo-centroid,Synthetic centroid demo,18.625,73.84,38.77,synthetic,deterministic demo generator,19.0,75.0,2.44,285,0,synthetic,deterministic demo generator
2026-01-14T19:00:00+05:30,demo-centroid,Synthetic centroid demo,18.625,73.84,39.18,synthetic,deterministic demo generator,19.17,74.49,2.44,285,0,synthetic,deterministic demo generator
2026-01-14T20:00:00+05:30,demo-centroid,Synthetic centroid demo,18.625,73.84,40.38,synthetic,deterministic demo generator,19.67,72.99,2.44,285,0,synthetic,deterministic demo generator
2026-01-14T21:00:00+05:30,demo-centroid,Synthetic centroid demo,18.625,73.84,42.29,synthetic,deterministic demo generator,20.46,70.61,2.44,285,0,synthetic,deterministic demo generator
2026-01-14T22:00:00+05:30,demo-centroid,Synthetic centroid demo,18.625,73.84,44.77,synthetic,deterministic demo generator,21.5,67.5,2.44,285,0,synthetic,deterministic demo generator
2026-01-14T23:00:00+05:30,demo-centroid,Synthetic centroid demo,18.625,73.84,47.66,synthetic,deterministic demo generator,22.71,63.88,2.44,285,0,synthetic,deterministic demo generator
2026-01-15T00:00:00+05:30,demo-centroid,Synthetic centroid demo,18.625,73.84,51.24,synthetic,deterministic demo generator,24.0,60.0,2.2,298,0,synthetic,deterministic demo generator
2026-01-15T01:00:00+05:30,demo-centroid,Synthetic centroid demo,18.625,73.84,54.35,synthetic,deterministic demo generator,25.29,56.12,2.2,298,0,synthetic,deterministic demo generator
2026-01-15T02:00:00+05:30,demo-centroid,Synthetic centroid demo,18.625,73.84,57.24,synthetic,deterministic demo generator,26.5,52.5,2.2,298,0,synthetic,deterministic demo generator
2026-01-15T03:00:00+05:30,demo-centroid,Synthetic centroid demo,18.625,73.84,59.73,synthetic,deterministic demo generator,27.54,49.39,2.2,298,0,synthetic,deterministic demo generator
2026-01-15T04:00:00+05:30,demo-centroid,Synthetic centroid demo,18.625,73.84,61.63,synthetic,deterministic demo generator,28.33,47.01,2.2,298,0,synthetic,deterministic demo generator
2026-01-15T05:00:00+05:30,demo-centroid,Synthetic centroid demo,18.625,73.84,62.83,synthetic,deterministic demo generator,28.83,45.51,2.2,298,0,synthetic,deterministic demo generator
2026-01-15T06:00:00+05:30,demo-centroid,Synthetic centroid demo,18.625,73.84,63.24,synthetic,deterministic demo generator,29.0,45.0,2.2,298,0,synthetic,deterministic demo generator
2026-01-15T07:00:00+05:30,demo-centroid,Synthetic centroid demo,18.625,73.84,62.83,synthetic,deterministic demo generator,28.83,45.51,2.2,298,0,synthetic,deterministic demo generator
2026-01-15T08:00:00+05:30,demo-centroid,Synthetic centroid demo,18.625,73.84,61.63,synthetic,deterministic demo generator,28.33,47.01,2.2,298,0,synthetic,deterministic demo generator
2026-01-15T09:00:00+05:30,demo-centroid,Synthetic centroid demo,18.625,73.84,59.73,synthetic,deterministic demo generator,27.54,49.39,2.2,298,0,synthetic,deterministic demo generator
2026-01-15T10:00:00+05:30,demo-centroid,Synthetic centroid demo,18.625,73.84,57.24,synthetic,deterministic demo generator,26.5,52.5,2.2,298,0,synthetic,deterministic demo generator
2026-01-15T11:00:00+05:30,demo-centroid,Synthetic centroid demo,18.625,73.84,54.35,synthetic,deterministic demo generator,25.29,56.12,2.2,298,0,synthetic,deterministic demo generator
2026-01-15T12:00:00+05:30,demo-centroid,Synthetic centroid demo,18.625,73.84,51.24,synthetic,deterministic demo generator,24.0,60.0,2.2,298,0,synthetic,deterministic demo generator
2026-01-15T13:00:00+05:30,demo-centroid,Synthetic centroid demo,18.625,73.84,48.13,synthetic,deterministic demo generator,22.71,63.88,2.2,298,0,synthetic,deterministic demo generator
2026-01-15T14:00:00+05:30,demo-centroid,Synthetic centroid demo,18.625,73.84,45.24,synthetic,deterministic demo generator,21.5,67.5,2.2,298,0,synthetic,deterministic demo generator
2026-01-15T15:00:00+05:30,demo-centroid,Synthetic centroid demo,18.625,73.84,42.75,synthetic,deterministic demo generator,20.46,70.61,2.2,298,0,synthetic,deterministic demo generator
2026-01-15T16:00:00+05:30,demo-centroid,Synthetic centroid demo,18.625,73.84,40.85,synthetic,deterministic demo generator,19.67,72.99,2.2,298,0,synthetic,deterministic demo generator
2026-01-15T17:00:00+05:30,demo-centroid,Synthetic centroid demo,18.625,73.84,39.65,synthetic,deterministic demo generator,19.17,74.49,2.2,298,0,synthetic,deterministic demo generator
2026-01-15T18:00:00+05:30,demo-centroid,Synthetic centroid demo,18.625,73.84,39.24,synthetic,deterministic demo generator,19.0,75.0,2.2,298,0,synthetic,deterministic demo generator
2026-01-15T19:00:00+05:30,demo-centroid,Synthetic centroid demo,18.625,73.84,39.65,synthetic,deterministic demo generator,19.17,74.49,2.2,298,0,synthetic,deterministic demo generator
2026-01-15T20:00:00+05:30,demo-centroid,Synthetic centroid demo,18.625,73.84,40.85,synthetic,deterministic demo generator,19.67,72.99,2.2,298,0,synthetic,deterministic demo generator
2026-01-15T21:00:00+05:30,demo-centroid,Synthetic centroid demo,18.625,73.84,42.75,synthetic,deterministic demo generator,20.46,70.61,2.2,298,0,synthetic,deterministic demo generator
2026-01-15T22:00:00+05:30,demo-centroid,Synthetic centroid demo,18.625,73.84,45.24,synthetic,deterministic demo generator,21.5,67.5,2.2,298,0,synthetic,deterministic demo generator
2026-01-15T23:00:00+05:30,demo-centroid,Synthetic centroid demo,18.625,73.84,48.13,synthetic,deterministic demo generator,22.71,63.88,2.2,298,0,synthetic,deterministic demo generator
2026-01-16T00:00:00+05:30,demo-centroid,Synthetic centroid demo,18.625,73.84,51.89,synthetic,deterministic demo generator,24.0,60.0,1.95,311,0,synthetic,deterministic demo generator
2026-01-16T01:00:00+05:30,demo-centroid,Synthetic centroid demo,18.625,73.84,54.99,synthetic,deterministic demo generator,25.29,56.12,1.95,311,0,synthetic,deterministic demo generator
2026-01-16T02:00:00+05:30,demo-centroid,Synthetic centroid demo,18.625,73.84,57.89,synthetic,deterministic demo generator,26.5,52.5,1.95,311,0,synthetic,deterministic demo generator
2026-01-16T03:00:00+05:30,demo-centroid,Synthetic centroid demo,18.625,73.84,60.37,synthetic,deterministic demo generator,27.54,49.39,1.95,311,0,synthetic,deterministic demo generator
2026-01-16T04:00:00+05:30,demo-centroid,Synthetic centroid demo,18.625,73.84,62.28,synthetic,deterministic demo generator,28.33,47.01,1.95,311,0,synthetic,deterministic demo generator
2026-01-16T05:00:00+05:30,demo-centroid,Synthetic centroid demo,18.625,73.84,63.48,synthetic,deterministic demo generator,28.83,45.51,1.95,311,0,synthetic,deterministic demo generator
2026-01-16T06:00:00+05:30,demo-centroid,Synthetic centroid demo,18.625,73.84,63.89,synthetic,deterministic demo generator,29.0,45.0,1.95,311,0,synthetic,deterministic demo generator
2026-01-16T07:00:00+05:30,demo-centroid,Synthetic centroid demo,18.625,73.84,63.48,synthetic,deterministic demo generator,28.83,45.51,1.95,311,0,synthetic,deterministic demo generator
2026-01-16T08:00:00+05:30,demo-centroid,Synthetic centroid demo,18.625,73.84,62.28,synthetic,deterministic demo generator,28.33,47.01,1.95,311,0,synthetic,deterministic demo generator
2026-01-16T09:00:00+05:30,demo-centroid,Synthetic centroid demo,18.625,73.84,60.37,synthetic,deterministic demo generator,27.54,49.39,1.95,311,0,synthetic,deterministic demo generator
2026-01-16T10:00:00+05:30,demo-centroid,Synthetic centroid demo,18.625,73.84,57.89,synthetic,deterministic demo generator,26.5,52.5,1.95,311,0,synthetic,deterministic demo generator
2026-01-16T11:00:00+05:30,demo-centroid,Synthetic centroid demo,18.625,73.84,54.99,synthetic,deterministic demo generator,25.29,56.12,1.95,311,0,synthetic,deterministic demo generator
2026-01-16T12:00:00+05:30,demo-centroid,Synthetic centroid demo,18.625,73.84,51.89,synthetic,deterministic demo generator,24.0,60.0,1.95,311,0,synthetic,deterministic demo generator
2026-01-16T13:00:00+05:30,demo-centroid,Synthetic centroid demo,18.625,73.84,48.78,synthetic,deterministic demo generator,22.71,63.88,1.95,311,0,synthetic,deterministic demo generator
2026-01-16T14:00:00+05:30,demo-centroid,Synthetic centroid demo,18.625,73.84,45.89,synthetic,deterministic demo generator,21.5,67.5,1.95,311,0,synthetic,deterministic demo generator
2026-01-16T15:00:00+05:30,demo-centroid,Synthetic centroid demo,18.625,73.84,43.4,synthetic,deterministic demo generator,20.46,70.61,1.95,311,0,synthetic,deterministic demo generator
2026-01-16T16:00:00+05:30,demo-centroid,Synthetic centroid demo,18.625,73.84,41.5,synthetic,deterministic demo generator,19.67,72.99,1.95,311,0,synthetic,deterministic demo generator
2026-01-16T17:00:00+05:30,demo-centroid,Synthetic centroid demo,18.625,73.84,40.3,synthetic,deterministic demo generator,19.17,74.49,1.95,311,0,synthetic,deterministic demo generator
2026-01-16T18:00:00+05:30,demo-centroid,Synthetic centroid demo,18.625,73.84,39.89,synthetic,deterministic demo generator,19.0,75.0,1.95,311,0,synthetic,deterministic demo generator
2026-01-16T19:00:00+05:30,demo-centroid,Synthetic centroid demo,18.625,73.84,40.3,synthetic,deterministic demo generator,19.17,74.49,1.95,311,0,synthetic,deterministic demo generator
2026-01-16T20:00:00+05:30,demo-centroid,Synthetic centroid demo,18.625,73.84,41.5,synthetic,deterministic demo generator,19.67,72.99,1.95,311,0,synthetic,deterministic demo generator
2026-01-16T21:00:00+05:30,demo-centroid,Synthetic centroid demo,18.625,73.84,43.4,synthetic,deterministic demo generator,20.46,70.61,1.95,311,0,synthetic,deterministic demo generator
2026-01-16T22:00:00+05:30,demo-centroid,Synthetic centroid demo,18.625,73.84,45.89,synthetic,deterministic demo generator,21.5,67.5,1.95,311,0,synthetic,deterministic demo generator
2026-01-16T23:00:00+05:30,demo-centroid,Synthetic centroid demo,18.625,73.84,48.78,synthetic,deterministic demo generator,22.71,63.88,1.95,311,0,synthetic,deterministic demo generator
2026-01-17T00:00:00+05:30,demo-centroid,Synthetic centroid demo,18.625,73.84,52.7,synthetic,deterministic demo generator,24.0,60.0,1.71,324,0,synthetic,deterministic demo generator
2026-01-17T01:00:00+05:30,demo-centroid,Synthetic centroid demo,18.625,73.84,55.81,synthetic,deterministic demo generator,25.29,56.12,1.71,324,0,synthetic,deterministic demo generator
2026-01-17T02:00:00+05:30,demo-centroid,Synthetic centroid demo,18.625,73.84,58.7,synthetic,deterministic demo generator,26.5,52.5,1.71,324,0,synthetic,deterministic demo generator
2026-01-17T03:00:00+05:30,demo-centroid,Synthetic centroid demo,18.625,73.84,61.19,synthetic,deterministic demo generator,27.54,49.39,1.71,324,0,synthetic,deterministic demo generator
2026-01-17T04:00:00+05:30,demo-centroid,Synthetic centroid demo,18.625,73.84,63.1,synthetic,deterministic demo generator,28.33,47.01,1.71,324,0,synthetic,deterministic demo generator
2026-01-17T05:00:00+05:30,demo-centroid,Synthetic centroid demo,18.625,73.84,64.29,synthetic,deterministic demo generator,28.83,45.51,1.71,324,0,synthetic,deterministic demo generator
2026-01-17T06:00:00+05:30,demo-centroid,Synthetic centroid demo,18.625,73.84,64.7,synthetic,deterministic demo generator,29.0,45.0,1.71,324,0,synthetic,deterministic demo generator
2026-01-17T07:00:00+05:30,demo-centroid,Synthetic centroid demo,18.625,73.84,64.29,synthetic,deterministic demo generator,28.83,45.51,1.71,324,0,synthetic,deterministic demo generator
2026-01-17T08:00:00+05:30,demo-centroid,Synthetic centroid demo,18.625,73.84,63.1,synthetic,deterministic demo generator,28.33,47.01,1.71,324,0,synthetic,deterministic demo generator
2026-01-17T09:00:00+05:30,demo-centroid,Synthetic centroid demo,18.625,73.84,61.19,synthetic,deterministic demo generator,27.54,49.39,1.71,324,0,synthetic,deterministic demo generator
2026-01-17T10:00:00+05:30,demo-centroid,Synthetic centroid demo,18.625,73.84,58.7,synthetic,deterministic demo generator,26.5,52.5,1.71,324,0,synthetic,deterministic demo generator
2026-01-17T11:00:00+05:30,demo-centroid,Synthetic centroid demo,18.625,73.84,55.81,synthetic,deterministic demo generator,25.29,56.12,1.71,324,0,synthetic,deterministic demo generator
2026-01-17T12:00:00+05:30,demo-centroid,Synthetic centroid demo,18.625,73.84,52.7,synthetic,deterministic demo generator,24.0,60.0,1.71,324,0,synthetic,deterministic demo generator
2026-01-17T13:00:00+05:30,demo-centroid,Synthetic centroid demo,18.625,73.84,49.6,synthetic,deterministic demo generator,22.71,63.88,1.71,324,0,synthetic,deterministic demo generator
2026-01-17T14:00:00+05:30,demo-centroid,Synthetic centroid demo,18.625,73.84,46.7,synthetic,deterministic demo generator,21.5,67.5,1.71,324,0,synthetic,deterministic demo generator
2026-01-17T15:00:00+05:30,demo-centroid,Synthetic centroid demo,18.625,73.84,44.22,synthetic,deterministic demo generator,20.46,70.61,1.71,324,0,synthetic,deterministic demo generator
2026-01-17T16:00:00+05:30,demo-centroid,Synthetic centroid demo,18.625,73.84,42.31,synthetic,deterministic demo generator,19.67,72.99,1.71,324,0,synthetic,deterministic demo generator
2026-01-17T17:00:00+05:30,demo-centroid,Synthetic centroid demo,18.625,73.84,41.11,synthetic,deterministic demo generator,19.17,74.49,1.71,324,0,synthetic,deterministic demo generator
2026-01-17T18:00:00+05:30,demo-centroid,Synthetic centroid demo,18.625,73.84,40.7,synthetic,deterministic demo generator,19.0,75.0,1.71,324,0,synthetic,deterministic demo generator
2026-01-17T19:00:00+05:30,demo-centroid,Synthetic centroid demo,18.625,73.84,41.11,synthetic,deterministic demo generator,19.17,74.49,1.71,324,0,synthetic,deterministic demo generator
2026-01-17T20:00:00+05:30,demo-centroid,Synthetic centroid demo,18.625,73.84,42.31,synthetic,deterministic demo generator,19.67,72.99,1.71,324,0,synthetic,deterministic demo generator
2026-01-17T21:00:00+05:30,demo-centroid,Synthetic centroid demo,18.625,73.84,44.22,synthetic,deterministic demo generator,20.46,70.61,1.71,324,0,synthetic,deterministic demo generator
2026-01-17T22:00:00+05:30,demo-centroid,Synthetic centroid demo,18.625,73.84,46.7,synthetic,deterministic demo generator,21.5,67.5,1.71,324,0,synthetic,deterministic demo generator
2026-01-17T23:00:00+05:30,demo-centroid,Synthetic centroid demo,18.625,73.84,49.6,synthetic,deterministic demo generator,22.71,63.88,1.71,324,0,synthetic,deterministic demo generator
2026-01-18T00:00:00+05:30,demo-centroid,Synthetic centroid demo,18.625,73.84,53.66,synthetic,deterministic demo generator,24.0,60.0,1.48,337,0,synthetic,deterministic demo generator
2026-01-18T01:00:00+05:30,demo-centroid,Synthetic centroid demo,18.625,73.84,56.77,synthetic,deterministic demo generator,25.29,56.12,1.48,337,0,synthetic,deterministic demo generator
2026-01-18T02:00:00+05:30,demo-centroid,Synthetic centroid demo,18.625,73.84,59.66,synthetic,deterministic demo generator,26.5,52.5,1.48,337,0,synthetic,deterministic demo generator
2026-01-18T03:00:00+05:30,demo-centroid,Synthetic centroid demo,18.625,73.84,62.15,synthetic,deterministic demo generator,27.54,49.39,1.48,337,0,synthetic,deterministic demo generator
2026-01-18T04:00:00+05:30,demo-centroid,Synthetic centroid demo,18.625,73.84,64.06,synthetic,deterministic demo generator,28.33,47.01,1.48,337,0,synthetic,deterministic demo generator
2026-01-18T05:00:00+05:30,demo-centroid,Synthetic centroid demo,18.625,73.84,65.25,synthetic,deterministic demo generator,28.83,45.51,1.48,337,0,synthetic,deterministic demo generator
2026-01-18T06:00:00+05:30,demo-centroid,Synthetic centroid demo,18.625,73.84,65.66,synthetic,deterministic demo generator,29.0,45.0,1.48,337,0,synthetic,deterministic demo generator
2026-01-18T07:00:00+05:30,demo-centroid,Synthetic centroid demo,18.625,73.84,65.25,synthetic,deterministic demo generator,28.83,45.51,1.48,337,0,synthetic,deterministic demo generator
2026-01-18T08:00:00+05:30,demo-centroid,Synthetic centroid demo,18.625,73.84,64.06,synthetic,deterministic demo generator,28.33,47.01,1.48,337,0,synthetic,deterministic demo generator
2026-01-18T09:00:00+05:30,demo-centroid,Synthetic centroid demo,18.625,73.84,62.15,synthetic,deterministic demo generator,27.54,49.39,1.48,337,0,synthetic,deterministic demo generator
2026-01-18T10:00:00+05:30,demo-centroid,Synthetic centroid demo,18.625,73.84,59.66,synthetic,deterministic demo generator,26.5,52.5,1.48,337,0,synthetic,deterministic demo generator
2026-01-18T11:00:00+05:30,demo-centroid,Synthetic centroid demo,18.625,73.84,56.77,synthetic,deterministic demo generator,25.29,56.12,1.48,337,0,synthetic,deterministic demo generator
2026-01-18T12:00:00+05:30,demo-centroid,Synthetic centroid demo,18.625,73.84,53.66,synthetic,deterministic demo generator,24.0,60.0,1.48,337,0,synthetic,deterministic demo generator
2026-01-18T13:00:00+05:30,demo-centroid,Synthetic centroid demo,18.625,73.84,50.56,synthetic,deterministic demo generator,22.71,63.88,1.48,337,0,synthetic,deterministic demo generator
2026-01-18T14:00:00+05:30,demo-centroid,Synthetic centroid demo,18.625,73.84,47.66,synthetic,deterministic demo generator,21.5,67.5,1.48,337,0,synthetic,deterministic demo generator
2026-01-18T15:00:00+05:30,demo-centroid,Synthetic centroid demo,18.625,73.84,45.18,synthetic,deterministic demo generator,20.46,70.61,1.48,337,0,synthetic,deterministic demo generator
2026-01-18T16:00:00+05:30,demo-centroid,Synthetic centroid demo,18.625,73.84,43.27,synthetic,deterministic demo generator,19.67,72.99,1.48,337,0,synthetic,deterministic demo generator
2026-01-18T17:00:00+05:30,demo-centroid,Synthetic centroid demo,18.625,73.84,42.07,synthetic,deterministic demo generator,19.17,74.49,1.48,337,0,synthetic,deterministic demo generator
2026-01-18T18:00:00+05:30,demo-centroid,Synthetic centroid demo,18.625,73.84,41.66,synthetic,deterministic demo generator,19.0,75.0,1.48,337,0,synthetic,deterministic demo generator
2026-01-18T19:00:00+05:30,demo-centroid,Synthetic centroid demo,18.625,73.84,42.07,synthetic,deterministic demo generator,19.17,74.49,1.48,337,0,synthetic,deterministic demo generator
2026-01-18T20:00:00+05:30,demo-centroid,Synthetic centroid demo,18.625,73.84,43.27,synthetic,deterministic demo generator,19.67,72.99,1.48,337,0,synthetic,deterministic demo generator
2026-01-18T21:00:00+05:30,demo-centroid,Synthetic centroid demo,18.625,73.84,45.18,synthetic,deterministic demo generator,20.46,70.61,1.48,337,0,synthetic,deterministic demo generator
2026-01-18T22:00:00+05:30,demo-centroid,Synthetic centroid demo,18.625,73.84,47.66,synthetic,deterministic demo generator,21.5,67.5,1.48,337,0,synthetic,deterministic demo generator
2026-01-18T23:00:00+05:30,demo-centroid,Synthetic centroid demo,18.625,73.84,50.56,synthetic,deterministic demo generator,22.71,63.88,1.48,337,0,synthetic,deterministic demo generator
2026-01-19T00:00:00+05:30,demo-centroid,Synthetic centroid demo,18.625,73.84,54.74,synthetic,deterministic demo generator,24.0,60.0,1.29,350,0,synthetic,deterministic demo generator
2026-01-19T01:00:00+05:30,demo-centroid,Synthetic centroid demo,18.625,73.84,57.85,synthetic,deterministic demo generator,25.29,56.12,1.29,350,0,synthetic,deterministic demo generator
2026-01-19T02:00:00+05:30,demo-centroid,Synthetic centroid demo,18.625,73.84,60.74,synthetic,deterministic demo generator,26.5,52.5,1.29,350,0,synthetic,deterministic demo generator
2026-01-19T03:00:00+05:30,demo-centroid,Synthetic centroid demo,18.625,73.84,63.23,synthetic,deterministic demo generator,27.54,49.39,1.29,350,0,synthetic,deterministic demo generator
2026-01-19T04:00:00+05:30,demo-centroid,Synthetic centroid demo,18.625,73.84,65.14,synthetic,deterministic demo generator,28.33,47.01,1.29,350,0,synthetic,deterministic demo generator
2026-01-19T05:00:00+05:30,demo-centroid,Synthetic centroid demo,18.625,73.84,66.34,synthetic,deterministic demo generator,28.83,45.51,1.29,350,0,synthetic,deterministic demo generator
2026-01-19T06:00:00+05:30,demo-centroid,Synthetic centroid demo,18.625,73.84,66.74,synthetic,deterministic demo generator,29.0,45.0,1.29,350,0,synthetic,deterministic demo generator
2026-01-19T07:00:00+05:30,demo-centroid,Synthetic centroid demo,18.625,73.84,66.34,synthetic,deterministic demo generator,28.83,45.51,1.29,350,0,synthetic,deterministic demo generator
2026-01-19T08:00:00+05:30,demo-centroid,Synthetic centroid demo,18.625,73.84,65.14,synthetic,deterministic demo generator,28.33,47.01,1.29,350,0,synthetic,deterministic demo generator
2026-01-19T09:00:00+05:30,demo-centroid,Synthetic centroid demo,18.625,73.84,63.23,synthetic,deterministic demo generator,27.54,49.39,1.29,350,0,synthetic,deterministic demo generator
2026-01-19T10:00:00+05:30,demo-centroid,Synthetic centroid demo,18.625,73.84,60.74,synthetic,deterministic demo generator,26.5,52.5,1.29,350,0,synthetic,deterministic demo generator
2026-01-19T11:00:00+05:30,demo-centroid,Synthetic centroid demo,18.625,73.84,57.85,synthetic,deterministic demo generator,25.29,56.12,1.29,350,0,synthetic,deterministic demo generator
2026-01-19T12:00:00+05:30,demo-centroid,Synthetic centroid demo,18.625,73.84,54.74,synthetic,deterministic demo generator,24.0,60.0,1.29,350,0,synthetic,deterministic demo generator
2026-01-19T13:00:00+05:30,demo-centroid,Synthetic centroid demo,18.625,73.84,51.64,synthetic,deterministic demo generator,22.71,63.88,1.29,350,0,synthetic,deterministic demo generator
2026-01-19T14:00:00+05:30,demo-centroid,Synthetic centroid demo,18.625,73.84,48.74,synthetic,deterministic demo generator,21.5,67.5,1.29,350,0,synthetic,deterministic demo generator
2026-01-19T15:00:00+05:30,demo-centroid,Synthetic centroid demo,18.625,73.84,46.26,synthetic,deterministic demo generator,20.46,70.61,1.29,350,0,synthetic,deterministic demo generator
2026-01-19T16:00:00+05:30,demo-centroid,Synthetic centroid demo,18.625,73.84,44.35,synthetic,deterministic demo generator,19.67,72.99,1.29,350,0,synthetic,deterministic demo generator
2026-01-19T17:00:00+05:30,demo-centroid,Synthetic centroid demo,18.625,73.84,43.15,synthetic,deterministic demo generator,19.17,74.49,1.29,350,0,synthetic,deterministic demo generator
2026-01-19T18:00:00+05:30,demo-centroid,Synthetic centroid demo,18.625,73.84,42.74,synthetic,deterministic demo generator,19.0,75.0,1.29,350,0,synthetic,deterministic demo generator
2026-01-19T19:00:00+05:30,demo-centroid,Synthetic centroid demo,18.625,73.84,43.15,synthetic,deterministic demo generator,19.17,74.49,1.29,350,0,synthetic,deterministic demo generator
2026-01-19T20:00:00+05:30,demo-centroid,Synthetic centroid demo,18.625,73.84,44.35,synthetic,deterministic demo generator,19.67,72.99,1.29,350,0,synthetic,deterministic demo generator
2026-01-19T21:00:00+05:30,demo-centroid,Synthetic centroid demo,18.625,73.84,46.26,synthetic,deterministic demo generator,20.46,70.61,1.29,350,0,synthetic,deterministic demo generator
2026-01-19T22:00:00+05:30,demo-centroid,Synthetic centroid demo,18.625,73.84,48.74,synthetic,deterministic demo generator,21.5,67.5,1.29,350,0,synthetic,deterministic demo generator
2026-01-19T23:00:00+05:30,demo-centroid,Synthetic centroid demo,18.625,73.84,51.64,synthetic,deterministic demo generator,22.71,63.88,1.29,350,0,synthetic,deterministic demo generator
2026-01-20T00:00:00+05:30,demo-centroid,Synthetic centroid demo,18.625,73.84,55.92,synthetic,deterministic demo generator,24.0,60.0,1.13,3,0,synthetic,deterministic demo generator
2026-01-20T01:00:00+05:30,demo-centroid,Synthetic centroid demo,18.625,73.84,59.03,synthetic,deterministic demo generator,25.29,56.12,1.13,3,0,synthetic,deterministic demo generator
2026-01-20T02:00:00+05:30,demo-centroid,Synthetic centroid demo,18.625,73.84,61.92,synthetic,deterministic demo generator,26.5,52.5,1.13,3,0,synthetic,deterministic demo generator
2026-01-20T03:00:00+05:30,demo-centroid,Synthetic centroid demo,18.625,73.84,64.41,synthetic,deterministic demo generator,27.54,49.39,1.13,3,0,synthetic,deterministic demo generator
2026-01-20T04:00:00+05:30,demo-centroid,Synthetic centroid demo,18.625,73.84,66.31,synthetic,deterministic demo generator,28.33,47.01,1.13,3,0,synthetic,deterministic demo generator
2026-01-20T05:00:00+05:30,demo-centroid,Synthetic centroid demo,18.625,73.84,67.51,synthetic,deterministic demo generator,28.83,45.51,1.13,3,0,synthetic,deterministic demo generator
2026-01-20T06:00:00+05:30,demo-centroid,Synthetic centroid demo,18.625,73.84,67.92,synthetic,deterministic demo generator,29.0,45.0,1.13,3,0,synthetic,deterministic demo generator
2026-01-20T07:00:00+05:30,demo-centroid,Synthetic centroid demo,18.625,73.84,67.51,synthetic,deterministic demo generator,28.83,45.51,1.13,3,0,synthetic,deterministic demo generator
2026-01-20T08:00:00+05:30,demo-centroid,Synthetic centroid demo,18.625,73.84,66.31,synthetic,deterministic demo generator,28.33,47.01,1.13,3,0,synthetic,deterministic demo generator
2026-01-20T09:00:00+05:30,demo-centroid,Synthetic centroid demo,18.625,73.84,64.41,synthetic,deterministic demo generator,27.54,49.39,1.13,3,0,synthetic,deterministic demo generator
2026-01-20T10:00:00+05:30,demo-centroid,Synthetic centroid demo,18.625,73.84,61.92,synthetic,deterministic demo generator,26.5,52.5,1.13,3,0,synthetic,deterministic demo generator
2026-01-20T11:00:00+05:30,demo-centroid,Synthetic centroid demo,18.625,73.84,59.03,synthetic,deterministic demo generator,25.29,56.12,1.13,3,0,synthetic,deterministic demo generator
2026-01-20T12:00:00+05:30,demo-centroid,Synthetic centroid demo,18.625,73.84,55.92,synthetic,deterministic demo generator,24.0,60.0,1.13,3,0,synthetic,deterministic demo generator
2026-01-20T13:00:00+05:30,demo-centroid,Synthetic centroid demo,18.625,73.84,52.82,synthetic,deterministic demo generator,22.71,63.88,1.13,3,0,synthetic,deterministic demo generator
2026-01-20T14:00:00+05:30,demo-centroid,Synthetic centroid demo,18.625,73.84,49.92,synthetic,deterministic demo generator,21.5,67.5,1.13,3,0,synthetic,deterministic demo generator
2026-01-20T15:00:00+05:30,demo-centroid,Synthetic centroid demo,18.625,73.84,47.44,synthetic,deterministic demo generator,20.46,70.61,1.13,3,0,synthetic,deterministic demo generator
2026-01-20T16:00:00+05:30,demo-centroid,Synthetic centroid demo,18.625,73.84,45.53,synthetic,deterministic demo generator,19.67,72.99,1.13,3,0,synthetic,deterministic demo generator
2026-01-20T17:00:00+05:30,demo-centroid,Synthetic centroid demo,18.625,73.84,44.33,synthetic,deterministic demo generator,19.17,74.49,1.13,3,0,synthetic,deterministic demo generator
2026-01-20T18:00:00+05:30,demo-centroid,Synthetic centroid demo,18.625,73.84,43.92,synthetic,deterministic demo generator,19.0,75.0,1.13,3,0,synthetic,deterministic demo generator
2026-01-20T19:00:00+05:30,demo-centroid,Synthetic centroid demo,18.625,73.84,44.33,synthetic,deterministic demo generator,19.17,74.49,1.13,3,0,synthetic,deterministic demo generator
2026-01-20T20:00:00+05:30,demo-centroid,Synthetic centroid demo,18.625,73.84,45.53,synthetic,deterministic demo generator,19.67,72.99,1.13,3,0,synthetic,deterministic demo generator
2026-01-20T21:00:00+05:30,demo-centroid,Synthetic centroid demo,18.625,73.84,47.44,synthetic,deterministic demo generator,20.46,70.61,1.13,3,0,synthetic,deterministic demo generator
2026-01-20T22:00:00+05:30,demo-centroid,Synthetic centroid demo,18.625,73.84,49.92,synthetic,deterministic demo generator,21.5,67.5,1.13,3,0,synthetic,deterministic demo generator
2026-01-20T23:00:00+05:30,demo-centroid,Synthetic centroid demo,18.625,73.84,52.82,synthetic,deterministic demo generator,22.71,63.88,1.13,3,0,synthetic,deterministic demo generator
2026-01-21T00:00:00+05:30,demo-centroid,Synthetic centroid demo,18.625,73.84,57.17,synthetic,deterministic demo generator,24.0,60.0,1.04,16,0,synthetic,deterministic demo generator
2026-01-21T01:00:00+05:30,demo-centroid,Synthetic centroid demo,18.625,73.84,60.27,synthetic,deterministic demo generator,25.29,56.12,1.04,16,0,synthetic,deterministic demo generator
2026-01-21T02:00:00+05:30,demo-centroid,Synthetic centroid demo,18.625,73.84,63.17,synthetic,deterministic demo generator,26.5,52.5,1.04,16,0,synthetic,deterministic demo generator
2026-01-21T03:00:00+05:30,demo-centroid,Synthetic centroid demo,18.625,73.84,65.65,synthetic,deterministic demo generator,27.54,49.39,1.04,16,0,synthetic,deterministic demo generator
2026-01-21T04:00:00+05:30,demo-centroid,Synthetic centroid demo,18.625,73.84,67.56,synthetic,deterministic demo generator,28.33,47.01,1.04,16,0,synthetic,deterministic demo generator
2026-01-21T05:00:00+05:30,demo-centroid,Synthetic centroid demo,18.625,73.84,68.76,synthetic,deterministic demo generator,28.83,45.51,1.04,16,0,synthetic,deterministic demo generator
2026-01-21T06:00:00+05:30,demo-centroid,Synthetic centroid demo,18.625,73.84,69.17,synthetic,deterministic demo generator,29.0,45.0,1.04,16,0,synthetic,deterministic demo generator
2026-01-21T07:00:00+05:30,demo-centroid,Synthetic centroid demo,18.625,73.84,68.76,synthetic,deterministic demo generator,28.83,45.51,1.04,16,0,synthetic,deterministic demo generator
2026-01-21T08:00:00+05:30,demo-centroid,Synthetic centroid demo,18.625,73.84,67.56,synthetic,deterministic demo generator,28.33,47.01,1.04,16,0,synthetic,deterministic demo generator
2026-01-21T09:00:00+05:30,demo-centroid,Synthetic centroid demo,18.625,73.84,65.65,synthetic,deterministic demo generator,27.54,49.39,1.04,16,0,synthetic,deterministic demo generator
2026-01-21T10:00:00+05:30,demo-centroid,Synthetic centroid demo,18.625,73.84,63.17,synthetic,deterministic demo generator,26.5,52.5,1.04,16,0,synthetic,deterministic demo generator
2026-01-21T11:00:00+05:30,demo-centroid,Synthetic centroid demo,18.625,73.84,60.27,synthetic,deterministic demo generator,25.29,56.12,1.04,16,0,synthetic,deterministic demo generator
2026-01-21T12:00:00+05:30,demo-centroid,Synthetic centroid demo,18.625,73.84,57.17,synthetic,deterministic demo generator,24.0,60.0,1.04,16,0,synthetic,deterministic demo generator
2026-01-21T13:00:00+05:30,demo-centroid,Synthetic centroid demo,18.625,73.84,54.06,synthetic,deterministic demo generator,22.71,63.88,1.04,16,0,synthetic,deterministic demo generator
2026-01-21T14:00:00+05:30,demo-centroid,Synthetic centroid demo,18.625,73.84,51.17,synthetic,deterministic demo generator,21.5,67.5,1.04,16,0,synthetic,deterministic demo generator
2026-01-21T15:00:00+05:30,demo-centroid,Synthetic centroid demo,18.625,73.84,48.68,synthetic,deterministic demo generator,20.46,70.61,1.04,16,0,synthetic,deterministic demo generator
2026-01-21T16:00:00+05:30,demo-centroid,Synthetic centroid demo,18.625,73.84,46.77,synthetic,deterministic demo generator,19.67,72.99,1.04,16,0,synthetic,deterministic demo generator
2026-01-21T17:00:00+05:30,demo-centroid,Synthetic centroid demo,18.625,73.84,45.58,synthetic,deterministic demo generator,19.17,74.49,1.04,16,0,synthetic,deterministic demo generator
2026-01-21T18:00:00+05:30,demo-centroid,Synthetic centroid demo,18.625,73.84,45.17,synthetic,deterministic demo generator,19.0,75.0,1.04,16,0,synthetic,deterministic demo generator
2026-01-21T19:00:00+05:30,demo-centroid,Synthetic centroid demo,18.625,73.84,45.58,synthetic,deterministic demo generator,19.17,74.49,1.04,16,0,synthetic,deterministic demo generator
2026-01-21T20:00:00+05:30,demo-centroid,Synthetic centroid demo,18.625,73.84,46.77,synthetic,deterministic demo generator,19.67,72.99,1.04,16,0,synthetic,deterministic demo generator
2026-01-21T21:00:00+05:30,demo-centroid,Synthetic centroid demo,18.625,73.84,48.68,synthetic,deterministic demo generator,20.46,70.61,1.04,16,0,synthetic,deterministic demo generator
2026-01-21T22:00:00+05:30,demo-centroid,Synthetic centroid demo,18.625,73.84,51.17,synthetic,deterministic demo generator,21.5,67.5,1.04,16,0,synthetic,deterministic demo generator
2026-01-21T23:00:00+05:30,demo-centroid,Synthetic centroid demo,18.625,73.84,54.06,synthetic,deterministic demo generator,22.71,63.88,1.04,16,0,synthetic,deterministic demo generator
2026-01-22T00:00:00+05:30,demo-centroid,Synthetic centroid demo,18.625,73.84,58.45,synthetic,deterministic demo generator,24.0,60.0,1.0,29,0,synthetic,deterministic demo generator
2026-01-22T01:00:00+05:30,demo-centroid,Synthetic centroid demo,18.625,73.84,61.55,synthetic,deterministic demo generator,25.29,56.12,1.0,29,0,synthetic,deterministic demo generator
2026-01-22T02:00:00+05:30,demo-centroid,Synthetic centroid demo,18.625,73.84,64.45,synthetic,deterministic demo generator,26.5,52.5,1.0,29,0,synthetic,deterministic demo generator
2026-01-22T03:00:00+05:30,demo-centroid,Synthetic centroid demo,18.625,73.84,66.93,synthetic,deterministic demo generator,27.54,49.39,1.0,29,0,synthetic,deterministic demo generator
2026-01-22T04:00:00+05:30,demo-centroid,Synthetic centroid demo,18.625,73.84,68.84,synthetic,deterministic demo generator,28.33,47.01,1.0,29,0,synthetic,deterministic demo generator
2026-01-22T05:00:00+05:30,demo-centroid,Synthetic centroid demo,18.625,73.84,70.04,synthetic,deterministic demo generator,28.83,45.51,1.0,29,0,synthetic,deterministic demo generator
2026-01-22T06:00:00+05:30,demo-centroid,Synthetic centroid demo,18.625,73.84,70.45,synthetic,deterministic demo generator,29.0,45.0,1.0,29,0,synthetic,deterministic demo generator
2026-01-22T07:00:00+05:30,demo-centroid,Synthetic centroid demo,18.625,73.84,70.04,synthetic,deterministic demo generator,28.83,45.51,1.0,29,0,synthetic,deterministic demo generator
2026-01-22T08:00:00+05:30,demo-centroid,Synthetic centroid demo,18.625,73.84,68.84,synthetic,deterministic demo generator,28.33,47.01,1.0,29,0,synthetic,deterministic demo generator
2026-01-22T09:00:00+05:30,demo-centroid,Synthetic centroid demo,18.625,73.84,66.93,synthetic,deterministic demo generator,27.54,49.39,1.0,29,0,synthetic,deterministic demo generator
2026-01-22T10:00:00+05:30,demo-centroid,Synthetic centroid demo,18.625,73.84,64.45,synthetic,deterministic demo generator,26.5,52.5,1.0,29,0,synthetic,deterministic demo generator
2026-01-22T11:00:00+05:30,demo-centroid,Synthetic centroid demo,18.625,73.84,61.55,synthetic,deterministic demo generator,25.29,56.12,1.0,29,0,synthetic,deterministic demo generator
2026-01-22T12:00:00+05:30,demo-centroid,Synthetic centroid demo,18.625,73.84,58.45,synthetic,deterministic demo generator,24.0,60.0,1.0,29,0,synthetic,deterministic demo generator
2026-01-22T13:00:00+05:30,demo-centroid,Synthetic centroid demo,18.625,73.84,55.34,synthetic,deterministic demo generator,22.71,63.88,1.0,29,0,synthetic,deterministic demo generator
2026-01-22T14:00:00+05:30,demo-centroid,Synthetic centroid demo,18.625,73.84,52.45,synthetic,deterministic demo generator,21.5,67.5,1.0,29,0,synthetic,deterministic demo generator
2026-01-22T15:00:00+05:30,demo-centroid,Synthetic centroid demo,18.625,73.84,49.96,synthetic,deterministic demo generator,20.46,70.61,1.0,29,0,synthetic,deterministic demo generator
2026-01-22T16:00:00+05:30,demo-centroid,Synthetic centroid demo,18.625,73.84,48.05,synthetic,deterministic demo generator,19.67,72.99,1.0,29,0,synthetic,deterministic demo generator
2026-01-22T17:00:00+05:30,demo-centroid,Synthetic centroid demo,18.625,73.84,46.86,synthetic,deterministic demo generator,19.17,74.49,1.0,29,0,synthetic,deterministic demo generator
2026-01-22T18:00:00+05:30,demo-centroid,Synthetic centroid demo,18.625,73.84,46.45,synthetic,deterministic demo generator,19.0,75.0,1.0,29,0,synthetic,deterministic demo generator
2026-01-22T19:00:00+05:30,demo-centroid,Synthetic centroid demo,18.625,73.84,46.86,synthetic,deterministic demo generator,19.17,74.49,1.0,29,0,synthetic,deterministic demo generator
2026-01-22T20:00:00+05:30,demo-centroid,Synthetic centroid demo,18.625,73.84,48.05,synthetic,deterministic demo generator,19.67,72.99,1.0,29,0,synthetic,deterministic demo generator
2026-01-22T21:00:00+05:30,demo-centroid,Synthetic centroid demo,18.625,73.84,49.96,synthetic,deterministic demo generator,20.46,70.61,1.0,29,0,synthetic,deterministic demo generator
2026-01-22T22:00:00+05:30,demo-centroid,Synthetic centroid demo,18.625,73.84,52.45,synthetic,deterministic demo generator,21.5,67.5,1.0,29,0,synthetic,deterministic demo generator
2026-01-22T23:00:00+05:30,demo-centroid,Synthetic centroid demo,18.625,73.84,55.34,synthetic,deterministic demo generator,22.71,63.88,1.0,29,0,synthetic,deterministic demo generator
2026-01-23T00:00:00+05:30,demo-centroid,Synthetic centroid demo,18.625,73.84,59.73,synthetic,deterministic demo generator,24.0,60.0,1.03,42,0,synthetic,deterministic demo generator
2026-01-23T01:00:00+05:30,demo-centroid,Synthetic centroid demo,18.625,73.84,62.83,synthetic,deterministic demo generator,25.29,56.12,1.03,42,0,synthetic,deterministic demo generator
2026-01-23T02:00:00+05:30,demo-centroid,Synthetic centroid demo,18.625,73.84,65.73,synthetic,deterministic demo generator,26.5,52.5,1.03,42,0,synthetic,deterministic demo generator
2026-01-23T03:00:00+05:30,demo-centroid,Synthetic centroid demo,18.625,73.84,68.21,synthetic,deterministic demo generator,27.54,49.39,1.03,42,0,synthetic,deterministic demo generator
2026-01-23T04:00:00+05:30,demo-centroid,Synthetic centroid demo,18.625,73.84,70.12,synthetic,deterministic demo generator,28.33,47.01,1.03,42,0,synthetic,deterministic demo generator
2026-01-23T05:00:00+05:30,demo-centroid,Synthetic centroid demo,18.625,73.84,71.32,synthetic,deterministic demo generator,28.83,45.51,1.03,42,0,synthetic,deterministic demo generator
2026-01-23T06:00:00+05:30,demo-centroid,Synthetic centroid demo,18.625,73.84,71.73,synthetic,deterministic demo generator,29.0,45.0,1.03,42,0,synthetic,deterministic demo generator
2026-01-23T07:00:00+05:30,demo-centroid,Synthetic centroid demo,18.625,73.84,71.32,synthetic,deterministic demo generator,28.83,45.51,1.03,42,0,synthetic,deterministic demo generator
2026-01-23T08:00:00+05:30,demo-centroid,Synthetic centroid demo,18.625,73.84,70.12,synthetic,deterministic demo generator,28.33,47.01,1.03,42,0,synthetic,deterministic demo generator
2026-01-23T09:00:00+05:30,demo-centroid,Synthetic centroid demo,18.625,73.84,68.21,synthetic,deterministic demo generator,27.54,49.39,1.03,42,0,synthetic,deterministic demo generator
2026-01-23T10:00:00+05:30,demo-centroid,Synthetic centroid demo,18.625,73.84,65.73,synthetic,deterministic demo generator,26.5,52.5,1.03,42,0,synthetic,deterministic demo generator
2026-01-23T11:00:00+05:30,demo-centroid,Synthetic centroid demo,18.625,73.84,62.83,synthetic,deterministic demo generator,25.29,56.12,1.03,42,0,synthetic,deterministic demo generator
2026-01-23T12:00:00+05:30,demo-centroid,Synthetic centroid demo,18.625,73.84,59.73,synthetic,deterministic demo generator,24.0,60.0,1.03,42,0,synthetic,deterministic demo generator
2026-01-23T13:00:00+05:30,demo-centroid,Synthetic centroid demo,18.625,73.84,56.62,synthetic,deterministic demo generator,22.71,63.88,1.03,42,0,synthetic,deterministic demo generator
2026-01-23T14:00:00+05:30,demo-centroid,Synthetic centroid demo,18.625,73.84,53.73,synthetic,deterministic demo generator,21.5,67.5,1.03,42,0,synthetic,deterministic demo generator
2026-01-23T15:00:00+05:30,demo-centroid,Synthetic centroid demo,18.625,73.84,51.24,synthetic,deterministic demo generator,20.46,70.61,1.03,42,0,synthetic,deterministic demo generator
2026-01-23T16:00:00+05:30,demo-centroid,Synthetic centroid demo,18.625,73.84,49.34,synthetic,deterministic demo generator,19.67,72.99,1.03,42,0,synthetic,deterministic demo generator
2026-01-23T17:00:00+05:30,demo-centroid,Synthetic centroid demo,18.625,73.84,48.14,synthetic,deterministic demo generator,19.17,74.49,1.03,42,0,synthetic,deterministic demo generator
2026-01-23T18:00:00+05:30,demo-centroid,Synthetic centroid demo,18.625,73.84,47.73,synthetic,deterministic demo generator,19.0,75.0,1.03,42,0,synthetic,deterministic demo generator
2026-01-23T19:00:00+05:30,demo-centroid,Synthetic centroid demo,18.625,73.84,48.14,synthetic,deterministic demo generator,19.17,74.49,1.03,42,0,synthetic,deterministic demo generator
2026-01-23T20:00:00+05:30,demo-centroid,Synthetic centroid demo,18.625,73.84,49.34,synthetic,deterministic demo generator,19.67,72.99,1.03,42,0,synthetic,deterministic demo generator
2026-01-23T21:00:00+05:30,demo-centroid,Synthetic centroid demo,18.625,73.84,51.24,synthetic,deterministic demo generator,20.46,70.61,1.03,42,0,synthetic,deterministic demo generator
2026-01-23T22:00:00+05:30,demo-centroid,Synthetic centroid demo,18.625,73.84,53.73,synthetic,deterministic demo generator,21.5,67.5,1.03,42,0,synthetic,deterministic demo generator
2026-01-23T23:00:00+05:30,demo-centroid,Synthetic centroid demo,18.625,73.84,56.62,synthetic,deterministic demo generator,22.71,63.88,1.03,42,0,synthetic,deterministic demo generator
2026-01-24T00:00:00+05:30,demo-centroid,Synthetic centroid demo,18.625,73.84,60.98,synthetic,deterministic demo generator,24.0,60.0,1.11,55,0,synthetic,deterministic demo generator
2026-01-24T01:00:00+05:30,demo-centroid,Synthetic centroid demo,18.625,73.84,64.09,synthetic,deterministic demo generator,25.29,56.12,1.11,55,0,synthetic,deterministic demo generator
2026-01-24T02:00:00+05:30,demo-centroid,Synthetic centroid demo,18.625,73.84,66.98,synthetic,deterministic demo generator,26.5,52.5,1.11,55,0,synthetic,deterministic demo generator
2026-01-24T03:00:00+05:30,demo-centroid,Synthetic centroid demo,18.625,73.84,69.47,synthetic,deterministic demo generator,27.54,49.39,1.11,55,0,synthetic,deterministic demo generator
2026-01-24T04:00:00+05:30,demo-centroid,Synthetic centroid demo,18.625,73.84,71.38,synthetic,deterministic demo generator,28.33,47.01,1.11,55,0,synthetic,deterministic demo generator
2026-01-24T05:00:00+05:30,demo-centroid,Synthetic centroid demo,18.625,73.84,72.57,synthetic,deterministic demo generator,28.83,45.51,1.11,55,0,synthetic,deterministic demo generator
2026-01-24T06:00:00+05:30,demo-centroid,Synthetic centroid demo,18.625,73.84,72.98,synthetic,deterministic demo generator,29.0,45.0,1.11,55,0,synthetic,deterministic demo generator
2026-01-24T07:00:00+05:30,demo-centroid,Synthetic centroid demo,18.625,73.84,72.57,synthetic,deterministic demo generator,28.83,45.51,1.11,55,0,synthetic,deterministic demo generator
2026-01-24T08:00:00+05:30,demo-centroid,Synthetic centroid demo,18.625,73.84,71.38,synthetic,deterministic demo generator,28.33,47.01,1.11,55,0,synthetic,deterministic demo generator
2026-01-24T09:00:00+05:30,demo-centroid,Synthetic centroid demo,18.625,73.84,69.47,synthetic,deterministic demo generator,27.54,49.39,1.11,55,0,synthetic,deterministic demo generator
2026-01-24T10:00:00+05:30,demo-centroid,Synthetic centroid demo,18.625,73.84,66.98,synthetic,deterministic demo generator,26.5,52.5,1.11,55,0,synthetic,deterministic demo generator
2026-01-24T11:00:00+05:30,demo-centroid,Synthetic centroid demo,18.625,73.84,64.09,synthetic,deterministic demo generator,25.29,56.12,1.11,55,0,synthetic,deterministic demo generator
2026-01-24T12:00:00+05:30,demo-centroid,Synthetic centroid demo,18.625,73.84,60.98,synthetic,deterministic demo generator,24.0,60.0,1.11,55,0,synthetic,deterministic demo generator
2026-01-24T13:00:00+05:30,demo-centroid,Synthetic centroid demo,18.625,73.84,57.88,synthetic,deterministic demo generator,22.71,63.88,1.11,55,0,synthetic,deterministic demo generator
2026-01-24T14:00:00+05:30,demo-centroid,Synthetic centroid demo,18.625,73.84,54.98,synthetic,deterministic demo generator,21.5,67.5,1.11,55,0,synthetic,deterministic demo generator
2026-01-24T15:00:00+05:30,demo-centroid,Synthetic centroid demo,18.625,73.84,52.5,synthetic,deterministic demo generator,20.46,70.61,1.11,55,0,synthetic,deterministic demo generator
2026-01-24T16:00:00+05:30,demo-centroid,Synthetic centroid demo,18.625,73.84,50.59,synthetic,deterministic demo generator,19.67,72.99,1.11,55,0,synthetic,deterministic demo generator
2026-01-24T17:00:00+05:30,demo-centroid,Synthetic centroid demo,18.625,73.84,49.39,synthetic,deterministic demo generator,19.17,74.49,1.11,55,0,synthetic,deterministic demo generator
2026-01-24T18:00:00+05:30,demo-centroid,Synthetic centroid demo,18.625,73.84,48.98,synthetic,deterministic demo generator,19.0,75.0,1.11,55,0,synthetic,deterministic demo generator
2026-01-24T19:00:00+05:30,demo-centroid,Synthetic centroid demo,18.625,73.84,49.39,synthetic,deterministic demo generator,19.17,74.49,1.11,55,0,synthetic,deterministic demo generator
2026-01-24T20:00:00+05:30,demo-centroid,Synthetic centroid demo,18.625,73.84,50.59,synthetic,deterministic demo generator,19.67,72.99,1.11,55,0,synthetic,deterministic demo generator
2026-01-24T21:00:00+05:30,demo-centroid,Synthetic centroid demo,18.625,73.84,52.5,synthetic,deterministic demo generator,20.46,70.61,1.11,55,0,synthetic,deterministic demo generator
2026-01-24T22:00:00+05:30,demo-centroid,Synthetic centroid demo,18.625,73.84,54.98,synthetic,deterministic demo generator,21.5,67.5,1.11,55,0,synthetic,deterministic demo generator
2026-01-24T23:00:00+05:30,demo-centroid,Synthetic centroid demo,18.625,73.84,57.88,synthetic,deterministic demo generator,22.71,63.88,1.11,55,0,synthetic,deterministic demo generator
2026-01-25T00:00:00+05:30,demo-centroid,Synthetic centroid demo,18.625,73.84,62.18,synthetic,deterministic demo generator,24.0,60.0,1.25,68,0,synthetic,deterministic demo generator
2026-01-25T01:00:00+05:30,demo-centroid,Synthetic centroid demo,18.625,73.84,65.28,synthetic,deterministic demo generator,25.29,56.12,1.25,68,0,synthetic,deterministic demo generator
2026-01-25T02:00:00+05:30,demo-centroid,Synthetic centroid demo,18.625,73.84,68.18,synthetic,deterministic demo generator,26.5,52.5,1.25,68,0,synthetic,deterministic demo generator
2026-01-25T03:00:00+05:30,demo-centroid,Synthetic centroid demo,18.625,73.84,70.66,synthetic,deterministic demo generator,27.54,49.39,1.25,68,0,synthetic,deterministic demo generator
2026-01-25T04:00:00+05:30,demo-centroid,Synthetic centroid demo,18.625,73.84,72.57,synthetic,deterministic demo generator,28.33,47.01,1.25,68,0,synthetic,deterministic demo generator
2026-01-25T05:00:00+05:30,demo-centroid,Synthetic centroid demo,18.625,73.84,73.77,synthetic,deterministic demo generator,28.83,45.51,1.25,68,0,synthetic,deterministic demo generator
2026-01-25T06:00:00+05:30,demo-centroid,Synthetic centroid demo,18.625,73.84,74.18,synthetic,deterministic demo generator,29.0,45.0,1.25,68,0,synthetic,deterministic demo generator
2026-01-25T07:00:00+05:30,demo-centroid,Synthetic centroid demo,18.625,73.84,73.77,synthetic,deterministic demo generator,28.83,45.51,1.25,68,0,synthetic,deterministic demo generator
2026-01-25T08:00:00+05:30,demo-centroid,Synthetic centroid demo,18.625,73.84,72.57,synthetic,deterministic demo generator,28.33,47.01,1.25,68,0,synthetic,deterministic demo generator
2026-01-25T09:00:00+05:30,demo-centroid,Synthetic centroid demo,18.625,73.84,70.66,synthetic,deterministic demo generator,27.54,49.39,1.25,68,0,synthetic,deterministic demo generator
2026-01-25T10:00:00+05:30,demo-centroid,Synthetic centroid demo,18.625,73.84,68.18,synthetic,deterministic demo generator,26.5,52.5,1.25,68,0,synthetic,deterministic demo generator
2026-01-25T11:00:00+05:30,demo-centroid,Synthetic centroid demo,18.625,73.84,65.28,synthetic,deterministic demo generator,25.29,56.12,1.25,68,0,synthetic,deterministic demo generator
2026-01-25T12:00:00+05:30,demo-centroid,Synthetic centroid demo,18.625,73.84,62.18,synthetic,deterministic demo generator,24.0,60.0,1.25,68,0,synthetic,deterministic demo generator
2026-01-25T13:00:00+05:30,demo-centroid,Synthetic centroid demo,18.625,73.84,59.07,synthetic,deterministic demo generator,22.71,63.88,1.25,68,0,synthetic,deterministic demo generator
2026-01-25T14:00:00+05:30,demo-centroid,Synthetic centroid demo,18.625,73.84,56.18,synthetic,deterministic demo generator,21.5,67.5,1.25,68,0,synthetic,deterministic demo generator
2026-01-25T15:00:00+05:30,demo-centroid,Synthetic centroid demo,18.625,73.84,53.69,synthetic,deterministic demo generator,20.46,70.61,1.25,68,0,synthetic,deterministic demo generator
2026-01-25T16:00:00+05:30,demo-centroid,Synthetic centroid demo,18.625,73.84,51.78,synthetic,deterministic demo generator,19.67,72.99,1.25,68,0,synthetic,deterministic demo generator
2026-01-25T17:00:00+05:30,demo-centroid,Synthetic centroid demo,18.625,73.84,50.58,synthetic,deterministic demo generator,19.17,74.49,1.25,68,0,synthetic,deterministic demo generator
2026-01-25T18:00:00+05:30,demo-centroid,Synthetic centroid demo,18.625,73.84,50.18,synthetic,deterministic demo generator,19.0,75.0,1.25,68,0,synthetic,deterministic demo generator
2026-01-25T19:00:00+05:30,demo-centroid,Synthetic centroid demo,18.625,73.84,50.58,synthetic,deterministic demo generator,19.17,74.49,1.25,68,0,synthetic,deterministic demo generator
2026-01-25T20:00:00+05:30,demo-centroid,Synthetic centroid demo,18.625,73.84,51.78,synthetic,deterministic demo generator,19.67,72.99,1.25,68,0,synthetic,deterministic demo generator
2026-01-25T21:00:00+05:30,demo-centroid,Synthetic centroid demo,18.625,73.84,53.69,synthetic,deterministic demo generator,20.46,70.61,1.25,68,0,synthetic,deterministic demo generator
2026-01-25T22:00:00+05:30,demo-centroid,Synthetic centroid demo,18.625,73.84,56.18,synthetic,deterministic demo generator,21.5,67.5,1.25,68,0,synthetic,deterministic demo generator
2026-01-25T23:00:00+05:30,demo-centroid,Synthetic centroid demo,18.625,73.84,59.07,synthetic,deterministic demo generator,22.71,63.88,1.25,68,0,synthetic,deterministic demo generator
2026-01-26T00:00:00+05:30,demo-centroid,Synthetic centroid demo,18.625,73.84,63.28,synthetic,deterministic demo generator,24.0,60.0,1.44,81,0,synthetic,deterministic demo generator
2026-01-26T01:00:00+05:30,demo-centroid,Synthetic centroid demo,18.625,73.84,66.38,synthetic,deterministic demo generator,25.29,56.12,1.44,81,0,synthetic,deterministic demo generator
2026-01-26T02:00:00+05:30,demo-centroid,Synthetic centroid demo,18.625,73.84,69.28,synthetic,deterministic demo generator,26.5,52.5,1.44,81,0,synthetic,deterministic demo generator
2026-01-26T03:00:00+05:30,demo-centroid,Synthetic centroid demo,18.625,73.84,71.76,synthetic,deterministic demo generator,27.54,49.39,1.44,81,0,synthetic,deterministic demo generator
2026-01-26T04:00:00+05:30,demo-centroid,Synthetic centroid demo,18.625,73.84,73.67,synthetic,deterministic demo generator,28.33,47.01,1.44,81,0,synthetic,deterministic demo generator
2026-01-26T05:00:00+05:30,demo-centroid,Synthetic centroid demo,18.625,73.84,74.87,synthetic,deterministic demo generator,28.83,45.51,1.44,81,0,synthetic,deterministic demo generator
2026-01-26T06:00:00+05:30,demo-centroid,Synthetic centroid demo,18.625,73.84,75.28,synthetic,deterministic demo generator,29.0,45.0,1.44,81,0,synthetic,deterministic demo generator
2026-01-26T07:00:00+05:30,demo-centroid,Synthetic centroid demo,18.625,73.84,74.87,synthetic,deterministic demo generator,28.83,45.51,1.44,81,0,synthetic,deterministic demo generator
2026-01-26T08:00:00+05:30,demo-centroid,Synthetic centroid demo,18.625,73.84,73.67,synthetic,deterministic demo generator,28.33,47.01,1.44,81,0,synthetic,deterministic demo generator
2026-01-26T09:00:00+05:30,demo-centroid,Synthetic centroid demo,18.625,73.84,71.76,synthetic,deterministic demo generator,27.54,49.39,1.44,81,0,synthetic,deterministic demo generator
2026-01-26T10:00:00+05:30,demo-centroid,Synthetic centroid demo,18.625,73.84,69.28,synthetic,deterministic demo generator,26.5,52.5,1.44,81,0,synthetic,deterministic demo generator
2026-01-26T11:00:00+05:30,demo-centroid,Synthetic centroid demo,18.625,73.84,66.38,synthetic,deterministic demo generator,25.29,56.12,1.44,81,0,synthetic,deterministic demo generator
2026-01-26T12:00:00+05:30,demo-centroid,Synthetic centroid demo,18.625,73.84,63.28,synthetic,deterministic demo generator,24.0,60.0,1.44,81,0,synthetic,deterministic demo generator
2026-01-26T13:00:00+05:30,demo-centroid,Synthetic centroid demo,18.625,73.84,60.17,synthetic,deterministic demo generator,22.71,63.88,1.44,81,0,synthetic,deterministic demo generator
2026-01-26T14:00:00+05:30,demo-centroid,Synthetic centroid demo,18.625,73.84,57.28,synthetic,deterministic demo generator,21.5,67.5,1.44,81,0,synthetic,deterministic demo generator
2026-01-26T15:00:00+05:30,demo-centroid,Synthetic centroid demo,18.625,73.84,54.79,synthetic,deterministic demo generator,20.46,70.61,1.44,81,0,synthetic,deterministic demo generator
2026-01-26T16:00:00+05:30,demo-centroid,Synthetic centroid demo,18.625,73.84,52.89,synthetic,deterministic demo generator,19.67,72.99,1.44,81,0,synthetic,deterministic demo generator
2026-01-26T17:00:00+05:30,demo-centroid,Synthetic centroid demo,18.625,73.84,51.69,synthetic,deterministic demo generator,19.17,74.49,1.44,81,0,synthetic,deterministic demo generator
2026-01-26T18:00:00+05:30,demo-centroid,Synthetic centroid demo,18.625,73.84,51.28,synthetic,deterministic demo generator,19.0,75.0,1.44,81,0,synthetic,deterministic demo generator
2026-01-26T19:00:00+05:30,demo-centroid,Synthetic centroid demo,18.625,73.84,51.69,synthetic,deterministic demo generator,19.17,74.49,1.44,81,0,synthetic,deterministic demo generator
2026-01-26T20:00:00+05:30,demo-centroid,Synthetic centroid demo,18.625,73.84,52.89,synthetic,deterministic demo generator,19.67,72.99,1.44,81,0,synthetic,deterministic demo generator
2026-01-26T21:00:00+05:30,demo-centroid,Synthetic centroid demo,18.625,73.84,54.79,synthetic,deterministic demo generator,20.46,70.61,1.44,81,0,synthetic,deterministic demo generator
2026-01-26T22:00:00+05:30,demo-centroid,Synthetic centroid demo,18.625,73.84,57.28,synthetic,deterministic demo generator,21.5,67.5,1.44,81,0,synthetic,deterministic demo generator
2026-01-26T23:00:00+05:30,demo-centroid,Synthetic centroid demo,18.625,73.84,60.17,synthetic,deterministic demo generator,22.71,63.88,1.44,81,0,synthetic,deterministic demo generator
2026-01-27T00:00:00+05:30,demo-centroid,Synthetic centroid demo,18.625,73.84,64.26,synthetic,deterministic demo generator,24.0,60.0,1.66,94,0,synthetic,deterministic demo generator
2026-01-27T01:00:00+05:30,demo-centroid,Synthetic centroid demo,18.625,73.84,67.37,synthetic,deterministic demo generator,25.29,56.12,1.66,94,0,synthetic,deterministic demo generator
2026-01-27T02:00:00+05:30,demo-centroid,Synthetic centroid demo,18.625,73.84,70.26,synthetic,deterministic demo generator,26.5,52.5,1.66,94,0,synthetic,deterministic demo generator
2026-01-27T03:00:00+05:30,demo-centroid,Synthetic centroid demo,18.625,73.84,72.75,synthetic,deterministic demo generator,27.54,49.39,1.66,94,0,synthetic,deterministic demo generator
2026-01-27T04:00:00+05:30,demo-centroid,Synthetic centroid demo,18.625,73.84,74.66,synthetic,deterministic demo generator,28.33,47.01,1.66,94,0,synthetic,deterministic demo generator
2026-01-27T05:00:00+05:30,demo-centroid,Synthetic centroid demo,18.625,73.84,75.86,synthetic,deterministic demo generator,28.83,45.51,1.66,94,0,synthetic,deterministic demo generator
2026-01-27T06:00:00+05:30,demo-centroid,Synthetic centroid demo,18.625,73.84,76.26,synthetic,deterministic demo generator,29.0,45.0,1.66,94,0,synthetic,deterministic demo generator
2026-01-27T07:00:00+05:30,demo-centroid,Synthetic centroid demo,18.625,73.84,75.86,synthetic,deterministic demo generator,28.83,45.51,1.66,94,0,synthetic,deterministic demo generator
2026-01-27T08:00:00+05:30,demo-centroid,Synthetic centroid demo,18.625,73.84,74.66,synthetic,deterministic demo generator,28.33,47.01,1.66,94,0,synthetic,deterministic demo generator
2026-01-27T09:00:00+05:30,demo-centroid,Synthetic centroid demo,18.625,73.84,72.75,synthetic,deterministic demo generator,27.54,49.39,1.66,94,0,synthetic,deterministic demo generator
2026-01-27T10:00:00+05:30,demo-centroid,Synthetic centroid demo,18.625,73.84,70.26,synthetic,deterministic demo generator,26.5,52.5,1.66,94,0,synthetic,deterministic demo generator
2026-01-27T11:00:00+05:30,demo-centroid,Synthetic centroid demo,18.625,73.84,67.37,synthetic,deterministic demo generator,25.29,56.12,1.66,94,0,synthetic,deterministic demo generator
2026-01-27T12:00:00+05:30,demo-centroid,Synthetic centroid demo,18.625,73.84,64.26,synthetic,deterministic demo generator,24.0,60.0,1.66,94,0,synthetic,deterministic demo generator
2026-01-27T13:00:00+05:30,demo-centroid,Synthetic centroid demo,18.625,73.84,61.16,synthetic,deterministic demo generator,22.71,63.88,1.66,94,0,synthetic,deterministic demo generator
2026-01-27T14:00:00+05:30,demo-centroid,Synthetic centroid demo,18.625,73.84,58.26,synthetic,deterministic demo generator,21.5,67.5,1.66,94,0,synthetic,deterministic demo generator
2026-01-27T15:00:00+05:30,demo-centroid,Synthetic centroid demo,18.625,73.84,55.78,synthetic,deterministic demo generator,20.46,70.61,1.66,94,0,synthetic,deterministic demo generator
2026-01-27T16:00:00+05:30,demo-centroid,Synthetic centroid demo,18.625,73.84,53.87,synthetic,deterministic demo generator,19.67,72.99,1.66,94,0,synthetic,deterministic demo generator
2026-01-27T17:00:00+05:30,demo-centroid,Synthetic centroid demo,18.625,73.84,52.67,synthetic,deterministic demo generator,19.17,74.49,1.66,94,0,synthetic,deterministic demo generator
2026-01-27T18:00:00+05:30,demo-centroid,Synthetic centroid demo,18.625,73.84,52.26,synthetic,deterministic demo generator,19.0,75.0,1.66,94,0,synthetic,deterministic demo generator
2026-01-27T19:00:00+05:30,demo-centroid,Synthetic centroid demo,18.625,73.84,52.67,synthetic,deterministic demo generator,19.17,74.49,1.66,94,0,synthetic,deterministic demo generator
2026-01-27T20:00:00+05:30,demo-centroid,Synthetic centroid demo,18.625,73.84,53.87,synthetic,deterministic demo generator,19.67,72.99,1.66,94,0,synthetic,deterministic demo generator
2026-01-27T21:00:00+05:30,demo-centroid,Synthetic centroid demo,18.625,73.84,55.78,synthetic,deterministic demo generator,20.46,70.61,1.66,94,0,synthetic,deterministic demo generator
2026-01-27T22:00:00+05:30,demo-centroid,Synthetic centroid demo,18.625,73.84,58.26,synthetic,deterministic demo generator,21.5,67.5,1.66,94,0,synthetic,deterministic demo generator
2026-01-27T23:00:00+05:30,demo-centroid,Synthetic centroid demo,18.625,73.84,61.16,synthetic,deterministic demo generator,22.71,63.88,1.66,94,0,synthetic,deterministic demo generator
2026-01-28T00:00:00+05:30,demo-centroid,Synthetic centroid demo,18.625,73.84,65.11,synthetic,deterministic demo generator,24.0,60.0,1.91,107,0,synthetic,deterministic demo generator
2026-01-28T01:00:00+05:30,demo-centroid,Synthetic centroid demo,18.625,73.84,68.21,synthetic,deterministic demo generator,25.29,56.12,1.91,107,0,synthetic,deterministic demo generator
2026-01-28T02:00:00+05:30,demo-centroid,Synthetic centroid demo,18.625,73.84,71.11,synthetic,deterministic demo generator,26.5,52.5,1.91,107,0,synthetic,deterministic demo generator
2026-01-28T03:00:00+05:30,demo-centroid,Synthetic centroid demo,18.625,73.84,73.59,synthetic,deterministic demo generator,27.54,49.39,1.91,107,0,synthetic,deterministic demo generator
2026-01-28T04:00:00+05:30,demo-centroid,Synthetic centroid demo,18.625,73.84,75.5,synthetic,deterministic demo generator,28.33,47.01,1.91,107,0,synthetic,deterministic demo generator
2026-01-28T05:00:00+05:30,demo-centroid,Synthetic centroid demo,18.625,73.84,76.7,synthetic,deterministic demo generator,28.83,45.51,1.91,107,0,synthetic,deterministic demo generator
2026-01-28T06:00:00+05:30,demo-centroid,Synthetic centroid demo,18.625,73.84,77.11,synthetic,deterministic demo generator,29.0,45.0,1.91,107,0,synthetic,deterministic demo generator
2026-01-28T07:00:00+05:30,demo-centroid,Synthetic centroid demo,18.625,73.84,76.7,synthetic,deterministic demo generator,28.83,45.51,1.91,107,0,synthetic,deterministic demo generator
2026-01-28T08:00:00+05:30,demo-centroid,Synthetic centroid demo,18.625,73.84,75.5,synthetic,deterministic demo generator,28.33,47.01,1.91,107,0,synthetic,deterministic demo generator
2026-01-28T09:00:00+05:30,demo-centroid,Synthetic centroid demo,18.625,73.84,73.59,synthetic,deterministic demo generator,27.54,49.39,1.91,107,0,synthetic,deterministic demo generator
2026-01-28T10:00:00+05:30,demo-centroid,Synthetic centroid demo,18.625,73.84,71.11,synthetic,deterministic demo generator,26.5,52.5,1.91,107,0,synthetic,deterministic demo generator
2026-01-28T11:00:00+05:30,demo-centroid,Synthetic centroid demo,18.625,73.84,68.21,synthetic,deterministic demo generator,25.29,56.12,1.91,107,0,synthetic,deterministic demo generator
2026-01-28T12:00:00+05:30,demo-centroid,Synthetic centroid demo,18.625,73.84,65.11,synthetic,deterministic demo generator,24.0,60.0,1.91,107,0,synthetic,deterministic demo generator
2026-01-28T13:00:00+05:30,demo-centroid,Synthetic centroid demo,18.625,73.84,62.0,synthetic,deterministic demo generator,22.71,63.88,1.91,107,0,synthetic,deterministic demo generator
2026-01-28T14:00:00+05:30,demo-centroid,Synthetic centroid demo,18.625,73.84,59.11,synthetic,deterministic demo generator,21.5,67.5,1.91,107,0,synthetic,deterministic demo generator
2026-01-28T15:00:00+05:30,demo-centroid,Synthetic centroid demo,18.625,73.84,56.62,synthetic,deterministic demo generator,20.46,70.61,1.91,107,1.2,synthetic,deterministic demo generator
2026-01-28T16:00:00+05:30,demo-centroid,Synthetic centroid demo,18.625,73.84,54.72,synthetic,deterministic demo generator,19.67,72.99,1.91,107,0,synthetic,deterministic demo generator
2026-01-28T17:00:00+05:30,demo-centroid,Synthetic centroid demo,18.625,73.84,53.52,synthetic,deterministic demo generator,19.17,74.49,1.91,107,0,synthetic,deterministic demo generator
2026-01-28T18:00:00+05:30,demo-centroid,Synthetic centroid demo,18.625,73.84,53.11,synthetic,deterministic demo generator,19.0,75.0,1.91,107,0,synthetic,deterministic demo generator
2026-01-28T19:00:00+05:30,demo-centroid,Synthetic centroid demo,18.625,73.84,53.52,synthetic,deterministic demo generator,19.17,74.49,1.91,107,0,synthetic,deterministic demo generator
2026-01-28T20:00:00+05:30,demo-centroid,Synthetic centroid demo,18.625,73.84,54.72,synthetic,deterministic demo generator,19.67,72.99,1.91,107,0,synthetic,deterministic demo generator
2026-01-28T21:00:00+05:30,demo-centroid,Synthetic centroid demo,18.625,73.84,56.62,synthetic,deterministic demo generator,20.46,70.61,1.91,107,0,synthetic,deterministic demo generator
2026-01-28T22:00:00+05:30,demo-centroid,Synthetic centroid demo,18.625,73.84,59.11,synthetic,deterministic demo generator,21.5,67.5,1.91,107,0,synthetic,deterministic demo generator
2026-01-28T23:00:00+05:30,demo-centroid,Synthetic centroid demo,18.625,73.84,62.0,synthetic,deterministic demo generator,22.71,63.88,1.91,107,0,synthetic,deterministic demo generator
2026-01-29T00:00:00+05:30,demo-centroid,Synthetic centroid demo,18.625,73.84,65.79,synthetic,deterministic demo generator,24.0,60.0,2.15,120,0,synthetic,deterministic demo generator
2026-01-29T01:00:00+05:30,demo-centroid,Synthetic centroid demo,18.625,73.84,68.9,synthetic,deterministic demo generator,25.29,56.12,2.15,120,0,synthetic,deterministic demo generator
2026-01-29T02:00:00+05:30,demo-centroid,Synthetic centroid demo,18.625,73.84,71.79,synthetic,deterministic demo generator,26.5,52.5,2.15,120,0,synthetic,deterministic demo generator
2026-01-29T03:00:00+05:30,demo-centroid,Synthetic centroid demo,18.625,73.84,74.28,synthetic,deterministic demo generator,27.54,49.39,2.15,120,0,synthetic,deterministic demo generator
2026-01-29T04:00:00+05:30,demo-centroid,Synthetic centroid demo,18.625,73.84,76.18,synthetic,deterministic demo generator,28.33,47.01,2.15,120,0,synthetic,deterministic demo generator
2026-01-29T05:00:00+05:30,demo-centroid,Synthetic centroid demo,18.625,73.84,77.38,synthetic,deterministic demo generator,28.83,45.51,2.15,120,0,synthetic,deterministic demo generator
2026-01-29T06:00:00+05:30,demo-centroid,Synthetic centroid demo,18.625,73.84,77.79,synthetic,deterministic demo generator,29.0,45.0,2.15,120,0,synthetic,deterministic demo generator
2026-01-29T07:00:00+05:30,demo-centroid,Synthetic centroid demo,18.625,73.84,77.38,synthetic,deterministic demo generator,28.83,45.51,2.15,120,0,synthetic,deterministic demo generator
2026-01-29T08:00:00+05:30,demo-centroid,Synthetic centroid demo,18.625,73.84,76.18,synthetic,deterministic demo generator,28.33,47.01,2.15,120,0,synthetic,deterministic demo generator
2026-01-29T09:00:00+05:30,demo-centroid,Synthetic centroid demo,18.625,73.84,74.28,synthetic,deterministic demo generator,27.54,49.39,2.15,120,0,synthetic,deterministic demo generator
2026-01-29T10:00:00+05:30,demo-centroid,Synthetic centroid demo,18.625,73.84,71.79,synthetic,deterministic demo generator,26.5,52.5,2.15,120,0,synthetic,deterministic demo generator
2026-01-29T11:00:00+05:30,demo-centroid,Synthetic centroid demo,18.625,73.84,68.9,synthetic,deterministic demo generator,25.29,56.12,2.15,120,0,synthetic,deterministic demo generator
2026-01-29T12:00:00+05:30,demo-centroid,Synthetic centroid demo,18.625,73.84,65.79,synthetic,deterministic demo generator,24.0,60.0,2.15,120,0,synthetic,deterministic demo generator
2026-01-29T13:00:00+05:30,demo-centroid,Synthetic centroid demo,18.625,73.84,62.68,synthetic,deterministic demo generator,22.71,63.88,2.15,120,0,synthetic,deterministic demo generator
2026-01-29T14:00:00+05:30,demo-centroid,Synthetic centroid demo,18.625,73.84,59.79,synthetic,deterministic demo generator,21.5,67.5,2.15,120,0,synthetic,deterministic demo generator
2026-01-29T15:00:00+05:30,demo-centroid,Synthetic centroid demo,18.625,73.84,57.31,synthetic,deterministic demo generator,20.46,70.61,2.15,120,0,synthetic,deterministic demo generator
2026-01-29T16:00:00+05:30,demo-centroid,Synthetic centroid demo,18.625,73.84,55.4,synthetic,deterministic demo generator,19.67,72.99,2.15,120,0,synthetic,deterministic demo generator
2026-01-29T17:00:00+05:30,demo-centroid,Synthetic centroid demo,18.625,73.84,54.2,synthetic,deterministic demo generator,19.17,74.49,2.15,120,0,synthetic,deterministic demo generator
2026-01-29T18:00:00+05:30,demo-centroid,Synthetic centroid demo,18.625,73.84,53.79,synthetic,deterministic demo generator,19.0,75.0,2.15,120,0,synthetic,deterministic demo generator
2026-01-29T19:00:00+05:30,demo-centroid,Synthetic centroid demo,18.625,73.84,54.2,synthetic,deterministic demo generator,19.17,74.49,2.15,120,0,synthetic,deterministic demo generator
2026-01-29T20:00:00+05:30,demo-centroid,Synthetic centroid demo,18.625,73.84,55.4,synthetic,deterministic demo generator,19.67,72.99,2.15,120,0,synthetic,deterministic demo generator
2026-01-29T21:00:00+05:30,demo-centroid,Synthetic centroid demo,18.625,73.84,57.31,synthetic,deterministic demo generator,20.46,70.61,2.15,120,0,synthetic,deterministic demo generator
2026-01-29T22:00:00+05:30,demo-centroid,Synthetic centroid demo,18.625,73.84,59.79,synthetic,deterministic demo generator,21.5,67.5,2.15,120,0,synthetic,deterministic demo generator
2026-01-29T23:00:00+05:30,demo-centroid,Synthetic centroid demo,18.625,73.84,62.68,synthetic,deterministic demo generator,22.71,63.88,2.15,120,0,synthetic,deterministic demo generator
2026-01-30T00:00:00+05:30,demo-centroid,Synthetic centroid demo,18.625,73.84,66.3,synthetic,deterministic demo generator,24.0,60.0,2.39,133,0,synthetic,deterministic demo generator
2026-01-30T01:00:00+05:30,demo-centroid,Synthetic centroid demo,18.625,73.84,69.4,synthetic,deterministic demo generator,25.29,56.12,2.39,133,0,synthetic,deterministic demo generator
2026-01-30T02:00:00+05:30,demo-centroid,Synthetic centroid demo,18.625,73.84,72.3,synthetic,deterministic demo generator,26.5,52.5,2.39,133,0,synthetic,deterministic demo generator
2026-01-30T03:00:00+05:30,demo-centroid,Synthetic centroid demo,18.625,73.84,74.78,synthetic,deterministic demo generator,27.54,49.39,2.39,133,0,synthetic,deterministic demo generator
2026-01-30T04:00:00+05:30,demo-centroid,Synthetic centroid demo,18.625,73.84,76.69,synthetic,deterministic demo generator,28.33,47.01,2.39,133,0,synthetic,deterministic demo generator
2026-01-30T05:00:00+05:30,demo-centroid,Synthetic centroid demo,18.625,73.84,77.89,synthetic,deterministic demo generator,28.83,45.51,2.39,133,0,synthetic,deterministic demo generator
2026-01-30T06:00:00+05:30,demo-centroid,Synthetic centroid demo,18.625,73.84,78.3,synthetic,deterministic demo generator,29.0,45.0,2.39,133,0,synthetic,deterministic demo generator
2026-01-30T07:00:00+05:30,demo-centroid,Synthetic centroid demo,18.625,73.84,77.89,synthetic,deterministic demo generator,28.83,45.51,2.39,133,0,synthetic,deterministic demo generator
2026-01-30T08:00:00+05:30,demo-centroid,Synthetic centroid demo,18.625,73.84,76.69,synthetic,deterministic demo generator,28.33,47.01,2.39,133,0,synthetic,deterministic demo generator
2026-01-30T09:00:00+05:30,demo-centroid,Synthetic centroid demo,18.625,73.84,74.78,synthetic,deterministic demo generator,27.54,49.39,2.39,133,0,synthetic,deterministic demo generator
2026-01-30T10:00:00+05:30,demo-centroid,Synthetic centroid demo,18.625,73.84,72.3,synthetic,deterministic demo generator,26.5,52.5,2.39,133,0,synthetic,deterministic demo generator
2026-01-30T11:00:00+05:30,demo-centroid,Synthetic centroid demo,18.625,73.84,69.4,synthetic,deterministic demo generator,25.29,56.12,2.39,133,0,synthetic,deterministic demo generator
2026-01-30T12:00:00+05:30,demo-centroid,Synthetic centroid demo,18.625,73.84,66.3,synthetic,deterministic demo generator,24.0,60.0,2.39,133,0,synthetic,deterministic demo generator
2026-01-30T13:00:00+05:30,demo-centroid,Synthetic centroid demo,18.625,73.84,63.19,synthetic,deterministic demo generator,22.71,63.88,2.39,133,0,synthetic,deterministic demo generator
2026-01-30T14:00:00+05:30,demo-centroid,Synthetic centroid demo,18.625,73.84,60.3,synthetic,deterministic demo generator,21.5,67.5,2.39,133,0,synthetic,deterministic demo generator
2026-01-30T15:00:00+05:30,demo-centroid,Synthetic centroid demo,18.625,73.84,57.81,synthetic,deterministic demo generator,20.46,70.61,2.39,133,0,synthetic,deterministic demo generator
2026-01-30T16:00:00+05:30,demo-centroid,Synthetic centroid demo,18.625,73.84,55.9,synthetic,deterministic demo generator,19.67,72.99,2.39,133,0,synthetic,deterministic demo generator
2026-01-30T17:00:00+05:30,demo-centroid,Synthetic centroid demo,18.625,73.84,54.7,synthetic,deterministic demo generator,19.17,74.49,2.39,133,0,synthetic,deterministic demo generator
2026-01-30T18:00:00+05:30,demo-centroid,Synthetic centroid demo,18.625,73.84,54.3,synthetic,deterministic demo generator,19.0,75.0,2.39,133,0,synthetic,deterministic demo generator
2026-01-30T19:00:00+05:30,demo-centroid,Synthetic centroid demo,18.625,73.84,54.7,synthetic,deterministic demo generator,19.17,74.49,2.39,133,0,synthetic,deterministic demo generator
2026-01-30T20:00:00+05:30,demo-centroid,Synthetic centroid demo,18.625,73.84,55.9,synthetic,deterministic demo generator,19.67,72.99,2.39,133,0,synthetic,deterministic demo generator
2026-01-30T21:00:00+05:30,demo-centroid,Synthetic centroid demo,18.625,73.84,57.81,synthetic,deterministic demo generator,20.46,70.61,2.39,133,0,synthetic,deterministic demo generator
2026-01-30T22:00:00+05:30,demo-centroid,Synthetic centroid demo,18.625,73.84,60.3,synthetic,deterministic demo generator,21.5,67.5,2.39,133,0,synthetic,deterministic demo generator
2026-01-30T23:00:00+05:30,demo-centroid,Synthetic centroid demo,18.625,73.84,63.19,synthetic,deterministic demo generator,22.71,63.88,2.39,133,0,synthetic,deterministic demo generator
2026-01-31T00:00:00+05:30,demo-centroid,Synthetic centroid demo,18.625,73.84,66.61,synthetic,deterministic demo generator,24.0,60.0,2.61,146,0,synthetic,deterministic demo generator
2026-01-31T01:00:00+05:30,demo-centroid,Synthetic centroid demo,18.625,73.84,69.72,synthetic,deterministic demo generator,25.29,56.12,2.61,146,0,synthetic,deterministic demo generator
2026-01-31T02:00:00+05:30,demo-centroid,Synthetic centroid demo,18.625,73.84,72.61,synthetic,deterministic demo generator,26.5,52.5,2.61,146,0,synthetic,deterministic demo generator
2026-01-31T03:00:00+05:30,demo-centroid,Synthetic centroid demo,18.625,73.84,75.1,synthetic,deterministic demo generator,27.54,49.39,2.61,146,0,synthetic,deterministic demo generator
2026-01-31T04:00:00+05:30,demo-centroid,Synthetic centroid demo,18.625,73.84,77.01,synthetic,deterministic demo generator,28.33,47.01,2.61,146,0,synthetic,deterministic demo generator
2026-01-31T05:00:00+05:30,demo-centroid,Synthetic centroid demo,18.625,73.84,78.2,synthetic,deterministic demo generator,28.83,45.51,2.61,146,0,synthetic,deterministic demo generator
2026-01-31T06:00:00+05:30,demo-centroid,Synthetic centroid demo,18.625,73.84,78.61,synthetic,deterministic demo generator,29.0,45.0,2.61,146,0,synthetic,deterministic demo generator
2026-01-31T07:00:00+05:30,demo-centroid,Synthetic centroid demo,18.625,73.84,78.2,synthetic,deterministic demo generator,28.83,45.51,2.61,146,0,synthetic,deterministic demo generator
2026-01-31T08:00:00+05:30,demo-centroid,Synthetic centroid demo,18.625,73.84,77.01,synthetic,deterministic demo generator,28.33,47.01,2.61,146,0,synthetic,deterministic demo generator
2026-01-31T09:00:00+05:30,demo-centroid,Synthetic centroid demo,18.625,73.84,75.1,synthetic,deterministic demo generator,27.54,49.39,2.61,146,0,synthetic,deterministic demo generator
2026-01-31T10:00:00+05:30,demo-centroid,Synthetic centroid demo,18.625,73.84,72.61,synthetic,deterministic demo generator,26.5,52.5,2.61,146,0,synthetic,deterministic demo generator
2026-01-31T11:00:00+05:30,demo-centroid,Synthetic centroid demo,18.625,73.84,69.72,synthetic,deterministic demo generator,25.29,56.12,2.61,146,0,synthetic,deterministic demo generator
2026-01-31T12:00:00+05:30,demo-centroid,Synthetic centroid demo,18.625,73.84,66.61,synthetic,deterministic demo generator,24.0,60.0,2.61,146,0,synthetic,deterministic demo generator
2026-01-31T13:00:00+05:30,demo-centroid,Synthetic centroid demo,18.625,73.84,63.51,synthetic,deterministic demo generator,22.71,63.88,2.61,146,0,synthetic,deterministic demo generator
2026-01-31T14:00:00+05:30,demo-centroid,Synthetic centroid demo,18.625,73.84,60.61,synthetic,deterministic demo generator,21.5,67.5,2.61,146,0,synthetic,deterministic demo generator
2026-01-31T15:00:00+05:30,demo-centroid,Synthetic centroid demo,18.625,73.84,58.13,synthetic,deterministic demo generator,20.46,70.61,2.61,146,0,synthetic,deterministic demo generator
2026-01-31T16:00:00+05:30,demo-centroid,Synthetic centroid demo,18.625,73.84,56.22,synthetic,deterministic demo generator,19.67,72.99,2.61,146,0,synthetic,deterministic demo generator
2026-01-31T17:00:00+05:30,demo-centroid,Synthetic centroid demo,18.625,73.84,55.02,synthetic,deterministic demo generator,19.17,74.49,2.61,146,0,synthetic,deterministic demo generator
2026-01-31T18:00:00+05:30,demo-centroid,Synthetic centroid demo,18.625,73.84,54.61,synthetic,deterministic demo generator,19.0,75.0,2.61,146,0,synthetic,deterministic demo generator
2026-01-31T19:00:00+05:30,demo-centroid,Synthetic centroid demo,18.625,73.84,55.02,synthetic,deterministic demo generator,19.17,74.49,2.61,146,0,synthetic,deterministic demo generator
2026-01-31T20:00:00+05:30,demo-centroid,Synthetic centroid demo,18.625,73.84,56.22,synthetic,deterministic demo generator,19.67,72.99,2.61,146,0,synthetic,deterministic demo generator
2026-01-31T21:00:00+05:30,demo-centroid,Synthetic centroid demo,18.625,73.84,58.13,synthetic,deterministic demo generator,20.46,70.61,2.61,146,0,synthetic,deterministic demo generator
2026-01-31T22:00:00+05:30,demo-centroid,Synthetic centroid demo,18.625,73.84,60.61,synthetic,deterministic demo generator,21.5,67.5,2.61,146,0,synthetic,deterministic demo generator
2026-01-31T23:00:00+05:30,demo-centroid,Synthetic centroid demo,18.625,73.84,63.51,synthetic,deterministic demo generator,22.71,63.88,2.61,146,0,synthetic,deterministic demo generator
